strategy,trial_id,p_bb_period,p_bb_num_std,p_entry_window_end_bar,p_take_profit_pct,p_stop_loss_pct,train_calmar,train_sharpe,train_mdd,train_profit_factor,train_win_rate,train_total_trades,train_total_return,test_calmar,test_sharpe,test_mdd,test_profit_factor,test_win_rate,test_total_trades,test_total_return,overfit_ratio,monthly_trades,gates_passed,gate_calmar_ok,pass_stage1,error,pass_stage1_v1,gates_passed_v2,pass_stage1_v2
bb_lower_bounce,0,35,1.5,60,3.75,-2.0,-1.2955196232801425,-0.3245928527658707,-0.4342576915678175,0.8002987734983172,0.3855646970830217,2674,-0.3407963115152558,-2.5128336984551853,-0.8231796846913672,-0.3785194344633807,0.4666614138093248,0.2922077922077922,924,-0.3657207063515096,,462.0,2,False,False,,False,2,False
bb_lower_bounce,1,15,1.75,120,3.75,-2.75,-0.0299963820772207,0.0005529249257724,-0.2170773651506293,1.0064203747421154,0.4744864148442677,3018,-0.0032869241768537,-2.685455092050964,-0.6403083086333441,-0.3417059014575411,0.6436629893875438,0.3632958801498127,1335,-0.3137217968865982,,667.5,3,False,False,,False,3,False
bb_lower_bounce,2,35,2.75,300,1.25,-1.5,-1.100968143735937,-1.839937570613449,-0.8986061480364349,0.5117814854205572,0.4806835066864784,10768,-0.8985810501106111,-1.3342459327942071,-2.273131304061759,-0.7494074698520126,0.362014337722829,0.4273816778387162,4923,-0.7483931518088689,,2461.5,3,False,False,,False,3,False
bb_lower_bounce,3,10,1.5,90,1.75,-2.25,-1.3353076986721462,-0.7554589313700965,-0.6468365691964387,0.6936600828649822,0.5444321533923304,5424,-0.6337548580044055,-1.8095147689309248,-1.366702151952101,-0.5496519052225656,0.4364169683040719,0.4454191033138401,2052,-0.5449909150588087,,1026.0,3,False,False,,False,3,False
bb_lower_bounce,4,30,2.5,60,3.0,-2.25,-1.3469148654630696,-0.3185643556835107,-0.4177756431643415,0.8110285322408534,0.4521620701395982,2937,-0.3408865953985911,-2.3607582094813018,-0.966701854813659,-0.4097122610415974,0.4226350263888713,0.3410404624277456,1038,-0.4027720727881476,,519.0,2,False,False,,False,2,False
bb_lower_bounce,5,35,2.75,300,2.5,-2.25,-1.412489411116281,-0.4389577766343216,-0.4653647733513597,0.8094375324940201,0.4765412950756107,5158,-0.4170961794509089,-1.9112904293996689,-0.982572629797752,-0.5180213803953344,0.54989748452947,0.3948781495249897,2421,-0.5013162545205448,,1210.5,3,False,False,,False,3,False
bb_lower_bounce,6,25,2.5,180,4.0,-3.0,0.5224095323314397,0.041707164938502,-0.1921777814129264,1.03460565471389,0.484240687679083,2792,0.0493956993669364,-2.47185944568339,-0.4983080137834795,-0.3655447836554432,0.6691775845426431,0.3613251155624037,1298,-0.2972157389852992,-4.731650731279408,649.0,3,False,False,,False,3,False
bb_lower_bounce,7,40,3.0,120,3.75,-1.5,-1.3604060717772644,-0.4169607323814277,-0.4941922841536088,0.7822948878979353,0.309217046580773,4036,-0.4300798009457741,-2.352626400840161,-0.9504594572559888,-0.4117937873818074,0.533201819166842,0.2399309551208285,1738,-0.4071640865246827,,869.0,2,False,False,,False,2,False
bb_lower_bounce,8,20,2.0,120,1.75,-1.75,-1.2941920843223118,-0.9092462816625,-0.7032158414716213,0.6624457294197512,0.4837282780410742,6330,-0.7030133535324123,-1.6507755744491894,-1.5558581739937924,-0.6044850431057526,0.4052981821495691,0.3880712625871417,2582,-0.6044850431057527,,1291.0,3,False,False,,False,3,False
bb_lower_bounce,9,10,1.5,240,1.25,-1.75,-1.1168655419861502,-1.7697121648902447,-0.882512652836452,0.5272105263830678,0.5230754500191498,10444,-0.8822006767678455,-1.2929728211831484,-2.4449954011055635,-0.7733699371518074,0.3511513499548533,0.4553320354747999,4623,-0.772963491706559,,2311.5,3,False,False,,False,3,False
bb_lower_bounce,10,40,2.0,330,2.0,-3.0,-1.4315892712684637,-0.3012436112926615,-0.36571502068034,0.8517100102724395,0.6003362050851019,4759,-0.3117768818303245,-2.197343447954148,-0.7516111766087872,-0.4407547500463195,0.6112949512221595,0.51497277676951,2204,-0.4062871306460475,,1102.0,3,False,False,,False,3,False
bb_lower_bounce,11,35,2.25,300,1.25,-1.5,-1.1018251590462993,-1.8447169563629624,-0.897743050584037,0.5123726771282472,0.48035015831626,10738,-0.8977177390165039,-1.331472806943239,-2.278156010157041,-0.7509715405774338,0.3606420494626502,0.4284837323511357,4887,-0.7499635533900286,,2443.5,3,False,False,,False,3,False
bb_lower_bounce,12,10,2.5,180,3.5,-1.75,-1.3901814901865477,-0.5576448729337027,-0.5352820952409774,0.7741454467216028,0.347919515530377,5119,-0.4969019508943456,-1.8069669642633717,-1.22662423297402,-0.550502410074055,0.4882891608353582,0.259691538140892,2399,-0.5467443314841118,,1199.5,2,False,False,,False,2,False
bb_lower_bounce,13,30,1.75,90,1.0,-2.25,-1.227369745810608,-1.1038570150877858,-0.7706384296406377,0.5191890185068987,0.645224518888097,5612,-0.7699933973447308,-1.6670102764462829,-1.7343028141753198,-0.5984633524431805,0.2768869359449974,0.5387341772151899,1975,-0.5984633524431804,,987.5,3,False,False,,False,3,False
bb_lower_bounce,14,40,2.0,90,1.75,-2.75,-1.3891332331555908,-0.331204305495842,-0.4006776493240251,0.8076183278504017,0.6158349595762476,3587,-0.3362586313522154,-2.6045598000722663,-0.8307463858277504,-0.3625854041390752,0.4996946186162865,0.5141287284144427,1274,-0.3531638950870803,,637.0,3,False,False,,False,3,False
bb_lower_bounce,15,25,2.0,270,3.5,-1.75,-1.388499300735071,-0.4290406961142412,-0.4641839886749992,0.8200121908612533,0.3543200309957381,5162,-0.406219906856254,-1.8284914430527093,-1.099665110364575,-0.5423541251542057,0.5258983342852693,0.2746763754045307,2472,-0.5143873258516102,,1236.0,2,False,False,,False,2,False
bb_lower_bounce,16,15,2.0,210,1.75,-2.0,-1.2790126949929828,-1.0209896786146304,-0.7159152525356289,0.6562301473431209,0.5066461452357632,7147,-0.7124304892169266,-1.5658298403354909,-1.713589418290175,-0.6378680589966554,0.4181953465027692,0.419220945083014,3132,-0.6369649031738198,,1566.0,3,False,False,,False,3,False
bb_lower_bounce,17,35,2.75,360,1.25,-2.5,-1.312462711059993,-0.8974447620366659,-0.6782455864028385,0.6646690707655747,0.6270796007166624,7814,-0.6714891170628534,-1.7217202372891127,-0.9137794241841214,-0.5788186162225976,0.5416228006414942,0.5562568605927553,3644,-0.5749327004619773,,1822.0,3,False,False,,False,3,False
bb_lower_bounce,18,30,2.75,150,1.5,-1.25,-1.1036004497566527,-1.680857041149702,-0.8959410998766326,0.5046525884821144,0.401366056957629,8638,-0.8958573528063182,-1.3443363413423923,-2.4092887888248544,-0.7437723913275005,0.2943078890788105,0.3231227975060992,3689,-0.7437723913275005,,1844.5,2,False,False,,False,2,False
bb_lower_bounce,19,25,2.0,360,3.75,-1.0,-1.2345088680547376,-1.1114253120009558,-0.7609283260440354,0.6625260253655854,0.2205111402359108,9156,-0.7564976301564896,-1.4744582610643149,-1.1451338207164228,-0.6778294537955212,0.5133788736833269,0.1712358572671888,4596,-0.6759110947907923,,2298.0,2,False,False,,False,2,False
bb_lower_bounce,20,15,2.75,210,4.0,-3.0,-0.1809900349482074,-0.0157384826267581,-0.2455591009085054,0.9962349854828236,0.4747340425531915,3008,-0.022650758013191,-2.427211057301934,-0.6046276805315574,-0.3807102830890773,0.6414884048026016,0.3634482758620689,1450,-0.3220800043064117,,725.0,3,False,False,,False,3,False
bb_lower_bounce,21,15,3.0,60,4.0,-1.75,-1.2463673871759893,-0.2561800928548408,-0.4042111019798738,0.8582198601096869,0.3423076923076923,3380,-0.2975383197795141,-2.38577174772155,-0.8335550183946457,-0.4027815478752968,0.5327460847262532,0.2481203007518796,1330,-0.3867549491042443,,665.0,2,False,False,,False,2,False
bb_lower_bounce,22,25,2.0,90,1.75,-1.75,-1.2923024763583184,-0.817057495495763,-0.6835850115195846,0.6505610961143252,0.4881020369312773,5253,-0.661430119702471,-1.709554612857629,-1.5457008816707671,-0.5830826120236363,0.3748151141324194,0.3839641434262948,2008,-0.5797039929415868,,1004.0,3,False,False,,False,3,False
bb_lower_bounce,23,15,2.75,270,2.5,-1.25,-1.1919363015193774,-1.2844187789004236,-0.8066508817709646,0.6282871149175809,0.3144433832112915,9423,-0.8062459240160502,-1.3894978545706689,-2.124783866281837,-0.7195266744197288,0.4167946178440221,0.2528735632183908,4350,-0.7193074883026074,,2175.0,2,False,False,,False,2,False
bb_lower_bounce,24,15,2.0,120,1.75,-1.0,-1.053221443303822,-2.0384581346910986,-0.946636470124784,0.4773052774929501,0.3208813219829745,9985,-0.946636470124784,-1.2559147096406695,-2.6875479123042547,-0.7962114208149401,0.3131138104903176,0.2594182164997615,4194,-0.796052162791765,,2097.0,2,False,False,,False,2,False
bb_lower_bounce,25,30,2.0,330,2.5,-1.5,-1.2842142726500383,-0.9843104674324638,-0.7098458124105838,0.6823893485526473,0.3629042566790234,7823,-0.7055171983160711,-1.4840638239287751,-1.6813016705363992,-0.6734192643897096,0.4434420786404318,0.2941657579062159,3668,-0.6730555436983119,,1834.0,2,False,False,,False,2,False
bb_lower_bounce,26,20,1.75,120,3.0,-1.25,-1.3044277812443894,-0.8390791696938998,-0.6886847687682103,0.6789296376528171,0.295310725296122,6163,-0.6840370558345465,-1.7055231279052523,-1.484038667486675,-0.5846006767418389,0.4343164749187589,0.2233637747336377,2628,-0.5846006767418389,,1314.0,2,False,False,,False,2,False
bb_lower_bounce,27,10,3.0,60,1.25,-2.5,-1.2457553854112895,-1.0035588572043892,-0.751976096670636,0.5795049503995591,0.6262135922330098,5150,-0.7513006136242644,-1.8647457063845,-1.3340953974780538,-0.5327502108816872,0.3920406841275434,0.5434663750683434,1829,-0.5314387941919223,,914.5,3,False,False,,False,3,False
bb_lower_bounce,28,35,1.75,360,2.5,-2.75,-1.4318820511378114,-0.3126248712984073,-0.3634571828247736,0.853291085321506,0.5320665083135392,4631,-0.3095049969663258,-2.068514706464684,-0.7025079047087285,-0.4723631438749223,0.618932179891863,0.4536996012405848,2257,-0.434149268254214,,1128.5,3,False,False,,False,3,False
bb_lower_bounce,29,25,2.25,330,2.75,-1.0,-1.1488061752110346,-1.5012103486281196,-0.8503945230533018,0.5962840253619415,0.2551421519334491,10939,-0.8503945230533018,-1.3167487119660763,-1.9852167846932256,-0.7593846531199778,0.4075636415233908,0.2026920031670625,5052,-0.7583336721291161,,2526.0,2,False,False,,False,2,False
bb_lower_bounce,30,20,2.5,60,3.5,-2.75,-0.4717710040977415,-0.0452738182250076,-0.2387270902984226,0.974690074777741,0.4916569654637175,2577,-0.0584404571851018,-2.797175334720839,-0.6055204473248488,-0.3238672501397933,0.5895618761934033,0.376753507014028,998,-0.2998123483513352,,499.0,3,False,False,,False,3,False
bb_lower_bounce,31,35,2.5,180,4.0,-1.75,-1.3384118201597297,-0.3797459977401917,-0.4574221116168136,0.812663220026023,0.3302302792748652,4082,-0.3796160135871219,-1.9350660726111408,-1.0874486078012426,-0.5112601939031008,0.4755005042050224,0.2424557752341311,1922,-0.4956787941030642,,961.0,2,False,False,,False,2,False
bb_lower_bounce,32,10,2.0,240,1.5,-1.25,-1.0630915174833089,-2.1452871844875814,-0.936670785079651,0.4939699096107448,0.3966137739244234,12226,-0.9363324474395835,-1.2070056262758606,-2.686731555468553,-0.8284896105533717,0.3273492322851921,0.3392188336008561,5607,-0.8284275038487168,,2803.5,2,False,False,,False,2,False
bb_lower_bounce,33,10,2.75,180,3.0,-2.5,-1.345459947796755,-0.3005748845426236,-0.3802785158237009,0.86228603976232,0.4767932489451477,4266,-0.3031639327706947,-1.9830198277226496,-1.1282776564797532,-0.4981764420886089,0.5022049330455688,0.3700993204391009,1913,-0.4860392456190495,,956.5,3,False,False,,False,3,False
bb_lower_bounce,34,30,1.5,360,2.0,-1.0,-1.0717792567319948,-2.0534873680223384,-0.927974159718146,0.5153841899589027,0.2971109906281465,12911,-0.9279111652365798,-1.1788716340310528,-2.211978230108984,-0.8482656198293135,0.3536412690354747,0.2463037634408602,5952,-0.8481834388740235,,2976.0,2,False,False,,False,2,False
bb_lower_bounce,35,30,1.75,120,2.25,-2.5,-1.3726464886663423,-0.4131153855123393,-0.4653278808923808,0.7952092451106633,0.5294264339152119,4010,-0.4013666591698371,-2.2735938536006475,-0.9548116367258388,-0.4271157325422397,0.5079197492547526,0.4333120612635609,1567,-0.4139414266468143,,783.5,3,False,False,,False,3,False
bb_lower_bounce,36,30,3.0,300,1.0,-1.75,-1.1146188434658997,-1.7893952802602826,-0.8848511993900698,0.5100116535646011,0.5668687589158345,11216,-0.884809662781116,-1.2845898302288334,-2.5194414044732407,-0.7784230337518439,0.3261227547666137,0.5023059955885302,4987,-0.7784230337518439,,2493.5,3,False,False,,False,3,False
bb_lower_bounce,37,25,1.5,90,2.25,-2.0,-1.429770230767348,-0.4973835242245109,-0.5074978709047152,0.7654142209444782,0.4796805261921541,4257,-0.4788543065915784,-2.0132330424227978,-1.0549775643175454,-0.4892464280998133,0.4653321335646656,0.3760896637608966,1606,-0.4689814004733896,,803.0,3,False,False,,False,3,False
bb_lower_bounce,38,15,1.5,150,3.25,-2.75,-0.9993869148543232,-0.1393295118665731,-0.297005456378962,0.927389922057412,0.4901174448582068,3491,-0.1626147089181775,-2.2341108782680243,-0.9166456909892092,-0.4343882550257887,0.5563250429451929,0.3759640102827764,1556,-0.4120748261892322,,778.0,3,False,False,,False,3,False
bb_lower_bounce,39,10,2.75,270,1.25,-1.0,-1.0163255615233011,-3.154806085694023,-0.9836550615732864,0.4035949286221131,0.3665092854894554,15885,-0.9836210093816884,-1.0958135588681197,-3.471435019536001,-0.9125639082602536,0.2690055693423714,0.325355670788459,7521,-0.9125484593714984,,3760.5,2,False,False,,False,2,False
bb_lower_bounce,40,40,1.75,120,3.5,-1.25,-1.3437318929895348,-0.6824408189870815,-0.6251494987942006,0.685960084284406,0.2725552050473186,4755,-0.6029399860257985,-1.9690418814219648,-1.234909058710001,-0.5027461439891661,0.4551542748061968,0.2052683896620278,2012,-0.500102295773622,,1006.0,2,False,False,,False,2,False
bb_lower_bounce,41,30,1.75,180,3.0,-1.5,-1.3203405929012333,-0.7987300128940691,-0.6552358631396306,0.6911124818039733,0.3311387900355872,5620,-0.6356677246825329,-1.587817408166993,-1.6409959588472651,-0.6288912789893556,0.3679526141819065,0.2456349206349206,2520,-0.6273568074208068,,1260.0,2,False,False,,False,2,False
bb_lower_bounce,42,15,2.5,150,3.75,-2.0,-1.3028627864609432,-0.2809312731503357,-0.3902609912102806,0.8663222891037017,0.37863121614968,4062,-0.300871497178329,-2.1217670321903017,-0.9637978275673176,-0.4617197452227644,0.5411930792636999,0.2835188129305776,1887,-0.4442179939422116,,943.5,2,False,False,,False,2,False
bb_lower_bounce,43,25,2.75,360,2.25,-1.25,-1.1736890092772954,-1.3505552089404729,-0.8252806626785603,0.6235810171861711,0.3414539829853055,10344,-0.8252806626785603,-1.4158223272598816,-1.360699950576672,-0.7060695878751511,0.5033349201827203,0.279135528176126,4951,-0.7013277180439685,,2475.5,2,False,False,,False,2,False
bb_lower_bounce,44,30,2.25,90,1.75,-2.25,-1.3571192751135863,-0.6182462243583562,-0.5845495763195998,0.698207385643525,0.5549412577747063,4341,-0.5481964570901448,-1.8926728792499865,-1.359883540423772,-0.5245365015277919,0.3755935039514242,0.4330413016270338,1598,-0.5245365015277919,,799.0,3,False,False,,False,3,False
bb_lower_bounce,45,10,2.0,60,3.25,-1.0,-1.185559953773214,-1.0690741101766796,-0.8124422281649196,0.6038143971018024,0.236812205810745,6161,-0.8106614911871698,-1.7149490858557253,-1.3593448911015602,-0.5811487794253182,0.4185948989798368,0.1840247131509267,2266,-0.5763798626248293,,1133.0,2,False,False,,False,2,False
bb_lower_bounce,46,15,2.5,150,1.0,-2.75,-1.2548532791953968,-1.0980206166262678,-0.7432016411941396,0.5738041581860434,0.6838430386817483,7161,-0.7431660142847833,-1.6527880570812252,-1.6619629901608737,-0.6037305614472245,0.3693757835962936,0.5961877867984469,2833,-0.6036369931275118,,1416.5,3,False,False,,False,3,False
bb_lower_bounce,47,35,2.75,60,1.75,-2.75,-1.4274306974043354,-0.4780996861209089,-0.4838341245670333,0.7212871030123363,0.6051707628471114,3133,-0.446381828001145,-2.4610284664087305,-0.882563265309416,-0.39029872767544,0.4341324587627523,0.4947768281101614,1053,-0.3857918484918258,,526.5,3,False,False,,False,3,False
bb_lower_bounce,48,10,3.0,210,1.25,-1.0,-1.0170734778763573,-3.022417123324471,-0.982905536006672,0.3981370934481614,0.366814066119183,14247,-0.9828699222926296,-1.1005918801125605,-3.383323663419108,-0.9086018980149696,0.2602639868528025,0.3187929489094712,6694,-0.9085857490874284,,3347.0,2,False,False,,False,2,False
bb_lower_bounce,49,15,2.0,360,2.75,-2.25,-1.480553171234309,-0.4824175705725526,-0.4626759539575322,0.8109732882730355,0.4614290792747956,5626,-0.4413329154583849,-1.9543496801472295,-0.8664698312591546,-0.5058058366674865,0.6132732066768907,0.3769007965242578,2762,-0.4901491600630103,,1381.0,3,False,False,,False,3,False
bb_lower_bounce,50,30,1.75,330,3.25,-1.25,-1.271316613275626,-0.9938717871598316,-0.72136446258769,0.66379591190199,0.2800778715120052,7705,-0.7148773742343222,-1.4693313357992286,-1.6838666958273922,-0.6802234290494152,0.4256772680167521,0.2162455854387394,3681,-0.6796717097162854,,1840.5,2,False,False,,False,2,False
bb_lower_bounce,51,15,3.0,270,4.0,-1.5,-1.4113957762561364,-0.5314131479025601,-0.5174930913342798,0.7865501761535088,0.2912588013051692,5823,-0.483451633928005,-1.825996793936933,-1.239778799740701,-0.5440962153951616,0.5227411673404452,0.2265486725663716,2825,-0.5322431332110156,,1412.5,2,False,False,,False,2,False
bb_lower_bounce,52,15,1.5,90,3.5,-1.5,-1.399990511170918,-0.5616293533536316,-0.5581767120118247,0.7418231067344269,0.3151332760103181,4652,-0.5353108991232849,-1.868671974416508,-1.2603590080906597,-0.5315695976035464,0.4500631413297473,0.2302423603793466,1898,-0.5302143444406828,,949.0,2,False,False,,False,2,False
bb_lower_bounce,53,20,2.25,240,2.75,-3.0,-1.1877222804676753,-0.1659375123658046,-0.277955158209082,0.9134905299872008,0.5475826972010178,3930,-0.1828465932711819,-2.087612405100999,-0.9209959152359118,-0.4690054367553804,0.5550210244991524,0.4350896252036936,1841,-0.4419362503602453,,920.5,3,False,False,,False,3,False
bb_lower_bounce,54,35,2.75,360,1.25,-3.0,-1.3702882564455163,-0.7222215268110778,-0.6016980896403531,0.6985504022261367,0.6689942059129401,6731,-0.5839554120929615,-1.8591040216108223,-0.8730344500284092,-0.5343152483198279,0.5523201889588127,0.6015325670498084,3132,-0.5304101590389472,,1566.0,3,False,False,,False,3,False
bb_lower_bounce,55,25,2.75,210,4.0,-2.75,-0.4024905619074907,-0.0369595715528683,-0.2316104644679115,0.9823393873887202,0.456151832460733,3056,-0.0481202768970778,-2.3335386698711496,-0.5855331616011489,-0.4022231299762884,0.6327587899720892,0.3464458247066942,1449,-0.343461737041521,,724.5,2,False,False,,False,2,False
bb_lower_bounce,56,15,1.75,150,3.0,-1.25,-1.2699740813100815,-0.9825924439233086,-0.726623543740653,0.6696856262637811,0.2910716861387566,6933,-0.7249484562153174,-1.563028134653351,-1.707576228227221,-0.6390265555131575,0.4138563499595533,0.2227016262860936,3013,-0.6380461638527231,,1506.5,2,False,False,,False,2,False
bb_lower_bounce,57,15,2.25,120,2.0,-1.25,-1.1506603522026944,-1.3710710050582582,-0.8485044480099715,0.5884416076928098,0.3581198706789356,8042,-0.8484516899941958,-1.440083819584025,-2.071690887064268,-0.6941335503275425,0.3591441769587898,0.2866666666666667,3300,-0.6938945198267892,,1650.0,2,False,False,,False,2,False
bb_lower_bounce,58,15,3.0,90,2.75,-1.0,-1.1609826365223483,-1.2498797100367127,-0.8371706297541194,0.5879496822302293,0.2605885588558856,7272,-0.8348490621218569,-1.476359367372056,-1.9057651870772396,-0.6769559387848133,0.3597245388820198,0.1959412176347096,2858,-0.6758255589257953,,1429.0,2,False,False,,False,2,False
bb_lower_bounce,59,10,1.5,360,3.0,-3.0,-1.174852058024164,-0.1860739530059276,-0.3031402748643393,0.915439082672526,0.5279031109000237,4211,-0.1989949261535898,-2.1273053917306437,-0.7799928528389138,-0.4575294707041629,0.6194735531638808,0.4358223523670083,2049,-0.420950295042174,,1024.5,3,False,False,,False,3,False
bb_lower_bounce,60,10,3.0,150,1.5,-1.5,-1.1109349688681396,-1.6973880503257148,-0.8884187326816159,0.5491506283187991,0.4489752575130084,9417,-0.8878238631537598,-1.3289856673833844,-2.31421131130524,-0.7523812247313943,0.3467029651802902,0.3777441332323997,3963,-0.7521181837970231,,1981.5,3,False,False,,False,3,False
bb_lower_bounce,61,25,2.25,150,2.5,-3.0,-1.0590084979608985,-0.1511377868256095,-0.2944041788761555,0.9204032632747264,0.5691547749725576,3644,-0.1716367759998271,-2.1349331951712336,-0.8246831849909128,-0.4546452716161073,0.5348914927949224,0.4563543003851091,1558,-0.4125736785717999,,779.0,3,False,False,,False,3,False
bb_lower_bounce,62,15,2.25,60,2.5,-2.0,-1.393519908350052,-0.5978373211904123,-0.5770992382111887,0.7239830628347238,0.4495597484276729,3975,-0.5603603188684765,-2.29678214932535,-0.9720660464347044,-0.4234445689708035,0.4850016552539201,0.3560171919770774,1396,-0.4185419171702933,,698.0,3,False,False,,False,3,False
bb_lower_bounce,63,40,3.0,270,2.0,-1.5,-1.243422143412177,-1.0779736932167034,-0.7520951755537956,0.6360073817000201,0.3989327085773786,7683,-0.7481356062276101,-1.5733867977926066,-1.7581530562305818,-0.6347707892747225,0.4338318133732187,0.3377652050919377,3535,-0.6346110952293826,,1767.5,2,False,False,,False,2,False
bb_lower_bounce,64,35,2.75,300,3.5,-1.25,-1.3066579352319616,-0.9101513111023392,-0.6804296198376292,0.6788535879541333,0.2693021264449836,7007,-0.669860114238759,-1.6377312696474735,-1.4164713817846006,-0.6092981904714273,0.4747997575262272,0.2103865447034523,3389,-0.6044166368939535,,1694.5,2,False,False,,False,2,False
bb_lower_bounce,65,15,1.75,180,1.75,-3.0,-1.3984685493683195,-0.5142234907280396,-0.5000201706965632,0.7721017349058747,0.6210757848430314,5001,-0.4542130831226596,-2.0249564267570026,-1.1336370284314774,-0.4868774352534409,0.5068689924709373,0.5237873134328358,2144,-0.4741183493053782,,1072.0,3,False,False,,False,3,False
bb_lower_bounce,66,30,2.75,300,1.0,-1.75,-1.112387702735463,-1.802878814163707,-0.8870995039615638,0.5063922295009912,0.5668988924615934,11196,-0.8870587783636434,-1.2824428358509443,-2.534996036930246,-0.779727594350127,0.3252053730110983,0.5020040080160321,4990,-0.779727594350127,,2495.0,3,False,False,,False,3,False
bb_lower_bounce,67,10,1.5,330,2.75,-1.0,-1.1216794364136653,-1.6486218507701176,-0.8777160717348946,0.5877111236133842,0.2518944125239404,12009,-0.877606710495704,-1.2460018316385737,-2.344815242567678,-0.8025496621014506,0.3829075374799822,0.2052170740605618,5482,-0.802020685850765,,2741.0,2,False,False,,False,2,False
bb_lower_bounce,68,40,2.5,120,1.0,-1.0,-1.0229012825290582,-2.498883061531825,-0.9770590751114228,0.3620556177249501,0.412248028045574,9128,-0.9769249382107654,-1.2836563011923956,-2.87611383821921,-0.7789897351639795,0.2541087985378786,0.3520694941236587,3914,-0.7789897351639796,,1957.0,3,False,False,,False,3,False
bb_lower_bounce,69,10,3.0,120,1.25,-2.75,-1.314907249675224,-0.8684504410123213,-0.6761624765995438,0.6412881468122708,0.6538523403570854,6217,-0.6698633849805886,-1.7861507622586204,-1.4926754495086705,-0.5572204256066136,0.4238286687172079,0.568209750102417,2441,-0.5540875978039901,,1220.5,3,False,False,,False,3,False
bb_lower_bounce,70,35,3.0,150,2.5,-2.75,-1.350174110073582,-0.2781699468321686,-0.3635773892176599,0.8508913165627633,0.5353946297803092,3687,-0.2883914236088905,-2.086373071764415,-0.9695371339253566,-0.4699409128748457,0.4928068810840926,0.4315112540192926,1555,-0.4476150684476563,,777.5,3,False,False,,False,3,False
bb_lower_bounce,71,30,1.75,330,3.25,-3.0,-0.5600221338803544,-0.0547625122257661,-0.2272423516734012,0.9750378430373516,0.5148960089938167,3558,-0.0662993318524399,-2.184842556276433,-0.6586849987375406,-0.4436307981486936,0.5905643154815569,0.4115942028985507,1725,-0.4085091913920474,,862.5,3,False,False,,False,3,False
bb_lower_bounce,72,30,1.5,240,3.5,-1.0,-1.176362266739525,-1.3689072991574285,-0.8210180828236627,0.5617148225188651,0.2119155354449472,7956,-0.8175677370570544,-1.370054019551892,-2.04922200981376,-0.7297690678154636,0.3383174502951981,0.1696257853045616,3661,-0.7282299162376523,,1830.5,2,False,False,,False,2,False
bb_lower_bounce,73,20,2.0,150,3.5,-1.75,-1.4008526086573367,-0.4435480634593282,-0.4809897833080235,0.8022382650903265,0.354061747317714,4567,-0.431390407378633,-1.9127049252894583,-1.1523346961668357,-0.5184646582529612,0.4794381446853499,0.2616867469879518,2075,-0.51421151973154,,1037.5,2,False,False,,False,2,False
bb_lower_bounce,74,15,2.0,240,1.5,-2.0,-1.2165652651505123,-1.243704391059563,-0.7812743736364443,0.5998695164807214,0.5348243588185244,8227,-0.7800877217803035,-1.4888221159064774,-1.868774762076234,-0.6712497643912424,0.4042778927031415,0.4539382131923184,3593,-0.6709928505207459,,1796.5,3,False,False,,False,3,False
bb_lower_bounce,75,25,2.0,90,1.0,-1.25,-1.0497389601314524,-1.9451955637100236,-0.9501344995983408,0.4273700578176706,0.4871291983329247,8158,-0.9501344995983408,-1.34028242306509,-2.463304036659874,-0.7460265446464613,0.2654538971123653,0.4040371675744953,3121,-0.7457541237740768,,1560.5,3,False,False,,False,3,False
bb_lower_bounce,76,30,2.5,90,1.25,-1.0,-1.0332401297768583,-2.210630247320443,-0.966695889644238,0.3790800403495323,0.3781076066790352,8085,-0.966684351948417,-1.3004870948189502,-2.6155560237851407,-0.7688962113262476,0.234761511536004,0.3098591549295774,3124,-0.7688962113262476,,1562.0,2,False,False,,False,2,False
bb_lower_bounce,77,15,2.5,180,1.5,-1.75,-1.1869551068944504,-1.337757986832244,-0.8118616077857927,0.5830775317801933,0.5001210360687485,8262,-0.811817006167071,-1.4290537716744836,-2.020820654395556,-0.6995214726683859,0.3691619682547927,0.4060022650056625,3532,-0.6992866527561966,,1766.0,3,False,False,,False,3,False
bb_lower_bounce,78,10,1.75,210,2.0,-2.5,-1.4062449002919075,-0.6584515624752225,-0.5620929898559381,0.7483265636689147,0.5411825906016994,5767,-0.545053261487934,-1.7550523383936831,-1.394355934204396,-0.5673195726973476,0.4799224874184759,0.4580745341614907,2576,-0.5599383755896808,,1288.0,3,False,False,,False,3,False
bb_lower_bounce,79,25,3.0,300,3.75,-2.0,-1.2869261892583197,-0.2255612925653874,-0.3272758774521571,0.896385100650191,0.3865658362989324,4496,-0.2408466453061878,-1.949301505699697,-0.818858542309103,-0.5043924821972328,0.5810544360875787,0.2958553791887125,2268,-0.4600704279994881,,1134.0,2,False,False,,False,2,False
bb_lower_bounce,80,30,3.0,360,3.0,-3.0,-0.6198886191504642,-0.065002606634596,-0.237481580348823,0.9719038200539236,0.5307219662058372,3906,-0.0771182305740606,-2.1306095591281364,-0.6659387718179455,-0.4559438620836088,0.6071257928806316,0.4324324324324324,1887,-0.4150187813718086,,943.5,3,False,False,,False,3,False
bb_lower_bounce,81,35,3.0,300,2.0,-2.75,-1.4396379852224075,-0.4120827464010312,-0.424877086452281,0.8165741024725783,0.5751243781094527,5025,-0.3791727496733104,-2.030944707654895,-0.9746172816855356,-0.4850477655128652,0.552158003565867,0.4931448157669237,2334,-0.4697199816154903,,1167.0,3,False,False,,False,3,False
bb_lower_bounce,82,15,2.0,90,1.25,-1.0,-1.0205623123342298,-2.463789962254264,-0.9794103936406992,0.39344790263624,0.3793314934069304,9783,-0.9794103936406992,-1.2315256825551824,-2.7531098109055603,-0.8119883843767067,0.2749366885875338,0.31699604743083,3795,-0.8118414558375419,,1897.5,2,False,False,,False,2,False
bb_lower_bounce,83,15,2.0,180,3.25,-2.25,-1.3568013626164923,-0.3451574704512016,-0.4224682853165912,0.8395135436702981,0.4301101005265677,4178,-0.348908541119316,-2.0983189379178877,-1.0504652372664245,-0.4674931298937852,0.5416677861615973,0.3264033264033264,1924,-0.4496738401947675,,962.0,2,False,False,,False,2,False
bb_lower_bounce,84,35,2.0,150,3.5,-2.0,-1.3788693469918591,-0.3663492929239075,-0.4275825945161453,0.8176185106246399,0.3836091831286706,3746,-0.3616201558858765,-2.0533612483624744,-1.0011608860086707,-0.4791283614501272,0.4860270635617683,0.2948717948717949,1638,-0.4630785959389872,,819.0,2,False,False,,False,2,False
bb_lower_bounce,85,30,2.25,180,1.0,-2.75,-1.3153403531822752,-0.9556051101675974,-0.6767855574188602,0.6134589702979559,0.6916978309648467,6685,-0.6715363229132495,-1.6653763384668423,-1.669884744885968,-0.5990645013197804,0.3338045598577573,0.5901271503365744,2674,-0.5990645013197804,,1337.0,3,False,False,,False,3,False
bb_lower_bounce,86,35,2.25,180,1.0,-3.0,-1.3476291967566585,-0.8314463933182814,-0.638649920000087,0.615635763782091,0.7086366644606221,6044,-0.629629635984083,-1.7985693743821578,-1.3354908516681872,-0.5531063499881892,0.3763327126918884,0.6266666666666667,2475,-0.547533928250147,,1237.5,3,False,False,,False,3,False
bb_lower_bounce,87,20,3.0,120,3.5,-2.0,-1.3527877230047949,-0.2900112315101347,-0.3867045664236813,0.851782169579592,0.3950585175552665,3845,-0.3114679159469798,-2.3046941963967678,-0.8358334930902792,-0.4176094372034137,0.575084445214501,0.3064133016627078,1684,-0.3904080593175488,,842.0,2,False,False,,False,2,False
bb_lower_bounce,88,15,2.75,270,3.0,-1.5,-1.3319898505294938,-0.8409281338626458,-0.6546640579738622,0.7057883802605782,0.3365247213489568,6998,-0.6451440338238754,-1.676030539810676,-1.4854441036708927,-0.5951277671705754,0.4963834909320175,0.2678733031674208,3315,-0.5936845843315277,,1657.5,2,False,False,,False,2,False
bb_lower_bounce,89,30,1.5,90,1.25,-2.5,-1.3147298347299892,-0.8148645475952292,-0.6663937855064292,0.6156776866545225,0.634279705573081,4755,-0.6509500096386168,-1.95771347021608,-1.3324769303223627,-0.5060477363377196,0.359457406234384,0.533096926713948,1692,-0.5060477363377196,,846.0,3,False,False,,False,3,False
bb_lower_bounce,90,30,1.5,210,3.25,-1.0,-1.179335923634278,-1.3380012031008548,-0.817848628416311,0.5714511927079287,0.2232244949815779,7871,-0.8141132394538128,-1.331323818361128,-2.1574967518775754,-0.7510563668465987,0.3068713866970046,0.1708948982436576,3587,-0.7503522507398049,,1793.5,2,False,False,,False,2,False
bb_lower_bounce,91,15,2.25,120,1.0,-2.0,-1.1274697048336229,-1.5652248919640477,-0.8718466248892904,0.4976948994303917,0.6057100664533596,8126,-0.8716336095360229,-1.5371031664374015,-1.9068014230452752,-0.6499568324192224,0.3458362689921705,0.5285622593068036,3116,-0.6498845465959332,,1558.0,3,False,False,,False,3,False
bb_lower_bounce,92,20,3.0,60,2.25,-2.25,-1.437842021107108,-0.4786679595415316,-0.506465131273061,0.7472120201274607,0.5103734439834025,3615,-0.481359870701012,-2.3277696721055525,-0.959453037297612,-0.4176930302684357,0.4744434043550238,0.407715582450832,1322,-0.4176930302684357,,661.0,3,False,False,,False,3,False
bb_lower_bounce,93,35,1.75,360,1.25,-1.75,-1.14872631093858,-1.467514402237717,-0.85046166786799,0.5693168669192129,0.5291938785456672,10259,-0.8504246527837912,-1.3806385358837647,-1.483867025505449,-0.7241565798748814,0.4508943073420282,0.4646464646464646,4752,-0.7228501927383717,,2376.0,3,False,False,,False,3,False
bb_lower_bounce,94,40,2.5,240,3.25,-2.5,-1.1764991112438898,-0.191054852028066,-0.3182063362463861,0.8948608462136937,0.4583217173125174,3587,-0.2105026001883334,-2.2205478781233965,-0.8196542449824968,-0.4364338737332617,0.5548096630899795,0.3679026651216686,1726,-0.4081004347013213,,863.0,3,False,False,,False,3,False
bb_lower_bounce,95,15,3.0,120,4.0,-2.5,-1.0289991937074243,-0.1532687981845831,-0.3160124939453225,0.9146928969340132,0.4277165354330708,3175,-0.17980475076367,-2.7528581271916464,-0.6214123134081087,-0.330557106849011,0.65246349462646,0.334056399132321,1383,-0.304458133591554,,691.5,2,False,False,,False,2,False
bb_lower_bounce,96,25,1.5,120,3.75,-1.75,-1.362937792648326,-0.3001803421177876,-0.3904596891110086,0.8456582921873828,0.352760736196319,3912,-0.3180794173642945,-2.191667388576539,-0.8152065376154533,-0.4413020254872563,0.5643369424199915,0.2695497630331753,1688,-0.4026503205353411,,844.0,2,False,False,,False,2,False
bb_lower_bounce,97,40,2.25,360,3.75,-2.25,-1.2071318416326864,-0.1679159681696685,-0.2802980832928998,0.9174540058909046,0.4116331096196868,4023,-0.1879175295213063,-2.3697086901115845,-0.5096092530642802,-0.40306119156951,0.6690133427657505,0.3287059990084283,2017,-0.3738009147832161,,1008.5,2,False,False,,False,2,False
bb_lower_bounce,98,20,1.75,90,2.5,-3.0,-1.1497051753192642,-0.1705457247180228,-0.2993271548455076,0.9014813642915231,0.5736552567237164,3272,-0.1915013354959502,-2.313727767356865,-0.854305947527444,-0.4184632714765525,0.5151318962946656,0.4541249036237471,1297,-0.405496064713461,,648.5,3,False,False,,False,3,False
bb_lower_bounce,99,40,2.25,150,1.75,-1.25,-1.1549045326838907,-1.3686984286496544,-0.8433150460284989,0.5608596836224901,0.3768409674368329,7401,-0.8409143200487633,-1.492786709657577,-2.0580481975112006,-0.6694538021734361,0.3318568188414681,0.3006702840727737,3133,-0.6694538021734362,,1566.5,2,False,False,,False,2,False
bb_lower_bounce,100,20,2.0,150,1.75,-3.0,-1.4276402910417525,-0.4748671983180775,-0.4733407045813135,0.7734293270826318,0.6291009799744355,4694,-0.433118722858525,-2.0538888183959787,-1.0484541642578993,-0.4804839203070083,0.481336050275435,0.5145780051150896,1955,-0.4796526122986225,,977.5,3,False,False,,False,3,False
bb_lower_bounce,101,35,1.75,240,2.25,-2.0,-1.3507286342522826,-0.6409189824173644,-0.5869130553804576,0.7372095619817569,0.460686399128382,5507,-0.5475984330006638,-1.743625489398437,-1.3360238905005588,-0.5711588853733628,0.4554481217961824,0.3785942492012779,2504,-0.5632557058868517,,1252.0,3,False,False,,False,3,False
bb_lower_bounce,102,40,1.5,180,2.25,-1.0,-1.1341291087930532,-1.4859484011546866,-0.8645332348216168,0.5413487790804172,0.2787005373717635,8188,-0.862495137057824,-1.3644871546026938,-2.2250538723832807,-0.7327600758529836,0.3062979440745356,0.2151680551565642,3481,-0.7327600758529836,,1740.5,2,False,False,,False,2,False
bb_lower_bounce,103,25,2.75,300,2.25,-3.0,-1.3988283575556022,-0.2306037656340156,-0.3066112708101221,0.8894092401615967,0.5843060959792478,4626,-0.2459641786406624,-2.046544891639265,-0.827318199519401,-0.4783985614379942,0.5885043523349761,0.4834254143646408,2172,-0.4417856209980788,,1086.0,3,False,False,,False,3,False
bb_lower_bounce,104,10,2.0,120,3.25,-2.0,-1.3888723093763995,-0.3837330545220169,-0.4462793383318599,0.8277264748914578,0.4063492063492063,4410,-0.3857784684197223,-2.131879574383221,-0.986044042164988,-0.4600480366765155,0.5510921287704789,0.315126050420168,1904,-0.4488813038076978,,952.0,2,False,False,,False,2,False
bb_lower_bounce,105,10,1.5,330,2.5,-1.75,-1.3449224230956356,-0.8220725510678303,-0.6374483052437443,0.7332512504312079,0.4092899800928998,7535,-0.6251753710457173,-1.5647371206555958,-1.5629713467382622,-0.6383147820996198,0.4975101543041298,0.3380594940227968,3597,-0.6370553579697374,,1798.5,2,False,False,,False,2,False
bb_lower_bounce,106,35,3.0,210,2.5,-1.0,-1.126873704505073,-1.5527079619545194,-0.8706347436940256,0.5431035235359047,0.2606033114084826,8818,-0.8646542131717023,-1.3607220732752037,-2.2096208308679244,-0.7347933483569229,0.3470700237134652,0.2058456157881588,4003,-0.7347933483569229,,2001.5,2,False,False,,False,2,False
bb_lower_bounce,107,10,2.25,330,1.75,-2.0,-1.2671249535717206,-1.0926358648072074,-0.7296634906568985,0.6748437236657887,0.5071453069623871,8747,-0.7281659303848396,-1.4857059382592592,-1.6077163404909105,-0.6726693077850994,0.4596383941616868,0.4290807231983702,3927,-0.672373928471294,,1963.5,3,False,False,,False,3,False
bb_lower_bounce,108,10,2.75,240,1.0,-1.0,-1.008998370999055,-3.377669296949748,-0.9909951470988392,0.3453307947085163,0.3992134973994672,15766,-0.9909857796418702,-1.0715992981370472,-3.955237757306599,-0.933184619658028,0.2523943238336015,0.3584283903675538,7890,-0.9329168958517962,,3945.0,3,False,False,,False,3,False
bb_lower_bounce,109,40,2.5,360,3.75,-2.25,-1.239695593426887,-0.1718709846983767,-0.2792692548454829,0.9153247437902884,0.410612447309695,4033,-0.1927888929283727,-2.3823211386523964,-0.5354275332352764,-0.4007452122187528,0.6680437238889986,0.3292262198127156,2029,-0.3728915368426972,,1014.5,2,False,False,,False,2,False
bb_lower_bounce,110,20,2.25,90,3.5,-1.75,-1.350103417085045,-0.3262062808834434,-0.427306100813648,0.8318941649910429,0.3621127475876079,3938,-0.3517607823472477,-2.005161705904304,-1.08371648569472,-0.4926120373508175,0.4631145288839307,0.2624069478908188,1612,-0.4852300074535243,,806.0,2,False,False,,False,2,False
bb_lower_bounce,111,30,2.0,360,1.25,-2.0,-1.1927071316818154,-1.3170133744357386,-0.8060190241026578,0.5951986445252785,0.5674384799086284,9631,-0.8059120557769504,-1.4662505067440703,-1.2203237490622387,-0.6816672623836569,0.4722747693312113,0.4956719817767653,4390,-0.6816672623836569,,2195.0,3,False,False,,False,3,False
bb_lower_bounce,112,30,2.0,360,2.5,-1.75,-1.3648646637599493,-0.7588515580273427,-0.6168123161691378,0.7334415385251544,0.4120537649949414,6919,-0.6052382385409072,-1.759969473212518,-0.883942930431377,-0.5659424727266603,0.5781035709694925,0.334931096464949,3338,-0.5657665456454541,,1669.0,2,False,False,,False,2,False
bb_lower_bounce,113,25,2.75,180,3.0,-2.5,-1.2549208702458956,-0.2239225618148375,-0.3332583805345709,0.88815331214255,0.4796895213454075,3865,-0.2388880004412847,-2.198258483731327,-0.7878076129911806,-0.4408099895903666,0.5657165108294764,0.3659824046920821,1705,-0.4077886764897751,,852.5,3,False,False,,False,3,False
bb_lower_bounce,114,15,2.25,360,2.5,-2.5,-1.4803437136227833,-0.4392619053652304,-0.4405677254442092,0.8243307739467695,0.5078195218407334,5563,-0.4127136394730043,-2.0363926132280947,-0.7225912566203034,-0.483684092608944,0.6193663018220386,0.4234440626193203,2619,-0.4690007826618583,,1309.5,3,False,False,,False,3,False
bb_lower_bounce,115,30,2.5,180,2.5,-1.0,-1.1282294726009168,-1.576396225125152,-0.8698846920327504,0.5366500016034846,0.2610095435207543,8697,-0.865865191607635,-1.322671415133518,-2.3823289529690217,-0.7559801776706415,0.300692649899569,0.1924654023577652,3902,-0.7559801776706415,,1951.0,2,False,False,,False,2,False
bb_lower_bounce,116,40,1.5,180,2.0,-2.25,-1.3544858399868966,-0.5206551931890578,-0.5432000564587123,0.7571812037039499,0.5184563758389261,4768,-0.4886617426588125,-1.925155884820439,-1.2136887203872724,-0.5145659579382594,0.4500767865120508,0.4158464566929133,2032,-0.5054351089734841,,1016.0,3,False,False,,False,3,False
bb_lower_bounce,117,25,3.0,330,3.25,-1.75,-1.432261799874367,-0.4447398887202921,-0.4602416066163866,0.8229418547515581,0.3714831538728725,5758,-0.4186959876354367,-1.813771663539996,-1.009923255643594,-0.5470901044379828,0.5494664190648816,0.2915758896151053,2754,-0.5199065993115537,,1377.0,2,False,False,,False,2,False
bb_lower_bounce,118,25,2.25,270,3.5,-2.25,-1.2899968685975831,-0.2373610680479982,-0.3339083716421432,0.8870458905196631,0.4222597778850797,4142,-0.2471922958045392,-2.023063692874148,-0.856800999429639,-0.4829057013335758,0.5843940772615804,0.3256947830326669,2051,-0.4336250493611948,,1025.5,2,False,False,,False,2,False
bb_lower_bounce,119,30,2.25,120,3.5,-2.75,-0.6717487050425524,-0.0729669360034152,-0.2481143231256156,0.9584520054808086,0.4819277108433735,2905,-0.0877913935643986,-2.5483390478355323,-0.6331857632584437,-0.3634276761936763,0.583531383335187,0.3788509575353871,1201,-0.324903242187591,,600.5,3,False,False,,False,3,False
bb_lower_bounce,120,20,2.5,360,3.5,-1.75,-1.4626589737452451,-0.4676043080892729,-0.4629976261702641,0.8159617336964723,0.3592793423124016,5717,-0.4343954282349614,-1.8730539485168032,-0.7870516718784255,-0.5293330831071761,0.592117851097849,0.2789817681458548,2907,-0.5124662418334063,,1453.5,2,False,False,,False,2,False
bb_lower_bounce,121,10,3.0,150,3.5,-2.0,-1.3869786021006865,-0.408216795491337,-0.4536737811284418,0.8176212924017411,0.3845456605483798,4413,-0.393488623579513,-1.97034508464497,-1.0483570490414875,-0.5014359281637355,0.5300081748270086,0.2931547619047619,2016,-0.4867336242398365,,1008.0,2,False,False,,False,2,False
bb_lower_bounce,122,15,3.0,150,1.5,-3.0,-1.402912962448837,-0.5483487550981422,-0.514698014385456,0.759582907097894,0.6528062651501025,5363,-0.4754873380097077,-2.058731869962935,-1.129518231706626,-0.4785279312785715,0.4955454061735356,0.550369685767098,2164,-0.47001846251156,,1082.0,3,False,False,,False,3,False
bb_lower_bounce,123,10,1.75,270,3.25,-2.75,-1.135337428557649,-0.1703407025025275,-0.2927086690198288,0.9199700235279704,0.4894932014833127,4045,-0.1841937884484877,-2.176749666955919,-0.8719919762089798,-0.4460462057013766,0.5960327930995323,0.3882840850181441,1929,-0.4134633259090219,,964.5,3,False,False,,False,3,False
bb_lower_bounce,124,25,2.25,360,3.25,-2.25,-1.3531943322960769,-0.2673322871502681,-0.3530073668646746,0.8830717817164077,0.4363674673409187,4746,-0.2791484153782618,-2.076765983470735,-0.6230010454470293,-0.4685844867783857,0.6532005255944351,0.3483050847457627,2360,-0.4204133498726317,,1180.0,2,False,False,,False,2,False
bb_lower_bounce,125,35,2.75,240,2.75,-1.5,-1.2874775761539716,-0.9278232038291984,-0.6993564994417946,0.6609029498996566,0.3395474824729126,6276,-0.6872900224759406,-1.6187146356321709,-1.5687308516947822,-0.6165506298403273,0.4342949862226821,0.2703804347826087,2944,-0.6088260909563887,,1472.0,2,False,False,,False,2,False
bb_lower_bounce,126,15,1.75,360,3.75,-3.0,-0.470711049808914,-0.0438663726772617,-0.2261604175204397,0.9811381497502936,0.4902298850574713,3480,-0.0551476745548182,-2.486262557290779,-0.4671867182345718,-0.3686744976298162,0.7044192119751119,0.3902302077484559,1781,-0.3124540512618028,,890.5,3,False,False,,False,3,False
bb_lower_bounce,127,40,3.0,90,4.0,-1.5,-1.3032464369171337,-0.2854109913288237,-0.4258322042911761,0.8265566415331468,0.303862660944206,3495,-0.3350298273609672,-2.0372973134242187,-1.1504616675285528,-0.484442495492426,0.4032195523959411,0.2129169623846699,1409,-0.480208716650321,,704.5,2,False,False,,False,2,False
bb_lower_bounce,128,15,1.75,300,2.75,-3.0,-1.1852966746037017,-0.1735332117035858,-0.2821808055708634,0.919362264259138,0.5474556213017752,4225,-0.1855156008086903,-2.148780471480319,-0.7580028473822683,-0.4524833012274719,0.5982235659193943,0.4423847695390782,1996,-0.4176743756941313,,998.0,3,False,False,,False,3,False
bb_lower_bounce,129,30,1.75,90,2.75,-2.5,-1.2517793785343307,-0.2326057695166799,-0.3493965484034701,0.8674871040047252,0.500776156473145,3221,-0.2516215428553746,-2.317501229318577,-0.8862739892870585,-0.4178922972869123,0.5032098747997124,0.3848,1250,-0.4062199586291569,,625.0,3,False,False,,False,3,False
bb_lower_bounce,130,40,2.25,360,3.0,-1.0,-1.175332132256134,-1.3269681047794828,-0.8236215417747562,0.60248223869634,0.247178329571106,9746,-0.8236215417747561,-1.4396071244740845,-1.2953630446186923,-0.6943619589390764,0.4866101220280754,0.1991964474518925,4729,-0.6936495983320052,,2364.5,2,False,False,,False,2,False
bb_lower_bounce,131,30,2.0,270,3.25,-1.0,-1.1673713157619765,-1.3942613863520916,-0.8295718503275156,0.5714473755555602,0.2241282022345107,8861,-0.8247078129550384,-1.3817313247578449,-2.065436495357765,-0.7235822847649539,0.3684871891734047,0.1808331326751745,4153,-0.722401943717369,,2076.5,2,False,False,,False,2,False
bb_lower_bounce,132,25,3.0,300,2.75,-2.5,-1.3885785574956604,-0.3152612172516755,-0.3774288195854339,0.8581941921659574,0.4928434095278786,4681,-0.3121670895022227,-2.063118759942266,-0.8090794851051243,-0.4740755571094434,0.6058468218855853,0.4016208914903196,2221,-0.4378830406281387,,1110.5,3,False,False,,False,3,False
bb_lower_bounce,133,35,3.0,270,2.75,-2.0,-1.374586008221733,-0.4957745676127039,-0.5074717620113888,0.7864187672490842,0.4261275272161742,5144,-0.4526614140819166,-1.885636632027789,-1.118361233458133,-0.525206630821885,0.5255752151749408,0.3471350899205353,2391,-0.5033079201837385,,1195.5,2,False,False,,False,2,False
bb_lower_bounce,134,40,1.75,360,2.0,-1.0,-1.0869634454012724,-1.8099316828534957,-0.912619430548714,0.5433371725332758,0.3013676193595938,12211,-0.9121660724904598,-1.2412686638065715,-2.0705824486963382,-0.805611914020975,0.3901554103037911,0.2533403656821378,5688,-0.805611914020975,,2844.0,2,False,False,,False,2,False
bb_lower_bounce,135,25,2.75,150,2.0,-1.25,-1.1615448044734262,-1.3648053851097943,-0.8363702333475956,0.5782481474992563,0.3561556992519336,7887,-0.8334928465768285,-1.4138108406819856,-2.1139487082353874,-0.707092288106684,0.332597576843313,0.2748137108792846,3355,-0.704940195970204,,1677.5,2,False,False,,False,2,False
bb_lower_bounce,136,10,2.75,180,1.75,-2.0,-1.266128142221513,-1.0422679756667064,-0.7294036737883531,0.6578811780861027,0.5076944215443803,7278,-0.7262539797868633,-1.5286432350571366,-1.7937350871679425,-0.6535927382470678,0.4090605788683883,0.4087968952134541,3092,-0.6532801444643663,,1546.0,3,False,False,,False,3,False
bb_lower_bounce,137,20,2.0,300,1.25,-2.5,-1.2960486111882377,-1.014918632158014,-0.7005967999736104,0.637437309796348,0.6294308537194209,8012,-0.6995556133392579,-1.5597307440039758,-1.6803061536823012,-0.6404097682366159,0.4345164146803223,0.549496644295302,3576,-0.6404097682366159,,1788.0,3,False,False,,False,3,False
bb_lower_bounce,138,15,1.75,240,3.75,-2.5,-1.032876772536881,-0.1556399201968807,-0.3063450909422122,0.9217327408355772,0.4379049676025918,3704,-0.1744561936899824,-2.3438412392050867,-0.80406536003392,-0.4095504663002917,0.6214605696366879,0.3362397820163488,1835,-0.3843579293123296,,917.5,2,False,False,,False,2,False
bb_lower_bounce,139,35,1.75,90,2.5,-1.5,-1.317246338341199,-0.7513269760670833,-0.6526834237899949,0.6562680244793563,0.3700980392156863,4488,-0.6284013174669398,-1.9337327221426843,-1.2903920435902092,-0.5121999665530382,0.422638335059193,0.2893341190335887,1697,-0.5041576932411813,,848.5,2,False,False,,False,2,False
bb_lower_bounce,140,20,2.5,270,2.5,-3.0,-1.3490851780974011,-0.2499134058154097,-0.325478044354911,0.8802499920710889,0.561631139944393,4316,-0.2527822704292968,-2.0862818765183486,-0.9001622017908836,-0.4690152201416613,0.5768604457518988,0.4587426326129666,2036,-0.4395349437329603,,1018.0,3,False,False,,False,3,False
bb_lower_bounce,141,15,3.0,240,2.5,-3.0,-1.277525823387254,-0.2698340938143993,-0.3663247273293525,0.8716213352347782,0.561520737327189,4340,-0.2724337141729747,-2.1029985764878822,-0.9199739223467852,-0.4652682666774512,0.5538585757354799,0.4588235294117647,1955,-0.4393800004795808,,977.5,3,False,False,,False,3,False
bb_lower_bounce,142,40,3.0,330,2.5,-1.25,-1.2244536048830428,-1.164591138873596,-0.7732334871728934,0.6389352076055766,0.3200323849178811,8646,-0.7719935722291424,-1.4664054142743228,-1.792574111253616,-0.6815944803305438,0.4421423199867762,0.25669099756691,4110,-0.6815597121364102,,2055.0,2,False,False,,False,2,False
bb_lower_bounce,143,10,2.0,180,4.0,-1.5,-1.373837802905988,-0.6065634242806164,-0.5710007867586269,0.7560303666330478,0.2882438846294268,5478,-0.538558442946472,-1.7558645033595437,-1.197720500702485,-0.5670303433496267,0.473908858691567,0.2136452241715399,2565,-0.5592190944710393,,1282.5,2,False,False,,False,2,False
bb_lower_bounce,144,40,3.0,240,3.0,-1.0,-1.172037285139206,-1.3541545357430111,-0.8258623193264673,0.5642830831933916,0.2366242431731125,8093,-0.8233786191842787,-1.4507129174579905,-1.9519579553048103,-0.6890049013361512,0.3878197816229365,0.1876310272536687,3816,-0.686980710284465,,1908.0,2,False,False,,False,2,False
bb_lower_bounce,145,40,2.5,150,2.75,-2.25,-1.3420489413347707,-0.3368731502831432,-0.421977005875524,0.8300924001855312,0.4633255024797703,3831,-0.3436310546514362,-2.365255380560507,-0.8355695307214802,-0.4065084540032533,0.551570468282407,0.3702801461632156,1642,-0.3880685996989313,,821.0,3,False,False,,False,3,False
bb_lower_bounce,146,20,2.25,270,1.0,-1.5,-1.0595007558901248,-2.366055426261721,-0.9403267735731918,0.4451230703934393,0.5206157229246839,12733,-0.9403223828911544,-1.2110177664222226,-2.9227488811249427,-0.8257440482865817,0.3136521572286608,0.4571428571428571,5705,-0.8257440482865817,,2852.5,3,False,False,,False,3,False
bb_lower_bounce,147,20,2.75,360,4.0,-1.5,-1.420725654578266,-0.5163572300468521,-0.5014334511602807,0.800376458398767,0.30056087099967,6062,-0.4663613724384405,-1.7294291019810484,-1.024379698572643,-0.5758874123660895,0.5380239667649649,0.2277831247994866,3117,-0.5643727672000471,,1558.5,2,False,False,,False,2,False
bb_lower_bounce,148,35,1.75,270,1.5,-1.0,-1.0470570254282896,-2.3586124165550544,-0.9528267353475134,0.4534154262025422,0.334797189396359,12524,-0.9528153577929594,-1.188988716031132,-2.947830024846242,-0.841046516755643,0.2996465257807906,0.2895746164574616,5736,-0.840419889990241,,2868.0,2,False,False,,False,2,False
bb_lower_bounce,149,10,2.25,330,3.25,-3.0,-0.7259349476032584,-0.0882858759481354,-0.2594639403002647,0.96125479606303,0.5173116089613035,3928,-0.0998317602127243,-2.137820758893198,-0.7855194979656835,-0.4548493983881103,0.6108944437498744,0.4163179916317991,1912,-0.4179891962828188,,956.0,3,False,False,,False,3,False
bb_lower_bounce,150,10,2.75,240,1.5,-1.25,-1.060434544435899,-2.176168099809488,-0.9393452212617704,0.4911679608897336,0.3958094614503192,12218,-0.9390211718523008,-1.199406940709617,-2.7260420550956783,-0.8337396994438678,0.32025051082028,0.3391614629794826,5605,-0.8336794938818852,,2802.5,2,False,False,,False,2,False
bb_lower_bounce,151,15,1.5,180,2.5,-1.75,-1.3444943802870832,-0.7704333464639779,-0.6340658520612721,0.7178279999010112,0.405453951665578,6124,-0.6188459218447886,-1.6609657381254348,-1.5713802373914074,-0.6006379456086891,0.4403989415259098,0.3140834575260804,2684,-0.5983218543168305,,1342.0,2,False,False,,False,2,False
bb_lower_bounce,152,15,2.25,210,2.25,-1.5,-1.2269884663956183,-1.1976683278814666,-0.7706770833214387,0.6351794313404647,0.3808065339458907,7836,-0.769466453237505,-1.4658101682250575,-1.9446868615123116,-0.6818674777046756,0.4077167364514879,0.3053173241852487,3498,-0.6810352443441272,,1749.0,2,False,False,,False,2,False
bb_lower_bounce,153,20,3.0,240,2.0,-2.75,-1.4340337318804823,-0.5274414002583034,-0.4929424941870839,0.7730582219435256,0.5741599073001159,5178,-0.4612394883168441,-1.8881790713413376,-1.1341338932084637,-0.5249742704285553,0.5021565460152738,0.4829520932239965,2317,-0.5105570549497518,,1158.5,3,False,False,,False,3,False
bb_lower_bounce,154,25,1.5,300,1.0,-1.75,-1.1038851612860634,-1.8631895038835449,-0.8956107497764234,0.5022502091902997,0.5638642938546506,11407,-0.8953468429286711,-1.2589152042228122,-2.5622904172506957,-0.79431251510971,0.3102474045331984,0.4992006394884092,5004,-0.7943063320576862,,2502.0,3,False,False,,False,3,False
bb_lower_bounce,155,15,2.75,90,4.0,-3.0,0.4124070126487422,0.0361837289689275,-0.2084568862265027,1.0305250755098234,0.4834360554699538,2596,0.0424395093860665,-2.684963612171537,-0.6030137527446621,-0.3400434210805551,0.6037085967572158,0.3632119514472455,1071,-0.3080366927198324,-6.510470311663663,535.5,3,False,False,,False,3,False
bb_lower_bounce,156,40,1.5,150,1.75,-3.0,-1.3748367749379442,-0.3334055618485032,-0.4061363891064148,0.8173525776863944,0.6270935960591133,4060,-0.3376002349370643,-2.171056270817401,-0.93998704887728,-0.4503308750600107,0.4594496696416087,0.5220086794792312,1613,-0.4364227593134214,,806.5,3,False,False,,False,3,False
bb_lower_bounce,157,30,1.75,150,1.5,-1.25,-1.0993438018529176,-1.7305983642025224,-0.9002294844389728,0.4943525489730513,0.3993707027153012,8581,-0.9001506340927304,-1.318583442162072,-2.473256346174532,-0.7583280050970211,0.2780886610068442,0.320551724137931,3625,-0.7583280050970211,,1812.5,2,False,False,,False,2,False
bb_lower_bounce,158,35,1.5,330,1.75,-1.25,-1.12129724987755,-1.606726172170989,-0.878121340841579,0.5626872559077665,0.3738500139392249,10761,-0.8780815736485953,-1.257550048174609,-2.30992709078278,-0.7951748240241444,0.3469593390497437,0.3147729607561126,4867,-0.7943464715227596,,2433.5,2,False,False,,False,2,False
bb_lower_bounce,159,35,2.0,210,1.5,-2.75,-1.4072525752006502,-0.6143291977730803,-0.5473177529390856,0.7191859909659127,0.6265490048817124,5326,-0.5234296159279126,-1.8349232930583048,-1.265783197179437,-0.541470143615535,0.4282000012830201,0.5355144210073182,2323,-0.5326602251528207,,1161.5,3,False,False,,False,3,False
bb_lower_bounce,160,40,3.0,120,2.0,-2.75,-1.2938605744831648,-0.2232178141031707,-0.3282385303764503,0.8748614785652415,0.5871436256051641,3718,-0.2431735011574682,-2.615630432802764,-0.721094298101065,-0.3539517178988389,0.5808388273275851,0.4965893587994543,1466,-0.3244492135478058,,733.0,3,False,False,,False,3,False
bb_lower_bounce,161,30,1.5,180,3.25,-1.5,-1.3292306400513936,-0.7747982781856708,-0.6414945112896757,0.6891882813391647,0.3170548459804658,5324,-0.6191014948068305,-1.5904097070842993,-1.5857292443271254,-0.6278458633051788,0.3639826951282769,0.2361975923619759,2409,-0.6261018309290595,,1204.5,2,False,False,,False,2,False
bb_lower_bounce,162,25,2.75,150,1.25,-2.25,-1.279543388301813,-1.0180565174346952,-0.714768272873912,0.6301610892649946,0.6064087061668681,6616,-0.7105673094042787,-1.6279643980546046,-1.7557069260850826,-0.6131336449396564,0.3542443184379519,0.498877245508982,2672,-0.6131336449396564,,1336.0,3,False,False,,False,3,False
bb_lower_bounce,163,10,2.75,180,3.5,-2.75,-1.041204072484237,-0.1512811021737278,-0.2913237282503749,0.9234813908791492,0.4727736812251844,3526,-0.1665271704531058,-2.2340543345287585,-0.7816479497480451,-0.4306040550050443,0.591427639534657,0.3669330055316533,1627,-0.389265160478895,,813.5,3,False,False,,False,3,False
bb_lower_bounce,164,40,2.5,60,2.25,-1.0,-1.184870757793426,-1.1013050474323047,-0.8112654984117491,0.5264537342505239,0.2932703659976387,4235,-0.805659498635738,-2.095140288218938,-1.335959871056261,-0.470160398162628,0.4022600635630149,0.2426367461430575,1426,-0.4694348081597741,,713.0,2,False,False,,False,2,False
bb_lower_bounce,165,25,2.75,210,1.25,-1.0,-1.0295616375687309,-2.7360010347844157,-0.9703868600895426,0.4005807199310371,0.3704759642036905,12627,-0.9703868600895424,-1.14509109956331,-3.33688811371054,-0.8732919834168296,0.265652927457887,0.3140830800405269,5922,-0.8732919834168296,,2961.0,2,False,False,,False,2,False
bb_lower_bounce,166,35,2.0,60,2.5,-1.25,-1.253632316280246,-0.8929770067628312,-0.7319283790280253,0.5897324808220346,0.3240531728116378,3987,-0.7157215932780228,-2.1492238046863537,-1.14419420384722,-0.4561668815247131,0.4213887751127163,0.2592592592592592,1350,-0.4473282278925454,,675.0,2,False,False,,False,2,False
bb_lower_bounce,167,10,2.25,210,3.5,-1.25,-1.2832346768616296,-0.9492744107405832,-0.7090734939151553,0.6791543799670087,0.2650485436893204,7210,-0.7026994021803082,-1.481609957780473,-1.618063293249472,-0.6745213026355898,0.4148660241367691,0.2016706443914081,3352,-0.6714671446785387,,1676.0,2,False,False,,False,2,False
bb_lower_bounce,168,35,1.75,240,1.5,-1.0,-1.045931632870864,-2.3841660625579117,-0.9539568708577923,0.438523943472809,0.3320373250388802,11574,-0.9539457658766656,-1.2071107263508054,-2.897159435166273,-0.8284172897576215,0.2987709118791485,0.2851831195389477,5379,-0.8277408760262357,,2689.5,2,False,False,,False,2,False
bb_lower_bounce,169,35,2.0,330,4.0,-1.0,-1.2626804574555062,-1.0052217661116156,-0.7284019865765905,0.6606458767464347,0.2084352078239608,8180,-0.7195178643316889,-1.4579302937246883,-1.6591299922506628,-0.6855756392447916,0.4179132816230032,0.1603053435114503,3930,-0.6842464644974128,,1965.0,2,False,False,,False,2,False
bb_lower_bounce,170,40,2.25,270,2.5,-2.0,-1.397699412165111,-0.5658723580867967,-0.5332874690724606,0.7655448233452687,0.4445070422535211,5325,-0.4981285563477861,-1.8925808415860468,-1.1091022506243493,-0.5232748980492908,0.5353472864250505,0.3698083067092652,2504,-0.5032395334484667,,1252.0,3,False,False,,False,3,False
bb_lower_bounce,171,20,3.0,150,1.25,-2.0,-1.2216689737131592,-1.1658220789748193,-0.776715544805381,0.5866436646098303,0.5762215417387831,7511,-0.7765753756476481,-1.504517833601044,-1.8581337597662368,-0.6641862643662226,0.3527955687895402,0.4732899022801303,3070,-0.6641862643662226,,1535.0,3,False,False,,False,3,False
bb_lower_bounce,172,25,1.75,270,3.25,-1.5,-1.35727656360919,-0.6809264045749662,-0.594872275097246,0.742362635646841,0.3221968709256845,6136,-0.5640040720880981,-1.6635143348147343,-1.3463675090361904,-0.599411951138052,0.4641627520703233,0.2533562822719449,2905,-0.5863279156434422,,1452.5,2,False,False,,False,2,False
bb_lower_bounce,173,20,1.5,270,2.25,-2.5,-1.469102435689361,-0.4872190856114326,-0.461207388593618,0.7984553272305569,0.5284644194756555,5340,-0.4347074692060383,-1.80895504164557,-1.1785586555930558,-0.5491688697227822,0.5107755293150089,0.4288039056143206,2458,-0.531203410243088,,1229.0,3,False,False,,False,3,False
bb_lower_bounce,174,25,1.75,210,4.0,-2.0,-1.1160299808036085,-0.1777381022207904,-0.3293296840828829,0.9075270167468672,0.3727272727272727,3850,-0.2061721024842298,-1.9861143486073052,-0.921335337623232,-0.4954344858869264,0.5348752448175841,0.2694111516414799,1919,-0.4639127353789067,,959.5,2,False,False,,False,2,False
bb_lower_bounce,175,20,2.0,330,3.75,-2.0,-1.4087380695734308,-0.3046567122485933,-0.3667607745496081,0.8632911265618926,0.3838469713071201,4705,-0.3067834284688683,-1.9482459977892856,-0.9573980501986068,-0.5069330798664993,0.5772618501629795,0.2933111757374325,2407,-0.4843682615480065,,1203.5,2,False,False,,False,2,False
bb_lower_bounce,176,30,1.5,300,1.75,-2.75,-1.4208134426309644,-0.5442330868009848,-0.5056115117827844,0.764065871052491,0.5976018338917298,5671,-0.4719826933183346,-1.9067308655385065,-1.0296044312388994,-0.5198686978431669,0.5147509147420316,0.5091487669053302,2514,-0.5105929911421155,,1257.0,3,False,False,,False,3,False
bb_lower_bounce,177,15,2.75,240,2.75,-1.0,-1.1245914608807597,-1.6181821611991611,-0.8744996917921788,0.5639336994561686,0.2474509803921568,10200,-0.8734488453315502,-1.3285312297955776,-2.2712980907564666,-0.7526372730592725,0.387474945490873,0.1978279386712095,4696,-0.7514459816002166,,2348.0,2,False,False,,False,2,False
bb_lower_bounce,178,40,1.75,270,3.5,-1.25,-1.3002086106200508,-0.8494460862352154,-0.6778365844160518,0.6786764112443029,0.2665741597286463,6486,-0.6584147317467829,-1.6555996235236987,-1.4706727400124773,-0.6026309472496221,0.4375300945438223,0.2088524590163934,3050,-0.6003125722462228,,1525.0,2,False,False,,False,2,False
bb_lower_bounce,179,25,3.0,60,1.25,-2.0,-1.2905107095262105,-0.841265447247905,-0.7005005662962795,0.6149351234547307,0.5889056116964094,4651,-0.6930348520071556,-1.949315883172027,-1.3738497055685417,-0.508271777562612,0.3558639005718444,0.4831317632081476,1571,-0.5067371941119848,,785.5,3,False,False,,False,3,False
bb_lower_bounce,180,15,2.25,150,2.0,-1.75,-1.2826540203787835,-0.9390602995870704,-0.7076661084308069,0.6712162505347002,0.4492257296009529,6716,-0.6990347371918726,-1.5687215676466402,-1.7550961923819954,-0.6366842641591508,0.3899404225992233,0.3539665599430807,2811,-0.6364003378169101,,1405.5,3,False,False,,False,3,False
bb_lower_bounce,181,25,2.5,300,2.25,-1.5,-1.2597530178848877,-1.0592783086636826,-0.7355076034268306,0.6643134689313286,0.3872537095597178,8222,-0.7317916733792318,-1.4691159178534074,-1.6544934387852646,-0.6802641929918147,0.4441902012314878,0.3145308032232908,3847,-0.6722261352007484,,1923.5,2,False,False,,False,2,False
bb_lower_bounce,182,35,2.5,210,2.25,-1.25,-1.1798048325313222,-1.2936903720961233,-0.8160724685129389,0.5904770888781788,0.329541047188106,7735,-0.8096458750413578,-1.4518993618086549,-1.980550900393193,-0.6884195455708892,0.3697502433504575,0.2609811751283514,3506,-0.6836925571097905,,1753.0,2,False,False,,False,2,False
bb_lower_bounce,183,20,2.0,180,1.75,-2.75,-1.4147676261411215,-0.5573138097604864,-0.5161421264279952,0.7543307745951798,0.6034648700673725,5195,-0.4832909985280261,-1.869635072299935,-1.2240553519080672,-0.5311755443917697,0.4597395949348272,0.4902846814279259,2213,-0.5278607231941042,,1106.5,3,False,False,,False,3,False
bb_lower_bounce,184,35,1.75,210,1.25,-1.0,-1.0302476330582435,-2.6949362937923933,-0.9696982867301216,0.3865455152234993,0.3619154637393033,11569,-0.9696909783659804,-1.1814378989753198,-3.112187244146876,-0.8464227160362018,0.2687930946811496,0.3106906338694418,5285,-0.8458172833352302,,2642.5,2,False,False,,False,2,False
bb_lower_bounce,185,40,2.75,120,1.75,-2.25,-1.377103860049465,-0.5353134624374442,-0.5432112433856402,0.7442774774648092,0.5555310223007286,4529,-0.5008003936235671,-2.246455685119684,-1.051090675752412,-0.4340368271527018,0.4860605651124534,0.4579596412556054,1784,-0.4268043886471955,,892.0,3,False,False,,False,3,False
bb_lower_bounce,186,35,2.25,180,3.75,-1.0,-1.2259220008861362,-1.0821139414899938,-0.7636021676629825,0.6112384898866192,0.2107972933215651,6798,-0.7499924327740524,-1.5293942312398672,-1.6163516965475244,-0.6532192185989282,0.3920107855152467,0.156794425087108,3157,-0.6487274238436929,,1578.5,2,False,False,,False,2,False
bb_lower_bounce,187,30,2.0,90,1.75,-2.0,-1.3607353970426153,-0.6959589560257923,-0.6087060944672494,0.6840230014399656,0.5272175233138148,4611,-0.5885056199181222,-1.7885223774642864,-1.4685183915313498,-0.5565777564796006,0.3441339758766981,0.3992974238875878,1708,-0.5565777564796006,,854.0,3,False,False,,False,3,False
bb_lower_bounce,188,15,2.0,120,2.0,-3.0,-1.408598950991195,-0.366231548336801,-0.4190265250200897,0.8187407507819915,0.6017781937295273,4274,-0.3621375647243245,-2.320359746700096,-0.9292578127681236,-0.4169101592859797,0.5323301038300351,0.5038484310242747,1689,-0.4031850359271149,,844.5,3,False,False,,False,3,False
bb_lower_bounce,189,35,2.5,120,2.0,-3.0,-1.3038829388592583,-0.2769225458165966,-0.3750995219357924,0.8447040759143749,0.6050466264399341,3646,-0.2871197078491774,-2.4638396423458344,-0.771274568777735,-0.383999716546465,0.5531998169611266,0.5151098901098901,1456,-0.3562533797040844,,728.0,3,False,False,,False,3,False
bb_lower_bounce,190,10,2.5,180,3.75,-2.5,-1.0856633507911453,-0.1665274776740059,-0.3050653148942386,0.9156146302513104,0.44,3650,-0.1835014044969807,-2.1396835065979287,-0.958000059843032,-0.4564783792705896,0.5506761533377141,0.3278592375366569,1705,-0.4327774539485989,,852.5,2,False,False,,False,2,False
bb_lower_bounce,191,35,3.0,270,1.25,-3.0,-1.3636739745388229,-0.7424215939134446,-0.5994723855301731,0.679617369907303,0.671106725867456,6081,-0.5756560080130582,-1.808795769542127,-1.3046214951593815,-0.54980884366112,0.4339977779880371,0.6000745434215431,2683,-0.543587750019521,,1341.5,3,False,False,,False,3,False
bb_lower_bounce,192,30,2.0,270,2.75,-1.25,-1.2282410662597962,-1.144233843048512,-0.7665581864015943,0.6318356787762301,0.3002754820936639,7986,-0.7608791613210101,-1.4407029345362612,-1.9122878001274248,-0.6938283498579287,0.3980136529518471,0.2359882005899705,3729,-0.6927274251856874,,1864.5,2,False,False,,False,2,False
bb_lower_bounce,193,20,1.75,60,2.0,-1.25,-1.1636104631892232,-1.2058546804246288,-0.8354553565770307,0.5468219430248662,0.3641629297458894,5352,-0.8354553565770307,-1.7126901052863477,-1.4733927193622085,-0.5820839417771853,0.3783718979776727,0.2858638743455497,1910,-0.5820839417771853,,955.0,2,False,False,,False,2,False
bb_lower_bounce,194,10,3.0,90,2.5,-1.25,-1.1940198140405835,-1.161344973792366,-0.8037793403869938,0.6182347725561097,0.3266047051989544,6886,-0.8018639934838439,-1.4909750671578872,-1.7090761878093843,-0.6702591649571085,0.3664201744259117,0.2518628912071535,2684,-0.6685356434876539,,1342.0,2,False,False,,False,2,False
bb_lower_bounce,195,10,2.5,360,3.5,-3.0,-0.6648753202727661,-0.0771768521401485,-0.2517474160783807,0.9656022055498996,0.5013412017167382,3728,-0.0881832562256091,-2.306748668756929,-0.5862540764949096,-0.4113891303579529,0.6742495136911447,0.4013749338974088,1891,-0.3615210337105692,,945.5,3,False,False,,False,3,False
bb_lower_bounce,196,15,1.75,330,2.0,-2.75,-1.446907553445523,-0.5551540219609792,-0.5096202251437624,0.7727291879487136,0.5728073145953267,5906,-0.4902406701047841,-1.850118260584702,-1.0959917599028015,-0.5371218018637909,0.5318975181429104,0.4856194690265487,2712,-0.5346824964224212,,1356.0,3,False,False,,False,3,False
bb_lower_bounce,197,15,1.5,300,4.0,-1.5,-1.403962341565916,-0.5814130373056853,-0.5419519100347983,0.7751757372314981,0.2900750625521268,5995,-0.5137696376228473,-1.7217708202819773,-1.3413073043974946,-0.5787192208904811,0.5003544854827559,0.2253086419753086,2916,-0.5723318408704408,,1458.0,2,False,False,,False,2,False
bb_lower_bounce,198,30,2.5,330,1.75,-1.0,-1.0599782042333203,-2.215536291960162,-0.9398413159592154,0.4917566548617732,0.3160833953834698,13430,-0.9397946140239416,-1.1652648667329646,-3.0135671636889314,-0.8581719556038532,0.3070584110358325,0.2647058823529412,6222,-0.8581719556038532,,3111.0,2,False,False,,False,2,False
bb_lower_bounce,199,25,2.25,270,2.0,-1.5,-1.21924615434315,-1.2216093263909598,-0.779175882129177,0.6252277764992078,0.4028105810108644,8468,-0.7790516948486197,-1.462708003835094,-1.9223254257068765,-0.683316837905193,0.4165936896354816,0.3335052875935001,3877,-0.6814811839543169,,1938.5,2,False,False,,False,2,False
