strategy,trial_id,p_min_change_pct,p_entry_hhmm_min,p_entry_hhmm_max,train_calmar,train_sharpe,train_mdd,train_profit_factor,train_win_rate,train_total_trades,train_total_return,test_calmar,test_sharpe,test_mdd,test_profit_factor,test_win_rate,test_total_trades,test_total_return,overfit_ratio,monthly_trades,gates_passed,gate_calmar_ok,pass_stage1,error,pass_stage1_v1,gates_passed_v2,pass_stage1_v2
close_to_open,0,2.0,1430,1510,0.3609512658200996,0.022507496154876,-0.2628773956886652,1.035690034245906,0.3888396811337467,1129,0.0467444403221959,-0.2721925345771014,0.0032554478725212,-0.2028311282759568,0.9923720141165604,0.3732970027247956,367,-0.0085272575472129,-0.7540977421388624,183.5,3,False,False,,False,3,False
close_to_open,1,3.0,1460,1505,0.4555415274140491,0.025604073078887,-0.2256052123558617,1.0468290835795917,0.4053295932678822,713,0.0505375184861394,6.764848956477287,0.0889774156920033,-0.1169766653829689,1.267110685682035,0.4007352941176471,272,0.0918858895227978,14.85012572811744,136.0,5,True,True,,True,5,True
close_to_open,2,2.0,1440,1520,0.2106288438914947,0.0171995559038261,-0.2800353608149692,1.0264758365438846,0.3888888888888889,1098,0.0293033076480762,1.7370008183601888,0.0427935191680596,-0.1786031314468564,1.0865573391886834,0.3881748071979434,389,0.0415867654390018,8.246737656002153,194.5,4,False,False,,False,4,False
close_to_open,3,4.5,1430,1500,2.223957037741849,0.0734107083691638,-0.1960305068536507,1.1723852447135814,0.4143126177024482,531,0.2000387613321075,1.364142486827663,0.0330072844053415,-0.1469786703722641,1.088407652183491,0.3588516746411483,209,0.02793890238704,0.6133852694442243,104.5,5,False,False,,False,5,False
close_to_open,4,2.0,1460,1505,0.3561902823667821,0.0217397925766236,-0.2391106250286868,1.0363004029801766,0.389917695473251,972,0.0420523276324324,0.5433115687475504,0.0198133302029839,-0.1517146764821408,1.0374764907072729,0.3696275071633237,349,0.0120155228580158,1.5253407957606284,174.5,4,False,False,,False,4,False
close_to_open,5,5.5,1430,1520,3.8455359848631865,0.0785154471933631,-0.1127145602855659,1.186972102615459,0.3985680190930787,419,0.1989788415452438,8.760129188735773,0.1084795679051454,-0.1263601624543439,1.331615634554474,0.3417085427135678,199,0.1189338777311856,2.277999535881975,99.5,4,True,False,,True,4,False
close_to_open,6,3.0,1490,1505,0.4555415274140491,0.025604073078887,-0.2256052123558617,1.0468290835795917,0.4053295932678822,713,0.0505375184861394,6.764848956477287,0.0889774156920033,-0.1169766653829689,1.267110685682035,0.4007352941176471,272,0.0918858895227978,14.85012572811744,136.0,5,True,True,,True,5,True
close_to_open,7,5.0,1470,1500,4.495092706459463,0.0958476746933682,-0.1142729144769454,1.2563287114967818,0.4112676056338028,355,0.2323373952375904,5.36645616685641,0.0731599672011997,-0.1017792152167444,1.2439508907862369,0.3664596273291925,161,0.0679226413886582,1.193847717344026,80.5,5,True,True,,True,5,True
close_to_open,8,2.5,1490,1510,0.2154121191401928,0.0159633957391588,-0.2346744813748,1.0268238733584567,0.3981264637002342,854,0.0251648580104202,12.609796751131428,0.1246731239720246,-0.1045507091637315,1.3166416579413338,0.3855799373040752,319,0.135186055190577,58.538009845791535,159.5,5,True,True,,True,5,True
close_to_open,9,3.5,1450,1505,2.103293748072148,0.0710132399768615,-0.1939534125869508,1.1467684351120635,0.413953488372093,645,0.1881789358020504,3.0717220554308047,0.056306521882199,-0.1402619609158641,1.1631935777815432,0.35,260,0.055510139119455,1.460434168192772,130.0,5,True,True,,True,5,True
close_to_open,10,4.0,1440,1500,2.0307335224271754,0.0741080713635079,-0.2115199039145476,1.1653605259710615,0.40597539543058,569,0.1973306500094611,1.5396050598552176,0.035856771709795,-0.1469300294349454,1.0986710539432123,0.3452914798206278,223,0.0312292971797729,0.7581521863169173,111.5,4,False,False,,False,4,False
close_to_open,11,4.5,1440,1510,1.4636299504001755,0.0576869665015051,-0.1995592181002173,1.1250532306478611,0.3988326848249027,514,0.1378538162017615,5.402386188512572,0.0810592716683324,-0.146559018547949,1.2472612595426875,0.3456221198156682,217,0.0919262307979558,3.69108748221194,108.5,4,True,False,,True,4,False
close_to_open,12,4.0,1470,1500,1.3810014282727032,0.0524078311407602,-0.1910299097111353,1.120032629975504,0.4086242299794661,487,0.1252391639214558,5.127331991630031,0.0738384642582175,-0.1102536231580442,1.2348446044976435,0.3869346733668342,199,0.0699029136232798,3.7127637138240153,99.5,5,True,True,,True,5,True
close_to_open,13,5.0,1440,1515,1.735840607399142,0.056634373158399,-0.1545563972992985,1.1211489120388185,0.3981693363844393,437,0.1272443454055114,4.871020309502224,0.0800975585238736,-0.1517645024291011,1.2337862043867447,0.3532338308457711,201,0.0870386579281308,2.8061449241014174,100.5,4,True,False,,True,4,False
close_to_open,14,2.0,1470,1520,-0.350706204687404,-0.013689812574358,-0.3107756747824732,0.9744878698069818,0.3858800773694391,1034,-0.056499411728094,2.332366149183528,0.0526497602249211,-0.1705307757868417,1.112156256807377,0.4010840108401084,369,0.051790845784936,,184.5,3,False,False,,False,3,False
close_to_open,15,4.0,1460,1500,1.3810014282727032,0.0524078311407602,-0.1910299097111353,1.120032629975504,0.4086242299794661,487,0.1252391639214558,5.127331991630031,0.0738384642582175,-0.1102536231580442,1.2348446044976435,0.3869346733668342,199,0.0699029136232798,3.7127637138240153,99.5,5,True,True,,True,5,True
close_to_open,16,1.5,1460,1510,-0.0449681208094557,0.0046164977441344,-0.290861709641558,1.0058045467255452,0.3878787878787879,1155,-0.0066131784947203,4.479131963617804,0.0731922201974709,-0.1327242873947108,1.1562308597467628,0.3746770025839793,387,0.0728872010319694,,193.5,4,True,False,,True,4,False
close_to_open,17,2.0,1460,1500,0.3948338136552115,0.0241789871415154,-0.2541225173690188,1.0423634995010846,0.3962882096069869,916,0.0493671784537992,2.371730259403088,0.0480987619867429,-0.1339693504803558,1.1176433192019302,0.3753846153846153,325,0.0424842941445351,6.006907659317651,162.5,5,False,False,,False,5,False
close_to_open,18,4.5,1470,1515,1.248772649223119,0.0475441074287547,-0.1778273034545293,1.103203708964822,0.4222689075630252,476,0.1063509718369317,17.6340576386301,0.1539356646454926,-0.1053137498833043,1.4685294567874696,0.3969072164948453,194,0.171523115095131,14.121111356499137,97.0,5,True,True,,True,5,True
close_to_open,19,4.0,1450,1510,1.5822202439172246,0.0583350169599429,-0.1946395779987751,1.122757408117576,0.4134275618374558,566,0.144881021763372,6.916628968403209,0.0986401845023383,-0.147881883179683,1.3059467266844187,0.3605150214592275,233,0.1120829690956379,4.37147040368993,116.5,5,True,True,,True,5,True
close_to_open,20,4.0,1460,1510,0.995391220082802,0.043888792754342,-0.2107980199539123,1.0932821663863943,0.412962962962963,540,0.1007528344697887,14.698530138752451,0.1361577993838614,-0.1019335926117199,1.4010082961933432,0.3835616438356164,219,0.1480520995372862,14.766586084142627,109.5,5,True,True,,True,5,True
close_to_open,21,2.0,1450,1520,-0.0258173221149394,0.005822824582124,-0.2854414625620267,1.0071766564537432,0.3863423760523854,1069,-0.0037207235002857,2.865743229562522,0.0593544339976302,-0.1727064482749439,1.1291392073114703,0.3905013192612137,379,0.062507046280466,,189.5,3,False,False,,False,3,False
close_to_open,22,3.0,1450,1515,0.4205227125660918,0.0234302497462706,-0.2200934779891384,1.0409481578229756,0.4046094750320102,781,0.0456204495654699,9.09400712280667,0.1111367584735064,-0.1424352963425618,1.300858528208109,0.3679245283018867,318,0.1334764879422514,21.625483834900837,159.0,5,True,True,,True,5,True
close_to_open,23,4.5,1470,1520,0.8634819462751211,0.037417945285328,-0.1906955601658549,1.0789271746191471,0.41995841995842,481,0.0798481373894492,8.889487304698903,0.1124861479234032,-0.1321793474642833,1.3518903240423517,0.3942307692307692,208,0.1243121751880251,10.294931287268108,104.0,5,True,True,,True,5,True
close_to_open,24,3.0,1480,1500,0.2867128641328761,0.0196842785385408,-0.2466278608089553,1.0362648894387734,0.4044444444444444,675,0.0350324289950294,6.520447807195468,0.0896913841550942,-0.1147595113024448,1.2793039976771765,0.4,260,0.087888345770166,22.742083188055304,130.0,5,True,True,,True,5,True
close_to_open,25,3.0,1430,1510,1.4501041612372814,0.0541318300126509,-0.2049873019767207,1.1022216368596451,0.4055023923444976,836,0.1401469828202151,5.764081705600966,0.0845872535651246,-0.1459550362917681,1.231032860877466,0.3690851735015772,317,0.0964251372446816,3.974943221101333,158.5,5,True,True,,True,5,True
close_to_open,26,4.5,1470,1500,1.93496349839611,0.0609924664949305,-0.1528863238923654,1.1454010671902726,0.4184397163120567,423,0.1395163014154072,6.155996406791116,0.083545373157225,-0.1085403665575424,1.2772943739710845,0.3833333333333333,180,0.0802209315878434,3.1814535064324563,90.0,5,True,True,,True,5,True
close_to_open,27,3.0,1480,1505,0.4555415274140491,0.025604073078887,-0.2256052123558617,1.0468290835795917,0.4053295932678822,713,0.0505375184861394,6.764848956477287,0.0889774156920033,-0.1169766653829689,1.267110685682035,0.4007352941176471,272,0.0918858895227978,14.85012572811744,136.0,5,True,True,,True,5,True
close_to_open,28,5.0,1490,1515,2.3503246435440954,0.0606244088986758,-0.1221569601357448,1.136939358759837,0.4139650872817955,401,0.1356449194108129,17.71809501733071,0.1479090550601269,-0.0957109582784516,1.456279737772891,0.3791208791208791,182,0.1613024735312433,7.538573475795789,91.0,5,True,True,,True,5,True
close_to_open,29,2.5,1470,1505,0.6058992630518726,0.0298798003230975,-0.2154967956726346,1.0538765203565987,0.4007220216606498,831,0.0638002805629334,4.376475805542207,0.0672029193858757,-0.1217410319330007,1.1842239429400163,0.3901639344262295,305,0.0665221823112907,7.2231079858031215,152.5,5,True,True,,True,5,True
close_to_open,30,3.0,1470,1520,-0.2555331417932525,-0.0053815132826213,-0.2351671870259504,0.9875703547235696,0.4020752269779507,771,-0.030750392876549,10.994951494901771,0.1214786482912238,-0.1255706958041113,1.3173103625949936,0.4032258064516129,310,0.139733003151296,,155.0,4,True,False,,True,4,False
close_to_open,31,4.5,1490,1510,1.3223084887186418,0.0496971870806523,-0.1762266777192468,1.111205411822016,0.4202586206896552,464,0.1113404548941487,21.732468549655888,0.1605879399953376,-0.0900230011581644,1.5103883357046812,0.3928571428571428,196,0.1775750322231613,16.435248457578403,98.0,5,True,True,,True,5,True
close_to_open,32,3.0,1450,1520,0.1375673041116501,0.0122126380485088,-0.2172847287248142,1.0194183027185793,0.4042821158690176,794,0.0149542086276353,10.098090598536189,0.1171700118536742,-0.1340610418582965,1.3026340162764702,0.3783783783783784,333,0.1377828709250466,73.40472842544432,166.5,5,True,True,,True,5,True
close_to_open,33,5.0,1440,1500,3.0631210468500565,0.0883062033703753,-0.1561833330744576,1.2164239786679285,0.3975903614457831,415,0.2177860819685713,0.2863431232464579,0.0146221915871359,-0.1435585740922841,1.026488155953519,0.3225806451612903,186,0.0060931470761573,0.0934808382910356,93.0,3,False,False,,False,3,False
close_to_open,34,2.0,1450,1505,0.5818374296810184,0.0302600330131991,-0.2399913244517787,1.0505625124500255,0.3901960784313725,1020,0.068091182928675,0.2370528094601688,0.014562529937507,-0.164657228587437,1.0228840749549502,0.3584905660377358,371,0.005790582616977,0.4074210378492298,185.5,3,False,False,,False,3,False
close_to_open,35,4.5,1440,1515,1.4544514815891705,0.0555390171581089,-0.1922668949132186,1.1178927464950248,0.401529636711281,523,0.1323204376083941,4.470340728292388,0.0755467425014494,-0.1613132775869349,1.2198214219630592,0.3438914027149321,221,0.0853230500266997,3.0735578222299864,110.5,3,True,False,,True,3,False
close_to_open,36,4.5,1500,1520,0.8634819462751211,0.037417945285328,-0.1906955601658549,1.0789271746191471,0.41995841995842,481,0.0798481373894492,8.889487304698903,0.1124861479234032,-0.1321793474642833,1.3518903240423517,0.3942307692307692,208,0.1243121751880251,10.294931287268108,104.0,5,True,True,,True,5,True
close_to_open,37,3.5,1430,1500,1.8249025237271408,0.0658861997788082,-0.2119415522784546,1.135736243522091,0.4160688665710186,697,0.1791421135286903,0.2208788815172133,0.0140714330558221,-0.1602887764034907,1.0235080847132532,0.3458646616541353,266,0.0052602114237203,0.1210359888516649,133.0,2,False,False,,False,2,False
close_to_open,38,5.5,1470,1510,2.3247253724361343,0.060864538201472,-0.1179104170501168,1.1482029267470633,0.3982035928143712,334,0.1298501205249265,20.2915557004768,0.1498270416767973,-0.0840569059408497,1.4851692188095018,0.3641975308641975,162,0.1619400023392794,8.728581853611724,81.0,5,True,True,,True,5,True
close_to_open,39,2.0,1470,1515,-0.2686119157272837,-0.0078280197593512,-0.295486284511108,0.9841484424727612,0.3876953125,1024,-0.0408207572487341,7.280273166450344,0.1089430575672609,-0.1479428295761175,1.2445394183817384,0.3805555555555555,360,0.1165275222105641,,180.0,4,True,False,,True,4,False
close_to_open,40,2.5,1500,1500,0.1046916598163064,0.011325078085352,-0.2379916462133017,1.018638065387513,0.4017857142857143,784,0.0124800972109098,4.768145600297838,0.0756845068061724,-0.1243604329763099,1.2155821488382057,0.3904109589041096,292,0.0727328159325126,45.54465569333885,146.0,5,True,True,,True,5,True
close_to_open,41,3.5,1450,1520,1.3883661643701604,0.0541473081777325,-0.1990279592496682,1.102217109002073,0.4138438880706921,679,0.1308393015139854,9.683583383425248,0.1201071017295906,-0.1415491320889766,1.339540766880537,0.3661971830985915,284,0.1390140705281048,6.974805085240792,142.0,5,True,True,,True,5,True
close_to_open,42,2.0,1470,1520,-0.350706204687404,-0.013689812574358,-0.3107756747824732,0.9744878698069818,0.3858800773694391,1034,-0.056499411728094,2.332366149183528,0.0526497602249211,-0.1705307757868417,1.112156256807377,0.4010840108401084,369,0.051790845784936,,184.5,3,False,False,,False,3,False
close_to_open,43,6.0,1460,1505,3.98678883350175,0.0905310341464934,-0.1157565959717457,1.2732277190624484,0.4086021505376344,279,0.2107457123807545,9.841723427663194,0.1002581732519349,-0.088735178887774,1.383086227076113,0.3602941176470588,136,0.0992784210722683,2.468584075725633,68.0,5,True,True,,True,5,True
close_to_open,44,4.0,1450,1520,0.9429357986596184,0.0400472035111795,-0.200636695731249,1.079045397623128,0.4130808950086058,581,0.0912488132813575,7.693611213602082,0.1082679584983342,-0.1509363411951479,1.317051805644103,0.359375,256,0.12323662084022,8.159210016777958,128.0,4,True,False,,True,4,False
close_to_open,45,5.5,1430,1520,3.8455359848631865,0.0785154471933631,-0.1127145602855659,1.186972102615459,0.3985680190930787,419,0.1989788415452438,8.760129188735773,0.1084795679051454,-0.1263601624543439,1.331615634554474,0.3417085427135678,199,0.1189338777311856,2.277999535881975,99.5,4,True,False,,True,4,False
close_to_open,46,4.0,1500,1500,1.3810014282727032,0.0524078311407602,-0.1910299097111353,1.120032629975504,0.4086242299794661,487,0.1252391639214558,5.127331991630031,0.0738384642582175,-0.1102536231580442,1.2348446044976435,0.3869346733668342,199,0.0699029136232798,3.7127637138240153,99.5,5,True,True,,True,5,True
close_to_open,47,2.0,1480,1510,-0.1816102988273827,-0.0026112720477887,-0.2797230915389367,0.9931869283373744,0.387,1000,-0.025932894243474,5.2640419799364,0.0815335283718779,-0.1324970678318121,1.1787209917045305,0.3666666666666666,360,0.083060466540741,,180.0,4,True,False,,True,4,False
close_to_open,48,3.0,1430,1505,1.9487204288172688,0.0635658876278974,-0.1885919351252195,1.123118937731027,0.4072727272727273,825,0.1708604473574453,1.6626486342641085,0.036760835192378,-0.1446388088993677,1.0914281950383278,0.3636363636363636,308,0.03302998658925,0.8532001869930695,154.0,5,False,False,,False,5,False
close_to_open,49,6.0,1440,1500,4.86416493158548,0.1017594003720714,-0.1116046798103659,1.2990844953963767,0.3791946308724832,298,0.2442598679487455,0.7640788522187691,0.0224277254772024,-0.1331341228808242,1.056008187003929,0.2980132450331126,151,0.0147156771349172,0.1570832533365016,75.5,3,False,False,,False,3,False
close_to_open,50,5.0,1440,1520,1.8755849841353225,0.0581938413894038,-0.1490894727299314,1.1245450326217932,0.4013605442176871,441,0.1323146876261118,7.036387642216514,0.0961183425497304,-0.1296717297583662,1.2812788795641428,0.3537735849056603,212,0.1027091782758513,3.751569617870668,106.0,5,True,True,,True,5,True
close_to_open,51,2.5,1450,1515,0.8456510521166001,0.0385961570812073,-0.2237544281404923,1.0692600993973076,0.4032967032967033,910,0.09126298519219,7.049110763538657,0.0984670809606073,-0.1533474878087889,1.255275605420372,0.3728323699421965,346,0.1168433379609796,8.33572044390564,173.0,4,True,False,,True,4,False
close_to_open,52,5.5,1450,1510,3.722445250271784,0.0797999250817056,-0.1032803555963539,1.1951029224087195,0.4045584045584046,351,0.1781487493137217,17.092771451152,0.1466321873248055,-0.0933728799041769,1.446494905538986,0.3293413173652694,167,0.1547143132913837,4.591812720389647,83.5,4,True,False,,True,4,False
close_to_open,53,5.5,1490,1505,2.9591614712160337,0.0693669089267802,-0.108891539386965,1.1735681868235548,0.3975535168195718,327,0.1511568204371107,4.168004598037781,0.0642815047843736,-0.1164733826942278,1.2059992401395727,0.3653846153846153,156,0.0614892789651362,1.4085086733455563,78.0,5,True,True,,True,5,True
close_to_open,54,5.5,1460,1510,2.3247253724361343,0.060864538201472,-0.1179104170501168,1.1482029267470633,0.3982035928143712,334,0.1298501205249265,20.2915557004768,0.1498270416767973,-0.0840569059408497,1.4851692188095018,0.3641975308641975,162,0.1619400023392794,8.728581853611724,81.0,5,True,True,,True,5,True
close_to_open,55,4.5,1480,1515,1.248772649223119,0.0475441074287547,-0.1778273034545293,1.103203708964822,0.4222689075630252,476,0.1063509718369317,17.6340576386301,0.1539356646454926,-0.1053137498833043,1.4685294567874696,0.3969072164948453,194,0.171523115095131,14.121111356499137,97.0,5,True,True,,True,5,True
close_to_open,56,5.5,1500,1500,3.721509077768877,0.0782626447861698,-0.1036805680631951,1.2182419757676666,0.3940397350993377,302,0.1787458883735893,6.312779134716451,0.0800776000942112,-0.0948952641760424,1.274374183347659,0.3581081081081081,148,0.0733496482259377,1.696295508837263,74.0,5,True,True,,True,5,True
close_to_open,57,3.0,1460,1500,0.2867128641328761,0.0196842785385408,-0.2466278608089553,1.0362648894387734,0.4044444444444444,675,0.0350324289950294,6.520447807195468,0.0896913841550942,-0.1147595113024448,1.2793039976771765,0.4,260,0.087888345770166,22.742083188055304,130.0,5,True,True,,True,5,True
close_to_open,58,4.0,1430,1520,1.8892365399037927,0.0657730348546086,-0.2021328843192297,1.1362947163832016,0.4184952978056426,638,0.1770423408686832,6.3458610503867385,0.0956000564101688,-0.1533986578866341,1.2700323661285735,0.3688212927756654,263,0.1079447698000306,3.358955279739557,131.5,4,True,False,,True,4,False
close_to_open,59,5.5,1460,1520,2.7508604276667468,0.0660879779614918,-0.1146320524371344,1.159510535428971,0.4017094017094017,351,0.1481294329603024,19.078961994884736,0.148812908325077,-0.0899709495544837,1.5182259203923154,0.3757225433526011,173,0.1626451118729253,6.935634321173949,86.5,5,True,True,,True,5,True
close_to_open,60,3.0,1430,1500,1.2851987510696523,0.0514743669939743,-0.2203821575121833,1.1000205493344748,0.4029484029484029,814,0.1339211689689625,0.2144089639084985,0.0141389556341455,-0.1649784220945856,1.0232525488621138,0.3547297297297297,296,0.0052555918783356,0.1668294213093881,148.0,3,False,False,,False,3,False
close_to_open,61,1.5,1460,1500,0.2495897234376944,0.0182826067554763,-0.2614819491418858,1.0296550346022666,0.3910614525139664,1074,0.0323748588762609,1.0119851273032787,0.0282384877927667,-0.1457800352791614,1.060187862922289,0.3787465940054496,367,0.020967413445009,4.054594529633759,183.5,5,False,False,,False,5,False
close_to_open,62,1.5,1480,1500,0.2495897234376944,0.0182826067554763,-0.2614819491418858,1.0296550346022666,0.3910614525139664,1074,0.0323748588762609,1.0119851273032787,0.0282384877927667,-0.1457800352791614,1.060187862922289,0.3787465940054496,367,0.020967413445009,4.054594529633759,183.5,5,False,False,,False,5,False
close_to_open,63,5.5,1460,1510,2.3247253724361343,0.060864538201472,-0.1179104170501168,1.1482029267470633,0.3982035928143712,334,0.1298501205249265,20.2915557004768,0.1498270416767973,-0.0840569059408497,1.4851692188095018,0.3641975308641975,162,0.1619400023392794,8.728581853611724,81.0,5,True,True,,True,5,True
close_to_open,64,5.0,1460,1520,2.616087891273836,0.062850879122381,-0.1160908856421399,1.1428512133239486,0.4172839506172839,405,0.143000846017264,17.506926478196046,0.1415835405519931,-0.0899095817170031,1.4754353800520603,0.3850267379679144,187,0.1532359970773442,6.692025346928044,93.5,5,True,True,,True,5,True
close_to_open,65,2.5,1500,1505,0.6058992630518726,0.0298798003230975,-0.2154967956726346,1.0538765203565987,0.4007220216606498,831,0.0638002805629334,4.376475805542207,0.0672029193858757,-0.1217410319330007,1.1842239429400163,0.3901639344262295,305,0.0665221823112907,7.2231079858031215,152.5,5,True,True,,True,5,True
close_to_open,66,5.0,1490,1505,2.863576759950117,0.0716333469177327,-0.1224646295118939,1.1724458947263503,0.4078947368421052,380,0.1635777624284942,3.710361790893431,0.0618888324549504,-0.1258279101172799,1.1930121645639449,0.378698224852071,169,0.0594748944288385,1.2957088640983607,84.5,5,True,True,,True,5,True
close_to_open,67,2.0,1440,1515,0.3608904132536968,0.0231248998471471,-0.265262779470549,1.036962466722697,0.3902662993572084,1089,0.0471514262460168,2.701581251224279,0.0598520320482409,-0.1914162540864324,1.1357694639643583,0.376,375,0.0648708530443773,7.485877019750967,187.5,4,False,False,,False,4,False
close_to_open,68,4.0,1490,1515,0.9796306677978696,0.0434723005419721,-0.2119973356532712,1.0907073421101177,0.4145454545454545,550,0.0997677453279559,14.424507825630135,0.1453577150194838,-0.1168192481426817,1.4139087817881262,0.3856502242152466,223,0.1606026097243269,14.724434728095297,111.5,5,True,True,,True,5,True
close_to_open,69,5.0,1430,1500,2.852624701604266,0.0806800327718406,-0.1656598721304683,1.1946854344599165,0.4088888888888889,450,0.2153581147603966,0.7057005634743587,0.0222119518334833,-0.1463760115269797,1.0529079943545545,0.3351063829787234,188,0.0149339640281063,0.2473864028021229,94.0,3,False,False,,False,3,False
close_to_open,70,1.5,1490,1510,-0.0449681208094557,0.0046164977441344,-0.290861709641558,1.0058045467255452,0.3878787878787879,1155,-0.0066131784947203,4.479131963617804,0.0731922201974709,-0.1327242873947108,1.1562308597467628,0.3746770025839793,387,0.0728872010319694,,193.5,4,True,False,,True,4,False
close_to_open,71,2.0,1460,1505,0.3561902823667821,0.0217397925766236,-0.2391106250286868,1.0363004029801766,0.389917695473251,972,0.0420523276324324,0.5433115687475504,0.0198133302029839,-0.1517146764821408,1.0374764907072729,0.3696275071633237,349,0.0120155228580158,1.5253407957606284,174.5,4,False,False,,False,4,False
close_to_open,72,3.0,1500,1505,0.4555415274140491,0.025604073078887,-0.2256052123558617,1.0468290835795917,0.4053295932678822,713,0.0505375184861394,6.764848956477287,0.0889774156920033,-0.1169766653829689,1.267110685682035,0.4007352941176471,272,0.0918858895227978,14.85012572811744,136.0,5,True,True,,True,5,True
close_to_open,73,4.5,1450,1510,2.019153667234488,0.0685575611424479,-0.175629809052524,1.1558739885297429,0.4093686354378819,491,0.1652856658461974,7.860831980750968,0.1007353660112992,-0.1357038741085745,1.3268292865736713,0.3640776699029126,206,0.1156893134516732,3.893132111889964,103.0,5,True,True,,True,5,True
close_to_open,74,5.0,1460,1500,4.495092706459463,0.0958476746933682,-0.1142729144769454,1.2563287114967818,0.4112676056338028,355,0.2323373952375904,5.36645616685641,0.0731599672011997,-0.1017792152167444,1.2439508907862369,0.3664596273291925,161,0.0679226413886582,1.193847717344026,80.5,5,True,True,,True,5,True
close_to_open,75,5.0,1440,1500,3.0631210468500565,0.0883062033703753,-0.1561833330744576,1.2164239786679285,0.3975903614457831,415,0.2177860819685713,0.2863431232464579,0.0146221915871359,-0.1435585740922841,1.026488155953519,0.3225806451612903,186,0.0060931470761573,0.0934808382910356,93.0,3,False,False,,False,3,False
close_to_open,76,5.5,1430,1500,6.888333289401317,0.1032596193818809,-0.0906592899722674,1.2752126720216934,0.3964194373401534,391,0.2770117379093277,2.099953248558229,0.0409400024033421,-0.1215848654769925,1.1183085606981749,0.3275862068965517,174,0.0348840081244268,0.3048565103243924,87.0,3,False,False,,False,3,False
close_to_open,77,3.0,1450,1515,0.4205227125660918,0.0234302497462706,-0.2200934779891384,1.0409481578229756,0.4046094750320102,781,0.0456204495654699,9.09400712280667,0.1111367584735064,-0.1424352963425618,1.300858528208109,0.3679245283018867,318,0.1334764879422514,21.625483834900837,159.0,5,True,True,,True,5,True
close_to_open,78,5.0,1500,1505,2.863576759950117,0.0716333469177327,-0.1224646295118939,1.1724458947263503,0.4078947368421052,380,0.1635777624284942,3.710361790893431,0.0618888324549504,-0.1258279101172799,1.1930121645639449,0.378698224852071,169,0.0594748944288385,1.2957088640983607,84.5,5,True,True,,True,5,True
close_to_open,79,4.5,1430,1505,2.5779607670505973,0.0777997879717394,-0.1793716148533334,1.177903040185379,0.4136029411764705,544,0.2111280350114373,2.451765450797493,0.0482463066297003,-0.1457638115072718,1.138087699143803,0.3674418604651163,215,0.0471537966086972,0.95104839535728,107.5,5,False,False,,False,5,False
close_to_open,80,4.5,1430,1515,2.01935316633637,0.0665154311967919,-0.1876388115519852,1.1450367881726096,0.4165170556552962,557,0.1757676863891961,6.091860727134254,0.0927526497147572,-0.1596958317650598,1.278782762791619,0.3721973094170404,223,0.1078938148962629,3.0167386412087924,111.5,4,True,False,,True,4,False
close_to_open,81,3.5,1500,1510,1.3060134933060998,0.0521160132502084,-0.1994965112524676,1.102971069480293,0.4149443561208267,629,0.1237720897917198,20.121408231024308,0.1576139247717595,-0.0924824372350013,1.450005837937092,0.3803921568627451,255,0.1717559729547957,15.406738394477143,127.5,5,True,True,,True,5,True
close_to_open,82,4.5,1500,1505,1.6817977576438616,0.0570444654063824,-0.1623841316616298,1.1306195185078387,0.4185022026431718,454,0.1293977301886819,5.076818839370072,0.07661615827298,-0.125183522134949,1.2442020130985467,0.3915343915343915,189,0.0770069607111989,3.0186856988574617,94.5,5,True,True,,True,5,True
close_to_open,83,3.0,1470,1505,0.4555415274140491,0.025604073078887,-0.2256052123558617,1.0468290835795917,0.4053295932678822,713,0.0505375184861394,6.764848956477287,0.0889774156920033,-0.1169766653829689,1.267110685682035,0.4007352941176471,272,0.0918858895227978,14.85012572811744,136.0,5,True,True,,True,5,True
close_to_open,84,1.5,1430,1510,0.0500349461938293,0.0103338710238483,-0.3123402046836627,1.0136164634281395,0.3890600924499229,1298,0.0078456867726104,-0.2657353069031457,0.0034635930057709,-0.2007575380452642,0.9932434326991616,0.3929471032745592,397,-0.0082330498986665,-5.310994157437867,198.5,3,False,False,,False,3,False
close_to_open,85,1.5,1430,1520,-0.2173240440341003,-0.0045744463454799,-0.3430989989941183,0.9884528137103386,0.3916349809885932,1315,-0.0382997503728731,0.0049318577223169,0.0104601657678552,-0.1963811989713003,1.009064400220095,0.4014251781472684,421,0.0001459872654205,,210.5,3,False,False,,False,3,False
close_to_open,86,5.0,1450,1500,7.119273341110158,0.1243694742175357,-0.1019465254557525,1.3294483861986106,0.4138817480719794,389,0.3165391894009377,2.481819298406363,0.0453188590496206,-0.1155688418755202,1.1330690957113831,0.3184357541899441,179,0.0387586162999684,0.3486057044719898,89.5,3,False,False,,False,3,False
close_to_open,87,5.5,1440,1505,7.020178658397608,0.1062817521361335,-0.0815366954625454,1.2687038141649696,0.3956639566395664,369,0.2562088005278884,-0.0018533423202764,0.0099393743360839,-0.1571654272547025,1.0076736444887082,0.3179190751445087,173,-4.392880968107082e-05,-0.0002640021586999,86.5,2,False,False,,False,2,False
close_to_open,88,2.0,1440,1505,0.9615269820637364,0.0428364377547594,-0.2361631288858408,1.0736144628911286,0.3922127255460589,1053,0.1086350712767698,-0.4223544124980393,0.0008177728130876,-0.1706367345642681,0.9851677777958712,0.3552631578947368,380,-0.0112157073458656,-0.4392538330973668,190.0,3,False,False,,False,3,False
close_to_open,89,4.5,1440,1520,1.1583922670958144,0.0477114455887811,-0.199893209177413,1.0993532661256065,0.4011406844106464,526,0.1106719521540808,6.3242739984780965,0.0927904421812632,-0.1477565676572495,1.2702555051980025,0.3504273504273504,234,0.1046155563958468,5.4595271205785725,117.0,5,True,True,,True,5,True
close_to_open,90,3.0,1430,1520,0.7029301939391509,0.0322396762374624,-0.2143576724918626,1.0565385848443072,0.4041570438799076,866,0.0732944322963804,9.527957612899964,0.1098683244369762,-0.1305186034175655,1.2779239495311905,0.3782991202346041,341,0.1295868661355299,13.554628461051353,170.5,5,True,True,,True,5,True
close_to_open,91,2.0,1490,1520,-0.350706204687404,-0.013689812574358,-0.3107756747824732,0.9744878698069818,0.3858800773694391,1034,-0.056499411728094,2.332366149183528,0.0526497602249211,-0.1705307757868417,1.112156256807377,0.4010840108401084,369,0.051790845784936,,184.5,3,False,False,,False,3,False
close_to_open,92,6.0,1480,1510,2.2429454524731467,0.0661484289698542,-0.1367087646678979,1.17755169732427,0.4083044982698962,289,0.1442931188919798,42.5570000299275,0.1791888483017405,-0.0519161498129905,1.6730290267876184,0.3566433566433566,143,0.1922447286239614,18.973711546574943,71.5,5,True,True,,True,5,True
close_to_open,93,3.0,1480,1505,0.4555415274140491,0.025604073078887,-0.2256052123558617,1.0468290835795917,0.4053295932678822,713,0.0505375184861394,6.764848956477287,0.0889774156920033,-0.1169766653829689,1.267110685682035,0.4007352941176471,272,0.0918858895227978,14.85012572811744,136.0,5,True,True,,True,5,True
close_to_open,94,3.5,1490,1505,1.399500898394047,0.0529444591229912,-0.1939780004884674,1.107707085650904,0.4143556280587275,613,0.128671042134679,4.352479527386281,0.07154817323058,-0.1320459635324446,1.2129706257690986,0.3786008230452675,243,0.0708713949730284,3.110022674784155,121.5,5,True,True,,True,5,True
close_to_open,95,3.5,1500,1510,1.3060134933060998,0.0521160132502084,-0.1994965112524676,1.102971069480293,0.4149443561208267,629,0.1237720897917198,20.121408231024308,0.1576139247717595,-0.0924824372350013,1.450005837937092,0.3803921568627451,255,0.1717559729547957,15.406738394477143,127.5,5,True,True,,True,5,True
close_to_open,96,2.0,1430,1515,0.1282445880206605,0.0135334142968055,-0.2817190469985669,1.0193286278619378,0.3872377622377622,1144,0.0180475629162482,2.054167631386536,0.0495602273548727,-0.1904578333583362,1.1072594439465693,0.3753280839895013,381,0.0510509227471369,16.017577529709115,190.5,4,False,False,,False,4,False
close_to_open,97,6.0,1440,1500,4.86416493158548,0.1017594003720714,-0.1116046798103659,1.2990844953963767,0.3791946308724832,298,0.2442598679487455,0.7640788522187691,0.0224277254772024,-0.1331341228808242,1.056008187003929,0.2980132450331126,151,0.0147156771349172,0.1570832533365016,75.5,3,False,False,,False,3,False
close_to_open,98,5.5,1460,1520,2.7508604276667468,0.0660879779614918,-0.1146320524371344,1.159510535428971,0.4017094017094017,351,0.1481294329603024,19.078961994884736,0.148812908325077,-0.0899709495544837,1.5182259203923154,0.3757225433526011,173,0.1626451118729253,6.935634321173949,86.5,5,True,True,,True,5,True
close_to_open,99,3.5,1450,1510,1.9629879437616795,0.0697337537060062,-0.1975204906815313,1.139816072700846,0.4152671755725191,655,0.1795524165988258,7.935507817625383,0.1039311237610721,-0.138568115993362,1.3136558984917177,0.3558052434456928,267,0.1183465686089619,4.042565744147438,133.5,5,True,True,,True,5,True
close_to_open,100,2.0,1460,1510,-0.1816102988273827,-0.0026112720477887,-0.2797230915389367,0.9931869283373744,0.387,1000,-0.025932894243474,5.2640419799364,0.0815335283718779,-0.1324970678318121,1.1787209917045305,0.3666666666666666,360,0.083060466540741,,180.0,4,True,False,,True,4,False
close_to_open,101,3.5,1450,1515,1.6712335996465952,0.0622393483436596,-0.1995637690888042,1.1208613616054368,0.414050822122571,669,0.1561000375044787,6.748949953162867,0.0987564913668038,-0.1545182971203456,1.281255321552608,0.3576642335766423,274,0.113733416915585,4.038304372644269,137.0,4,True,False,,True,4,False
close_to_open,102,5.5,1470,1520,2.7508604276667468,0.0660879779614918,-0.1146320524371344,1.159510535428971,0.4017094017094017,351,0.1481294329603024,19.078961994884736,0.148812908325077,-0.0899709495544837,1.5182259203923154,0.3757225433526011,173,0.1626451118729253,6.935634321173949,86.5,5,True,True,,True,5,True
close_to_open,103,5.5,1430,1520,3.8455359848631865,0.0785154471933631,-0.1127145602855659,1.186972102615459,0.3985680190930787,419,0.1989788415452438,8.760129188735773,0.1084795679051454,-0.1263601624543439,1.331615634554474,0.3417085427135678,199,0.1189338777311856,2.277999535881975,99.5,4,True,False,,True,4,False
close_to_open,104,3.5,1440,1505,2.631374184835388,0.0802669635509729,-0.183461280741787,1.167104351756155,0.4113263785394933,671,0.2195892466559743,1.0905261088260911,0.0289710576856512,-0.1502342174302886,1.0700405627738638,0.3345724907063197,269,0.0231421334584125,0.4144321682225181,134.5,2,False,False,,False,2,False
close_to_open,105,3.5,1440,1500,1.4286276939811922,0.057568967299951,-0.2201527344800525,1.1190021558936305,0.4042879019908116,653,0.1477684438717768,0.5356649587504105,0.0202595369323691,-0.1618315707376118,1.0438412864732924,0.3294573643410852,258,0.012614997578072,0.3749507033968099,129.0,2,False,False,,False,2,False
close_to_open,106,5.5,1450,1510,3.722445250271784,0.0797999250817056,-0.1032803555963539,1.1951029224087195,0.4045584045584046,351,0.1781487493137217,17.092771451152,0.1466321873248055,-0.0933728799041769,1.446494905538986,0.3293413173652694,167,0.1547143132913837,4.591812720389647,83.5,4,True,False,,True,4,False
close_to_open,107,3.5,1460,1510,1.3060134933060998,0.0521160132502084,-0.1994965112524676,1.102971069480293,0.4149443561208267,629,0.1237720897917198,20.121408231024308,0.1576139247717595,-0.0924824372350013,1.450005837937092,0.3803921568627451,255,0.1717559729547957,15.406738394477143,127.5,5,True,True,,True,5,True
close_to_open,108,3.0,1470,1520,-0.2555331417932525,-0.0053815132826213,-0.2351671870259504,0.9875703547235696,0.4020752269779507,771,-0.030750392876549,10.994951494901771,0.1214786482912238,-0.1255706958041113,1.3173103625949936,0.4032258064516129,310,0.139733003151296,,155.0,4,True,False,,True,4,False
close_to_open,109,5.0,1470,1500,4.495092706459463,0.0958476746933682,-0.1142729144769454,1.2563287114967818,0.4112676056338028,355,0.2323373952375904,5.36645616685641,0.0731599672011997,-0.1017792152167444,1.2439508907862369,0.3664596273291925,161,0.0679226413886582,1.193847717344026,80.5,5,True,True,,True,5,True
close_to_open,110,2.0,1490,1510,-0.1816102988273827,-0.0026112720477887,-0.2797230915389367,0.9931869283373744,0.387,1000,-0.025932894243474,5.2640419799364,0.0815335283718779,-0.1324970678318121,1.1787209917045305,0.3666666666666666,360,0.083060466540741,,180.0,4,True,False,,True,4,False
close_to_open,111,1.5,1430,1510,0.0500349461938293,0.0103338710238483,-0.3123402046836627,1.0136164634281395,0.3890600924499229,1298,0.0078456867726104,-0.2657353069031457,0.0034635930057709,-0.2007575380452642,0.9932434326991616,0.3929471032745592,397,-0.0082330498986665,-5.310994157437867,198.5,3,False,False,,False,3,False
close_to_open,112,2.5,1470,1505,0.6058992630518726,0.0298798003230975,-0.2154967956726346,1.0538765203565987,0.4007220216606498,831,0.0638002805629334,4.376475805542207,0.0672029193858757,-0.1217410319330007,1.1842239429400163,0.3901639344262295,305,0.0665221823112907,7.2231079858031215,152.5,5,True,True,,True,5,True
close_to_open,113,5.0,1490,1520,2.616087891273836,0.062850879122381,-0.1160908856421399,1.1428512133239486,0.4172839506172839,405,0.143000846017264,17.506926478196046,0.1415835405519931,-0.0899095817170031,1.4754353800520603,0.3850267379679144,187,0.1532359970773442,6.692025346928044,93.5,5,True,True,,True,5,True
close_to_open,114,1.5,1440,1500,0.3642443642629372,0.0245605441829814,-0.290602152681324,1.0407284546163502,0.3904052936311001,1209,0.0520140686611909,-1.6159816634055093,-0.0430328468631416,-0.2127045861098973,0.8802168181939342,0.3594132029339853,409,-0.061536170883675,-4.436531685742102,204.5,3,False,False,,False,3,False
close_to_open,115,2.5,1430,1510,1.312340665883715,0.0523781815453019,-0.2260711766226191,1.0966964461916269,0.4016477857878476,971,0.139894242984919,1.7977457628065825,0.0427341562161494,-0.1720932639823682,1.094932642186307,0.3721590909090909,352,0.0414843816562191,1.3698773569559406,176.0,4,False,False,,False,4,False
close_to_open,116,6.0,1450,1515,3.531573786495838,0.0800819063669027,-0.1121659418433224,1.2043789874105528,0.4095238095238095,315,0.1831418736155414,18.14609476561951,0.1485282333548273,-0.0881604358247269,1.469517008011651,0.3071895424836601,153,0.1549667795584781,5.1382459669984,76.5,4,True,False,,True,4,False
close_to_open,117,2.5,1430,1510,1.312340665883715,0.0523781815453019,-0.2260711766226191,1.0966964461916269,0.4016477857878476,971,0.139894242984919,1.7977457628065825,0.0427341562161494,-0.1720932639823682,1.094932642186307,0.3721590909090909,352,0.0414843816562191,1.3698773569559406,176.0,4,False,False,,False,4,False
close_to_open,118,4.0,1430,1510,2.654805157837626,0.0828340993391832,-0.1956314820090506,1.1811159891661238,0.4192,625,0.2346723419084189,5.501854299580646,0.0846555071296054,-0.1516290320766935,1.2511080340493483,0.3692946058091286,241,0.095790538555736,2.072413594398008,120.5,4,True,False,,True,4,False
close_to_open,119,3.0,1460,1500,0.2867128641328761,0.0196842785385408,-0.2466278608089553,1.0362648894387734,0.4044444444444444,675,0.0350324289950294,6.520447807195468,0.0896913841550942,-0.1147595113024448,1.2793039976771765,0.4,260,0.087888345770166,22.742083188055304,130.0,5,True,True,,True,5,True
close_to_open,120,4.0,1490,1520,0.5832240077932865,0.030057248383378,-0.2181857005884785,1.059611448246751,0.414721723518851,557,0.0622256214642906,7.703888558783146,0.107075152078586,-0.1423721489902482,1.3170568420943471,0.3823529411764705,238,0.1181224150588486,13.2091416948557,119.0,5,True,True,,True,5,True
close_to_open,121,2.5,1460,1505,0.6058992630518726,0.0298798003230975,-0.2154967956726346,1.0538765203565987,0.4007220216606498,831,0.0638002805629334,4.376475805542207,0.0672029193858757,-0.1217410319330007,1.1842239429400163,0.3901639344262295,305,0.0665221823112907,7.2231079858031215,152.5,5,True,True,,True,5,True
close_to_open,122,2.5,1490,1500,0.1046916598163064,0.011325078085352,-0.2379916462133017,1.018638065387513,0.4017857142857143,784,0.0124800972109098,4.768145600297838,0.0756845068061724,-0.1243604329763099,1.2155821488382057,0.3904109589041096,292,0.0727328159325126,45.54465569333885,146.0,5,True,True,,True,5,True
close_to_open,123,2.5,1480,1515,0.1679442693577533,0.0141544969073572,-0.2412617918035028,1.0233702430336764,0.4022857142857143,875,0.0202188938491438,18.47054171500217,0.154086810230317,-0.1047698939087475,1.3890707569690277,0.3962848297213622,323,0.176293858787748,109.98018441258272,161.5,5,True,True,,True,5,True
close_to_open,124,3.0,1470,1505,0.4555415274140491,0.025604073078887,-0.2256052123558617,1.0468290835795917,0.4053295932678822,713,0.0505375184861394,6.764848956477287,0.0889774156920033,-0.1169766653829689,1.267110685682035,0.4007352941176471,272,0.0918858895227978,14.85012572811744,136.0,5,True,True,,True,5,True
close_to_open,125,2.0,1490,1500,0.3948338136552115,0.0241789871415154,-0.2541225173690188,1.0423634995010846,0.3962882096069869,916,0.0493671784537992,2.371730259403088,0.0480987619867429,-0.1339693504803558,1.1176433192019302,0.3753846153846153,325,0.0424842941445351,6.006907659317651,162.5,5,False,False,,False,5,False
close_to_open,126,5.0,1460,1505,2.863576759950117,0.0716333469177327,-0.1224646295118939,1.1724458947263503,0.4078947368421052,380,0.1635777624284942,3.710361790893431,0.0618888324549504,-0.1258279101172799,1.1930121645639449,0.378698224852071,169,0.0594748944288385,1.2957088640983607,84.5,5,True,True,,True,5,True
close_to_open,127,5.0,1480,1510,3.0267582289180046,0.0720477996316943,-0.1170305438724239,1.1705566569872126,0.4123711340206185,388,0.1651120636767329,20.600177385602866,0.1513312364350046,-0.0840272353471466,1.4872792317685395,0.3757225433526011,173,0.1635738849339898,6.806020113792487,86.5,5,True,True,,True,5,True
close_to_open,128,3.0,1460,1500,0.2867128641328761,0.0196842785385408,-0.2466278608089553,1.0362648894387734,0.4044444444444444,675,0.0350324289950294,6.520447807195468,0.0896913841550942,-0.1147595113024448,1.2793039976771765,0.4,260,0.087888345770166,22.742083188055304,130.0,5,True,True,,True,5,True
close_to_open,129,3.0,1490,1510,0.1143104610220537,0.0114704083147049,-0.2289191322153758,1.0189694786906385,0.4035567715458276,731,0.0131032762550782,24.99354706058434,0.1645169949187965,-0.0828395696602984,1.467326106003706,0.3937282229965156,287,0.1843145710569342,218.64619245794455,143.5,5,True,True,,True,5,True
close_to_open,130,3.5,1440,1510,2.447090870369523,0.0792461233141059,-0.1890860758886098,1.1604183541271504,0.4126284875183553,681,0.2112523321875148,4.644180536553982,0.0753512818873129,-0.1498014736515978,1.2090708835474784,0.3417266187050359,278,0.0828905718722807,1.8978373842948824,139.0,4,True,False,,True,4,False
close_to_open,131,4.0,1490,1520,0.5832240077932865,0.030057248383378,-0.2181857005884785,1.059611448246751,0.414721723518851,557,0.0622256214642906,7.703888558783146,0.107075152078586,-0.1423721489902482,1.3170568420943471,0.3823529411764705,238,0.1181224150588486,13.2091416948557,119.0,5,True,True,,True,5,True
close_to_open,132,4.0,1430,1500,2.9169214801045302,0.0903624754084971,-0.2029347782185701,1.2075479963018725,0.419672131147541,610,0.2640530644091574,1.3373336966845628,0.0321755540104914,-0.144435114116482,1.0851334346083872,0.3628318584070796,226,0.0269884562941147,0.4584743558598081,113.0,4,False,False,,False,4,False
close_to_open,133,3.5,1450,1520,1.3883661643701604,0.0541473081777325,-0.1990279592496682,1.102217109002073,0.4138438880706921,679,0.1308393015139854,9.683583383425248,0.1201071017295906,-0.1415491320889766,1.339540766880537,0.3661971830985915,284,0.1390140705281048,6.974805085240792,142.0,5,True,True,,True,5,True
close_to_open,134,3.5,1430,1500,1.8249025237271408,0.0658861997788082,-0.2119415522784546,1.135736243522091,0.4160688665710186,697,0.1791421135286903,0.2208788815172133,0.0140714330558221,-0.1602887764034907,1.0235080847132532,0.3458646616541353,266,0.0052602114237203,0.1210359888516649,133.0,2,False,False,,False,2,False
close_to_open,135,6.0,1490,1510,2.2429454524731467,0.0661484289698542,-0.1367087646678979,1.17755169732427,0.4083044982698962,289,0.1442931188919798,42.5570000299275,0.1791888483017405,-0.0519161498129905,1.6730290267876184,0.3566433566433566,143,0.1922447286239614,18.973711546574943,71.5,5,True,True,,True,5,True
close_to_open,136,4.0,1490,1520,0.5832240077932865,0.030057248383378,-0.2181857005884785,1.059611448246751,0.414721723518851,557,0.0622256214642906,7.703888558783146,0.107075152078586,-0.1423721489902482,1.3170568420943471,0.3823529411764705,238,0.1181224150588486,13.2091416948557,119.0,5,True,True,,True,5,True
close_to_open,137,5.5,1440,1515,5.194865649629254,0.0911065879691372,-0.0913195035190145,1.2194970544297945,0.3979057591623036,382,0.2161178523864022,3.930857365105647,0.0700226957626239,-0.1572600590054082,1.2021231167633686,0.3277777777777778,180,0.0752745996805448,0.7566812368643612,90.0,3,True,False,,True,3,False
close_to_open,138,6.0,1460,1510,2.2429454524731467,0.0661484289698542,-0.1367087646678979,1.17755169732427,0.4083044982698962,289,0.1442931188919798,42.5570000299275,0.1791888483017405,-0.0519161498129905,1.6730290267876184,0.3566433566433566,143,0.1922447286239614,18.973711546574943,71.5,5,True,True,,True,5,True
close_to_open,139,1.5,1490,1500,0.2495897234376944,0.0182826067554763,-0.2614819491418858,1.0296550346022666,0.3910614525139664,1074,0.0323748588762609,1.0119851273032787,0.0282384877927667,-0.1457800352791614,1.060187862922289,0.3787465940054496,367,0.020967413445009,4.054594529633759,183.5,5,False,False,,False,5,False
close_to_open,140,5.5,1460,1510,2.3247253724361343,0.060864538201472,-0.1179104170501168,1.1482029267470633,0.3982035928143712,334,0.1298501205249265,20.2915557004768,0.1498270416767973,-0.0840569059408497,1.4851692188095018,0.3641975308641975,162,0.1619400023392794,8.728581853611724,81.0,5,True,True,,True,5,True
close_to_open,141,4.5,1440,1510,1.4636299504001755,0.0576869665015051,-0.1995592181002173,1.1250532306478611,0.3988326848249027,514,0.1378538162017615,5.402386188512572,0.0810592716683324,-0.146559018547949,1.2472612595426875,0.3456221198156682,217,0.0919262307979558,3.69108748221194,108.5,4,True,False,,True,4,False
close_to_open,142,6.0,1480,1500,4.725161313079646,0.0988224316975242,-0.1047519553240935,1.324172222979862,0.4031620553359684,253,0.2246421648389698,8.378081171731028,0.0885852877750221,-0.0830047933006005,1.359096308851659,0.34375,128,0.0828632027658859,1.7730783388367697,64.0,4,True,False,,True,4,False
close_to_open,143,3.5,1470,1515,1.1903055599555123,0.0488773645144063,-0.2020236795169966,1.094647697829017,0.4155038759689922,645,0.1147166571217865,16.44398898005426,0.1505216063764017,-0.1082675416960509,1.4069397598943458,0.3798449612403101,258,0.1667219985161465,13.814930832272054,129.0,5,True,True,,True,5,True
close_to_open,144,4.0,1490,1510,0.995391220082802,0.043888792754342,-0.2107980199539123,1.0932821663863943,0.412962962962963,540,0.1007528344697887,14.698530138752451,0.1361577993838614,-0.1019335926117199,1.4010082961933432,0.3835616438356164,219,0.1480520995372862,14.766586084142627,109.5,5,True,True,,True,5,True
close_to_open,145,5.5,1450,1505,4.181661250246167,0.0879331671590217,-0.1037285586881959,1.2200497986704444,0.4028985507246377,345,0.1991094244899083,2.0304892797790544,0.0422056478708694,-0.1334837456945134,1.1194639561106972,0.3192771084337349,166,0.0368272680480719,0.4855700063364824,83.0,3,False,False,,False,3,False
close_to_open,146,4.5,1490,1505,1.6817977576438616,0.0570444654063824,-0.1623841316616298,1.1306195185078387,0.4185022026431718,454,0.1293977301886819,5.076818839370072,0.07661615827298,-0.125183522134949,1.2442020130985467,0.3915343915343915,189,0.0770069607111989,3.0186856988574617,94.5,5,True,True,,True,5,True
close_to_open,147,6.0,1470,1515,2.327112820609768,0.0613625272265421,-0.1225677587808035,1.1562382693520423,0.4078947368421052,304,0.1348088683357393,32.512208834615905,0.1731399378335389,-0.0646848394006172,1.6122243595011745,0.3605442176870748,147,0.1862017527293054,13.971049682970166,73.5,5,True,True,,True,5,True
close_to_open,148,5.5,1430,1510,4.894734926847667,0.0901424646457778,-0.104957628332116,1.2238136525055916,0.398034398034398,407,0.2323671108487954,6.1940083106959065,0.0884660762214039,-0.139062117129329,1.2780041470770942,0.3387978142076502,183,0.0982176595202972,1.2654430532533465,91.5,4,True,False,,True,4,False
close_to_open,149,3.5,1460,1515,1.1903055599555123,0.0488773645144063,-0.2020236795169966,1.094647697829017,0.4155038759689922,645,0.1147166571217865,16.44398898005426,0.1505216063764017,-0.1082675416960509,1.4069397598943458,0.3798449612403101,258,0.1667219985161465,13.814930832272054,129.0,5,True,True,,True,5,True
close_to_open,150,6.0,1480,1515,2.327112820609768,0.0613625272265421,-0.1225677587808035,1.1562382693520423,0.4078947368421052,304,0.1348088683357393,32.512208834615905,0.1731399378335389,-0.0646848394006172,1.6122243595011745,0.3605442176870748,147,0.1862017527293054,13.971049682970166,73.5,5,True,True,,True,5,True
close_to_open,151,5.0,1500,1505,2.863576759950117,0.0716333469177327,-0.1224646295118939,1.1724458947263503,0.4078947368421052,380,0.1635777624284942,3.710361790893431,0.0618888324549504,-0.1258279101172799,1.1930121645639449,0.378698224852071,169,0.0594748944288385,1.2957088640983607,84.5,5,True,True,,True,5,True
close_to_open,152,5.5,1500,1505,2.9591614712160337,0.0693669089267802,-0.108891539386965,1.1735681868235548,0.3975535168195718,327,0.1511568204371107,4.168004598037781,0.0642815047843736,-0.1164733826942278,1.2059992401395727,0.3653846153846153,156,0.0614892789651362,1.4085086733455563,78.0,5,True,True,,True,5,True
close_to_open,153,2.0,1470,1520,-0.350706204687404,-0.013689812574358,-0.3107756747824732,0.9744878698069818,0.3858800773694391,1034,-0.056499411728094,2.332366149183528,0.0526497602249211,-0.1705307757868417,1.112156256807377,0.4010840108401084,369,0.051790845784936,,184.5,3,False,False,,False,3,False
close_to_open,154,6.0,1480,1500,4.725161313079646,0.0988224316975242,-0.1047519553240935,1.324172222979862,0.4031620553359684,253,0.2246421648389698,8.378081171731028,0.0885852877750221,-0.0830047933006005,1.359096308851659,0.34375,128,0.0828632027658859,1.7730783388367697,64.0,4,True,False,,True,4,False
close_to_open,155,3.0,1470,1505,0.4555415274140491,0.025604073078887,-0.2256052123558617,1.0468290835795917,0.4053295932678822,713,0.0505375184861394,6.764848956477287,0.0889774156920033,-0.1169766653829689,1.267110685682035,0.4007352941176471,272,0.0918858895227978,14.85012572811744,136.0,5,True,True,,True,5,True
close_to_open,156,3.0,1450,1500,0.6377988356039773,0.0326297479113672,-0.2321927389868862,1.061673562386018,0.4054794520547945,730,0.0720780331231583,3.4992251077479275,0.0604417345562085,-0.1281871511431685,1.1763445078198118,0.3591549295774648,284,0.0574698799475812,5.486408742710013,142.0,5,True,True,,True,5,True
close_to_open,157,1.5,1460,1515,-0.1746144378383474,-0.0026180577061412,-0.3054094359679963,0.9934727954839088,0.3895993179880648,1173,-0.0272413253586788,4.239860695806332,0.0797647831115299,-0.1608632258394111,1.168081443973546,0.3937007874015748,381,0.0815698998158758,,190.5,3,True,False,,True,3,False
close_to_open,158,6.0,1440,1515,2.661854497920881,0.068818218425711,-0.1244789116963074,1.1693169300124993,0.3897280966767371,331,0.1551502636472166,3.87846004556178,0.0697742052258878,-0.1558023055765279,1.2087293649484134,0.3148148148148148,162,0.0738772973223105,1.457051859367657,81.0,3,True,False,,True,3,False
close_to_open,159,4.5,1460,1515,1.248772649223119,0.0475441074287547,-0.1778273034545293,1.103203708964822,0.4222689075630252,476,0.1063509718369317,17.6340576386301,0.1539356646454926,-0.1053137498833043,1.4685294567874696,0.3969072164948453,194,0.171523115095131,14.121111356499137,97.0,5,True,True,,True,5,True
close_to_open,160,5.0,1490,1505,2.863576759950117,0.0716333469177327,-0.1224646295118939,1.1724458947263503,0.4078947368421052,380,0.1635777624284942,3.710361790893431,0.0618888324549504,-0.1258279101172799,1.1930121645639449,0.378698224852071,169,0.0594748944288385,1.2957088640983607,84.5,5,True,True,,True,5,True
close_to_open,161,2.5,1430,1500,1.1732492405746011,0.048661910228236,-0.233196172331587,1.0933571859232505,0.4033790918690602,947,0.1296212338213664,-0.5820789095119265,-0.0046105853966847,-0.1881236404715115,0.9695293502165068,0.3679525222551928,337,-0.0173363090797801,-0.4961255369974517,168.5,3,False,False,,False,3,False
close_to_open,162,4.5,1460,1505,1.6817977576438616,0.0570444654063824,-0.1623841316616298,1.1306195185078387,0.4185022026431718,454,0.1293977301886819,5.076818839370072,0.07661615827298,-0.125183522134949,1.2442020130985467,0.3915343915343915,189,0.0770069607111989,3.0186856988574617,94.5,5,True,True,,True,5,True
close_to_open,163,5.5,1500,1500,3.721509077768877,0.0782626447861698,-0.1036805680631951,1.2182419757676666,0.3940397350993377,302,0.1787458883735893,6.312779134716451,0.0800776000942112,-0.0948952641760424,1.274374183347659,0.3581081081081081,148,0.0733496482259377,1.696295508837263,74.0,5,True,True,,True,5,True
close_to_open,164,5.5,1460,1500,3.721509077768877,0.0782626447861698,-0.1036805680631951,1.2182419757676666,0.3940397350993377,302,0.1787458883735893,6.312779134716451,0.0800776000942112,-0.0948952641760424,1.274374183347659,0.3581081081081081,148,0.0733496482259377,1.696295508837263,74.0,5,True,True,,True,5,True
close_to_open,165,5.0,1450,1515,3.6547063317159,0.0822123499417783,-0.1154003219549819,1.187330553227885,0.4124700239808153,417,0.1940395713996554,4.035382834655539,0.0711709624941299,-0.1583034619808827,1.2057854782121775,0.3402061855670103,194,0.0773324823364784,1.1041606269800917,97.0,3,True,False,,True,3,False
close_to_open,166,5.5,1480,1515,3.2595201977986648,0.0726131117004608,-0.10935878037346,1.1794119343593286,0.4046242774566474,346,0.1660803072576042,17.464354975935738,0.146996051004128,-0.0959385092622169,1.457928395734725,0.3652694610778443,167,0.1599788103754624,5.357952678964955,83.5,5,True,True,,True,5,True
close_to_open,167,6.0,1490,1520,1.8685212803822635,0.0520657352037721,-0.1239909284172977,1.127644414887902,0.4032258064516129,310,0.1107287363923368,14.283811708505503,0.1289763338111401,-0.097208829367422,1.4442949399730056,0.3694267515923566,157,0.1403002830597117,7.644446899520092,78.5,5,True,True,,True,5,True
close_to_open,168,5.0,1450,1515,3.6547063317159,0.0822123499417783,-0.1154003219549819,1.187330553227885,0.4124700239808153,417,0.1940395713996554,4.035382834655539,0.0711709624941299,-0.1583034619808827,1.2057854782121775,0.3402061855670103,194,0.0773324823364784,1.1041606269800917,97.0,3,True,False,,True,3,False
close_to_open,169,5.0,1470,1505,2.863576759950117,0.0716333469177327,-0.1224646295118939,1.1724458947263503,0.4078947368421052,380,0.1635777624284942,3.710361790893431,0.0618888324549504,-0.1258279101172799,1.1930121645639449,0.378698224852071,169,0.0594748944288385,1.2957088640983607,84.5,5,True,True,,True,5,True
close_to_open,170,3.5,1500,1505,1.399500898394047,0.0529444591229912,-0.1939780004884674,1.107707085650904,0.4143556280587275,613,0.128671042134679,4.352479527386281,0.07154817323058,-0.1320459635324446,1.2129706257690986,0.3786008230452675,243,0.0708713949730284,3.110022674784155,121.5,5,True,True,,True,5,True
close_to_open,171,3.5,1500,1500,0.3401849595639682,0.0205779654477077,-0.2233923809280739,1.039307006788356,0.4048442906574394,578,0.0376032000216275,6.441769757627179,0.0890408100811656,-0.1134436888448276,1.284078116063924,0.3866666666666666,225,0.0862387462802247,18.93608043660693,112.5,5,True,True,,True,5,True
close_to_open,172,3.5,1460,1510,1.3060134933060998,0.0521160132502084,-0.1994965112524676,1.102971069480293,0.4149443561208267,629,0.1237720897917198,20.121408231024308,0.1576139247717595,-0.0924824372350013,1.450005837937092,0.3803921568627451,255,0.1717559729547957,15.406738394477143,127.5,5,True,True,,True,5,True
close_to_open,173,4.0,1480,1520,0.5832240077932865,0.030057248383378,-0.2181857005884785,1.059611448246751,0.414721723518851,557,0.0622256214642906,7.703888558783146,0.107075152078586,-0.1423721489902482,1.3170568420943471,0.3823529411764705,238,0.1181224150588486,13.2091416948557,119.0,5,True,True,,True,5,True
close_to_open,174,2.0,1450,1505,0.5818374296810184,0.0302600330131991,-0.2399913244517787,1.0505625124500255,0.3901960784313725,1020,0.068091182928675,0.2370528094601688,0.014562529937507,-0.164657228587437,1.0228840749549502,0.3584905660377358,371,0.005790582616977,0.4074210378492298,185.5,3,False,False,,False,3,False
close_to_open,175,3.0,1490,1505,0.4555415274140491,0.025604073078887,-0.2256052123558617,1.0468290835795917,0.4053295932678822,713,0.0505375184861394,6.764848956477287,0.0889774156920033,-0.1169766653829689,1.267110685682035,0.4007352941176471,272,0.0918858895227978,14.85012572811744,136.0,5,True,True,,True,5,True
close_to_open,176,3.0,1440,1515,0.7390298952063256,0.0348963853159513,-0.219784594635959,1.063014115326847,0.3992628992628992,814,0.0788033956269056,7.858002176728898,0.1000266006829919,-0.1437402882296177,1.2657115879626657,0.3608562691131498,327,0.1207339758158874,10.63286103539163,163.5,5,True,True,,True,5,True
close_to_open,177,4.5,1480,1520,0.8634819462751211,0.037417945285328,-0.1906955601658549,1.0789271746191471,0.41995841995842,481,0.0798481373894492,8.889487304698903,0.1124861479234032,-0.1321793474642833,1.3518903240423517,0.3942307692307692,208,0.1243121751880251,10.294931287268108,104.0,5,True,True,,True,5,True
close_to_open,178,5.0,1490,1500,4.495092706459463,0.0958476746933682,-0.1142729144769454,1.2563287114967818,0.4112676056338028,355,0.2323373952375904,5.36645616685641,0.0731599672011997,-0.1017792152167444,1.2439508907862369,0.3664596273291925,161,0.0679226413886582,1.193847717344026,80.5,5,True,True,,True,5,True
close_to_open,179,3.0,1490,1515,-0.0668077085975017,0.0033178931408416,-0.244594511842709,1.0033759824506654,0.4021164021164021,756,-0.0082688942628775,24.963775985729637,0.169333876231228,-0.0913768657672307,1.4435797935302268,0.3945578231292517,294,0.1962244943829116,,147.0,4,True,False,,True,4,False
close_to_open,180,6.0,1430,1520,3.644734356104057,0.082933765691515,-0.1289631905774907,1.212578311672152,0.3944444444444444,360,0.2143058021557902,6.188585610921169,0.089922537447639,-0.1394275543551617,1.277126280045793,0.3351955307262569,179,0.0983517308378105,1.6979524448899193,89.5,4,True,False,,True,4,False
close_to_open,181,4.5,1500,1500,1.93496349839611,0.0609924664949305,-0.1528863238923654,1.1454010671902726,0.4184397163120567,423,0.1395163014154072,6.155996406791116,0.083545373157225,-0.1085403665575424,1.2772943739710845,0.3833333333333333,180,0.0802209315878434,3.1814535064324563,90.0,5,True,True,,True,5,True
close_to_open,182,4.0,1470,1515,0.9796306677978696,0.0434723005419721,-0.2119973356532712,1.0907073421101177,0.4145454545454545,550,0.0997677453279559,14.424507825630135,0.1453577150194838,-0.1168192481426817,1.4139087817881262,0.3856502242152466,223,0.1606026097243269,14.724434728095297,111.5,5,True,True,,True,5,True
close_to_open,183,4.5,1460,1515,1.248772649223119,0.0475441074287547,-0.1778273034545293,1.103203708964822,0.4222689075630252,476,0.1063509718369317,17.6340576386301,0.1539356646454926,-0.1053137498833043,1.4685294567874696,0.3969072164948453,194,0.171523115095131,14.121111356499137,97.0,5,True,True,,True,5,True
close_to_open,184,3.0,1470,1515,-0.0668077085975017,0.0033178931408416,-0.244594511842709,1.0033759824506654,0.4021164021164021,756,-0.0082688942628775,24.963775985729637,0.169333876231228,-0.0913768657672307,1.4435797935302268,0.3945578231292517,294,0.1962244943829116,,147.0,4,True,False,,True,4,False
close_to_open,185,5.0,1430,1515,1.6630578119478192,0.0541911358385706,-0.1682053099546779,1.115841019843804,0.4097664543524416,471,0.1323615909440836,5.504358990538224,0.0859534955225341,-0.1549908646330684,1.2622242584149868,0.3613861386138614,202,0.0974843671106429,3.309782107990201,101.0,4,True,False,,True,4,False
close_to_open,186,4.0,1490,1505,1.5339520219367655,0.0575260288725588,-0.1937989597387404,1.1292206746202826,0.4117647058823529,527,0.1401582184789997,4.344717036302468,0.0691330182961628,-0.127485782225897,1.212433032398231,0.3904761904761905,210,0.0687224854924906,2.832368271086364,105.0,5,True,True,,True,5,True
close_to_open,187,5.0,1450,1520,3.998179911801079,0.0834280168170116,-0.1082638413339543,1.1901609799823312,0.4156769596199525,421,0.1987302872270326,7.845639386318499,0.1016486197133927,-0.1257157675898214,1.3034201621413082,0.3431372549019608,204,0.1090316703379683,1.962302737593476,102.0,4,True,False,,True,4,False
close_to_open,188,5.5,1430,1515,4.362587186566248,0.0842398160570808,-0.1088603765969156,1.2037902607755773,0.4009661835748792,414,0.2163341283830673,5.410441460192657,0.085081515588595,-0.1514693294121249,1.2568758095577548,0.3387096774193548,186,0.0944594963208291,1.2401910217068155,93.0,3,True,False,,True,3,False
close_to_open,189,6.0,1430,1500,6.320198740923377,0.1189810419163685,-0.1206494198704011,1.3669659545468122,0.3876923076923076,325,0.3305916123807948,1.50606464985411,0.0331903262771992,-0.1250051442078573,1.0951096759597203,0.3076923076923077,156,0.0263523864721102,0.2382938751755257,78.0,3,False,False,,False,3,False
close_to_open,190,4.5,1450,1515,2.1556801951773306,0.0695200746750853,-0.1682963619545524,1.1542931052144565,0.4131736526946107,501,0.168822116159979,6.6474072411158565,0.0956878545130529,-0.1501136848062127,1.2966730644935058,0.3619047619047619,210,0.1100013940246527,3.083670414557493,105.0,4,True,False,,True,4,False
close_to_open,191,2.5,1430,1510,1.312340665883715,0.0523781815453019,-0.2260711766226191,1.0966964461916269,0.4016477857878476,971,0.139894242984919,1.7977457628065825,0.0427341562161494,-0.1720932639823682,1.094932642186307,0.3721590909090909,352,0.0414843816562191,1.3698773569559406,176.0,4,False,False,,False,4,False
close_to_open,192,4.5,1480,1505,1.6817977576438616,0.0570444654063824,-0.1623841316616298,1.1306195185078387,0.4185022026431718,454,0.1293977301886819,5.076818839370072,0.07661615827298,-0.125183522134949,1.2442020130985467,0.3915343915343915,189,0.0770069607111989,3.0186856988574617,94.5,5,True,True,,True,5,True
close_to_open,193,5.0,1480,1510,3.0267582289180046,0.0720477996316943,-0.1170305438724239,1.1705566569872126,0.4123711340206185,388,0.1651120636767329,20.600177385602866,0.1513312364350046,-0.0840272353471466,1.4872792317685395,0.3757225433526011,173,0.1635738849339898,6.806020113792487,86.5,5,True,True,,True,5,True
close_to_open,194,4.5,1470,1515,1.248772649223119,0.0475441074287547,-0.1778273034545293,1.103203708964822,0.4222689075630252,476,0.1063509718369317,17.6340576386301,0.1539356646454926,-0.1053137498833043,1.4685294567874696,0.3969072164948453,194,0.171523115095131,14.121111356499137,97.0,5,True,True,,True,5,True
close_to_open,195,3.5,1440,1515,2.1715192184637595,0.0726562476168026,-0.1896072920736593,1.1426064074678728,0.4115107913669065,695,0.1897918394765072,3.944886403877008,0.071080375056794,-0.1652863607861306,1.1865631166620003,0.3461538461538461,286,0.0786385907902769,1.8166481651807884,143.0,3,True,False,,True,3,False
close_to_open,196,1.5,1430,1510,0.0500349461938293,0.0103338710238483,-0.3123402046836627,1.0136164634281395,0.3890600924499229,1298,0.0078456867726104,-0.2657353069031457,0.0034635930057709,-0.2007575380452642,0.9932434326991616,0.3929471032745592,397,-0.0082330498986665,-5.310994157437867,198.5,3,False,False,,False,3,False
close_to_open,197,3.0,1440,1500,0.8915692687809823,0.0411584138727421,-0.2286428500036347,1.079288074284245,0.3987012987012987,770,0.0980094827878146,0.3753240581602288,0.0172176904892243,-0.1629059656440517,1.0332996573311004,0.3458904109589041,292,0.0089891900667846,0.4209701604827618,146.0,2,False,False,,False,2,False
close_to_open,198,1.5,1460,1505,0.1069236734585049,0.012252111414484,-0.2777376079237139,1.0186968274471186,0.3850931677018633,1127,0.0148575795726459,-0.0908424755329309,0.0071668263744484,-0.1577516146878532,1.0050248803841564,0.3730569948186528,386,-0.002174221851721,-0.8496011462623869,193.0,3,False,False,,False,3,False
close_to_open,199,1.5,1450,1505,0.5789398779046615,0.0311286817296687,-0.2502042140245617,1.0514139876161626,0.3867120954003407,1174,0.0705526596837251,0.0173023358890388,0.0101098159379709,-0.1648600609977727,1.010758166543762,0.3762376237623762,404,0.0004296134343173,0.029886239572338,202.0,3,False,False,,False,3,False
