strategy,trial_id,p_min_prev_body_pct,p_max_day_decline_pct,p_entry_hhmm_start,p_entry_hhmm_end,p_gap_sl_limit_pct,train_calmar,train_sharpe,train_mdd,train_profit_factor,train_win_rate,train_total_trades,train_total_return,test_calmar,test_sharpe,test_mdd,test_profit_factor,test_win_rate,test_total_trades,test_total_return,overfit_ratio,monthly_trades,gates_passed,gate_calmar_ok,pass_stage1,error,pass_stage1_v1,gates_passed_v2,pass_stage1_v2
closing_drift,0,3.0,-4.5,1300,1410,-3.5,7.628889135996061,0.1354347362726945,-0.0843768431506232,1.6285261887215037,0.4636363636363636,220,0.2846000274205607,-3.66542645815548,-0.1144822460261692,-0.0670131945268864,0.603809095474309,0.2857142857142857,49,-0.0416142713190375,-0.4804666043527327,24.5,3,False,False,,False,3,False
closing_drift,1,1.25,-4.0,1450,1360,-1.0,,0.0,0.0,,0.0,0,0.0,,0.0,0.0,,0.0,0,0.0,,0.0,1,False,False,,False,1,False
closing_drift,2,0.75,-2.0,1300,1330,-4.5,0.1300398801772395,0.0098574428918171,-0.1491411640263983,1.0272593635563498,0.3882978723404255,376,0.0097275459311412,-2.420885770414078,-0.0460551113471431,-0.0592308295385092,0.8450003992987353,0.3894736842105263,95,-0.023068659351018,-18.61648724310189,47.5,4,False,False,,False,4,False
closing_drift,3,1.25,-3.5,1420,1520,-5.0,0.7450086510705605,0.0355746383523066,-0.194092981819958,1.0917356486567296,0.427536231884058,414,0.0704337792491283,-3.203979023887242,-0.0840063499742972,-0.0982558669122365,0.7657574129748428,0.3893129770992366,131,-0.0554142949498468,-4.300593045843423,65.5,4,False,False,,False,4,False
closing_drift,4,2.5,-3.5,1450,1500,-2.0,4.482757415193358,0.1124195174970856,-0.1043310593920981,1.531099347267491,0.4623655913978494,186,0.2133288907180317,-3.815899038197659,-0.0836411404855414,-0.05847877540806,0.6727018703694934,0.2727272727272727,55,-0.0373606351391685,-0.8512392451272238,27.5,3,False,False,,False,3,False
closing_drift,5,1.25,-1.5,1420,1410,-5.0,,0.0,0.0,,0.0,0,0.0,,0.0,0.0,,0.0,0,0.0,,0.0,1,False,False,,False,1,False
closing_drift,6,1.0,-2.0,1360,1410,-4.0,-0.5678892815091736,-0.0261026056972876,-0.1837269884696933,0.9240072207640656,0.4063492063492063,315,-0.0540187783383401,-2.3997323008255718,-0.0618478577312276,-0.0646582627840599,0.7988139677298188,0.3194444444444444,72,-0.0251049636297856,,36.0,3,False,False,,False,3,False
closing_drift,7,1.25,-2.5,1300,1350,-2.0,3.730925844812751,0.0954075927864292,-0.1181355083485936,1.3342908029439764,0.4277620396600566,353,0.2020550754124164,-3.231003871337131,-0.0712125658009301,-0.0588186115181738,0.7646892178050555,0.3333333333333333,84,-0.0312836447575026,-0.8660059207098205,42.0,3,False,False,,False,3,False
closing_drift,8,0.75,-2.5,1480,1440,-3.0,,0.0,0.0,,0.0,0,0.0,,0.0,0.0,,0.0,0,0.0,,0.0,1,False,False,,False,1,False
closing_drift,9,0.5,-1.5,1420,1360,-2.0,,0.0,0.0,,0.0,0,0.0,,0.0,0.0,,0.0,0,0.0,,0.0,1,False,False,,False,1,False
closing_drift,10,0.75,-1.0,1360,1520,-2.5,-0.986265431067374,-0.0401746887591005,-0.1342668406760009,0.8787687984432051,0.4,255,-0.0690866245204503,-3.657571227528456,-0.1461980785272737,-0.0912414769951634,0.591668373389796,0.3424657534246575,73,-0.0593926992968516,,36.5,3,False,False,,False,3,False
closing_drift,11,2.75,-3.5,1450,1350,-5.0,,0.0,0.0,,0.0,0,0.0,,0.0,0.0,,0.0,0,0.0,,0.0,1,False,False,,False,1,False
closing_drift,12,3.0,-3.5,1480,1420,-4.5,,0.0,0.0,,0.0,0,0.0,,0.0,0.0,,0.0,0,0.0,,0.0,1,False,False,,False,1,False
closing_drift,13,1.25,-4.5,1390,1410,-1.5,0.0899554869462422,0.0092364700940379,-0.1863515853542904,1.0222245683991158,0.4245014245014245,351,0.0084133615905697,-2.2497852260202817,-0.0362388716649231,-0.0563808773746974,0.8526988378887949,0.3209876543209876,81,-0.0202461944858498,-25.00998329723636,40.5,3,False,False,,False,3,False
closing_drift,14,3.0,-2.5,1330,1440,-2.5,6.857290257460474,0.1441219071005026,-0.0976139213529542,1.7407466290475366,0.4947368421052631,190,0.29466990604241,-0.8796848478974987,-0.0173114292046255,-0.0478753515836123,0.9191024043714204,0.3777777777777777,45,-0.006467312521726,-0.1282846160610504,22.5,4,False,False,,False,4,False
closing_drift,15,1.25,-3.0,1450,1350,-4.0,,0.0,0.0,,0.0,0,0.0,,0.0,0.0,,0.0,0,0.0,,0.0,1,False,False,,False,1,False
closing_drift,16,2.5,-3.5,1330,1470,-2.0,4.07003032340939,0.1052108294913299,-0.1199032914142143,1.386951862321639,0.4468864468864469,273,0.2217655450979039,-2.5366201308854714,-0.0656977768755489,-0.073004929040424,0.7590765752038275,0.3684210526315789,76,-0.0304098338258632,-0.6232435459499455,38.0,4,False,False,,False,4,False
closing_drift,17,1.5,-1.0,1330,1430,-5.0,1.8685815546676048,0.0574117547427694,-0.1025880929879204,1.2555571412151636,0.4367816091954023,174,0.0924074607299825,-1.505487803287871,-0.0289953038741337,-0.0468300139696694,0.864539099512964,0.3414634146341463,41,-0.0109640718288883,-0.8056848252233103,20.5,3,False,False,,False,3,False
closing_drift,18,1.25,-5.0,1480,1430,-2.0,,0.0,0.0,,0.0,0,0.0,,0.0,0.0,,0.0,0,0.0,,0.0,1,False,False,,False,1,False
closing_drift,19,1.5,-4.5,1330,1510,-2.5,2.317878716708601,0.0729464166183689,-0.1535651133879748,1.204943237890861,0.4342723004694835,426,0.1658585360885711,-2.7216676062792526,-0.0727122073133774,-0.0879547957293616,0.7858807920557801,0.3852459016393442,122,-0.0404214538303264,-1.1742062199630678,61.0,4,False,False,,False,4,False
closing_drift,20,1.25,-1.5,1390,1470,-4.0,0.5440543251519568,0.0275925150651273,-0.1562689328433175,1.0853316752509292,0.4295774647887324,284,0.0419796888541832,-2.8579944142671594,-0.0637363890230524,-0.0553505294050422,0.8033245308232031,0.3466666666666667,75,-0.0256328331104491,-5.253141611306754,37.5,3,False,False,,False,3,False
closing_drift,21,1.5,-4.0,1330,1500,-1.0,2.0464459959870744,0.0661053055073195,-0.1505627815108561,1.1887789517484113,0.4309927360774818,413,0.1449498013199863,-1.4858442041670898,-0.0276084811050345,-0.0677146710225272,0.9049247459287906,0.3981481481481481,108,-0.0158633451828483,-0.7260607937276223,54.0,4,False,False,,False,4,False
closing_drift,22,1.5,-2.0,1420,1450,-2.5,2.1808829487477737,0.0737089505732464,-0.126575404192795,1.2540036532979617,0.4456521739130434,276,0.1307153653737112,-2.909763158408456,-0.0666317732243219,-0.0588151468187941,0.7709953995183823,0.3235294117647059,68,-0.0279074245611959,-1.3342133561451306,34.0,3,False,False,,False,3,False
closing_drift,23,1.25,-4.0,1420,1480,-4.5,0.2921468163218616,0.0170063709504504,-0.1763723705356257,1.041928740168731,0.4227848101265822,395,0.0256441931214179,-0.4642240774253535,-0.0018386249008995,-0.0568159890553396,0.9873424976243096,0.3981481481481481,108,-0.0040225146508025,-1.589009537293442,54.0,4,False,False,,False,4,False
closing_drift,24,0.5,-4.5,1330,1380,-2.0,0.0935876465073606,0.0092648271522143,-0.176626672041722,1.0203076118888137,0.4011741682974559,511,0.0082967581986062,-4.146595819948817,-0.114833771152749,-0.0744117948377624,0.6892491001623304,0.3418803418803419,117,-0.0541192017167974,-44.30708511964436,58.5,3,False,False,,False,3,False
closing_drift,25,2.75,-4.5,1390,1450,-1.5,3.9646453412094727,0.1018688219802965,-0.1126387564158167,1.4120341755697174,0.4675324675324675,231,0.2044988964078733,-1.3093017495728985,-0.0249339854018114,-0.0566718440690926,0.8874124994424811,0.3859649122807017,57,-0.0115585155148635,-0.3302443565288684,28.5,4,False,False,,False,4,False
closing_drift,26,2.5,-3.0,1420,1330,-4.5,,0.0,0.0,,0.0,0,0.0,,0.0,0.0,,0.0,0,0.0,,0.0,1,False,False,,False,1,False
closing_drift,27,3.0,-1.0,1480,1410,-2.5,,0.0,0.0,,0.0,0,0.0,,0.0,0.0,,0.0,0,0.0,,0.0,1,False,False,,False,1,False
closing_drift,28,0.75,-3.0,1390,1380,-1.5,,0.0,0.0,,0.0,0,0.0,,0.0,0.0,,0.0,0,0.0,,0.0,1,False,False,,False,1,False
closing_drift,29,0.5,-3.0,1420,1380,-1.0,,0.0,0.0,,0.0,0,0.0,,0.0,0.0,,0.0,0,0.0,,0.0,1,False,False,,False,1,False
closing_drift,30,0.75,-3.0,1480,1490,-3.5,,0.0,0.0,,0.0,0,0.0,,0.0,0.0,,0.0,0,0.0,,0.0,1,False,False,,False,1,False
closing_drift,31,1.0,-2.5,1480,1380,-1.0,,0.0,0.0,,0.0,0,0.0,,0.0,0.0,,0.0,0,0.0,,0.0,1,False,False,,False,1,False
closing_drift,32,2.5,-5.0,1420,1430,-1.5,2.0205933511791185,0.0679285134386222,-0.127811123408757,1.2533578451100644,0.4433497536945813,203,0.1227423875687339,-1.7279716948001536,-0.0368994954140272,-0.0733402776642466,0.8286552397099128,0.3571428571428571,56,-0.0202267471771371,-0.8551803329412099,28.0,4,False,False,,False,4,False
closing_drift,33,0.5,-4.5,1360,1420,-3.5,-0.9537278239977194,-0.0588820180621826,-0.2712650884280723,0.8687280642414116,0.3856589147286822,516,-0.1400419891726024,-2.045534320754608,-0.0344287243639487,-0.0675750645408462,0.8776705853287381,0.358974358974359,117,-0.0221828539833465,,58.5,4,False,False,,False,4,False
closing_drift,34,0.5,-3.5,1420,1350,-4.5,,0.0,0.0,,0.0,0,0.0,,0.0,0.0,,0.0,0,0.0,,0.0,1,False,False,,False,1,False
closing_drift,35,2.25,-4.5,1480,1500,-4.0,,0.0,0.0,,0.0,0,0.0,,0.0,0.0,,0.0,0,0.0,,0.0,1,False,False,,False,1,False
closing_drift,36,1.0,-1.5,1420,1380,-3.0,,0.0,0.0,,0.0,0,0.0,,0.0,0.0,,0.0,0,0.0,,0.0,1,False,False,,False,1,False
closing_drift,37,2.5,-2.0,1330,1500,-3.5,3.995779759256106,0.1196012872523819,-0.1283840099698088,1.5510573179985383,0.4545454545454545,209,0.2320611847518228,-3.5839933521032723,-0.1055754873351739,-0.0597996513267703,0.6531724426808897,0.3114754098360656,61,-0.0357190503033766,-0.8969446686347157,30.5,3,False,False,,False,3,False
closing_drift,38,1.5,-2.0,1450,1440,-1.5,,0.0,0.0,,0.0,0,0.0,,0.0,0.0,,0.0,0,0.0,,0.0,1,False,False,,False,1,False
closing_drift,39,2.5,-1.5,1300,1400,-3.5,4.599466998464529,0.1219986132233981,-0.1058371705062637,1.6939235377685125,0.4276729559748428,159,0.2212624923678916,-3.4459553573326533,-0.1059642451183688,-0.0652792741662791,0.5985673078544599,0.3181818181818182,44,-0.037697376547373,-0.7492075404569789,22.0,3,False,False,,False,3,False
closing_drift,40,0.75,-2.5,1300,1510,-1.0,0.2994753787438117,0.0179811518545824,-0.1914377009457591,1.042311585906554,0.4,520,0.0284934560300407,-2.769909890091571,-0.1058925694250459,-0.1198492397523842,0.7423445181925652,0.3680555555555556,144,-0.0590204442431563,-9.249207402993584,72.0,4,False,False,,False,4,False
closing_drift,41,1.25,-3.5,1300,1350,-5.0,2.171968439335972,0.0688490927629207,-0.1460542392094106,1.2100567822069117,0.4175,400,0.1489598597997186,-3.011632445776032,-0.0544331150919052,-0.0606709129149965,0.8098831475667773,0.3440860215053763,93,-0.0299676794864878,-1.3865912557627986,46.5,3,False,False,,False,3,False
closing_drift,42,1.25,-4.5,1300,1430,-4.5,0.4111389991300164,0.0229873341833537,-0.2001034451013763,1.0573665307383338,0.4074074074074074,459,0.0406486599460118,-2.4383429070010743,-0.0406452420916097,-0.0662757459434198,0.8490580608732688,0.3761467889908257,109,-0.0262292983999263,-5.930702054927136,54.5,4,False,False,,False,4,False
closing_drift,43,2.5,-3.5,1360,1480,-3.5,2.8494630828905376,0.0828313903755876,-0.1226252434664843,1.304534667509589,0.4448818897637795,254,0.1630259267858744,-2.365341440586224,-0.0466257100922379,-0.06103871174979,0.817684667694247,0.3768115942028985,69,-0.0232383647422498,-0.83010074943199,34.5,4,False,False,,False,4,False
closing_drift,44,2.5,-4.0,1450,1510,-1.5,3.565833224342064,0.1067985682926056,-0.124720753746684,1.45335454188511,0.4532019704433497,203,0.2037268168241335,-3.249295015684428,-0.0944290889338693,-0.0852054201547408,0.6685235235998112,0.2794117647058823,68,-0.0477042379536284,-0.9112302262212386,34.0,3,False,False,,False,3,False
closing_drift,45,1.25,-1.5,1480,1460,-3.5,,0.0,0.0,,0.0,0,0.0,,0.0,0.0,,0.0,0,0.0,,0.0,1,False,False,,False,1,False
closing_drift,46,0.75,-4.5,1450,1460,-2.5,-0.5233676848402086,-0.0201700024843352,-0.1978567520471528,0.9454034577850728,0.4057971014492754,414,-0.0536011578063735,-1.725204272373298,-0.0313996807808316,-0.0764851170284684,0.884711557757215,0.3211009174311927,109,-0.0211125686707607,,54.5,3,False,False,,False,3,False
closing_drift,47,2.0,-2.0,1390,1340,-4.5,,0.0,0.0,,0.0,0,0.0,,0.0,0.0,,0.0,0,0.0,,0.0,1,False,False,,False,1,False
closing_drift,48,0.5,-2.0,1450,1430,-4.5,,0.0,0.0,,0.0,0,0.0,,0.0,0.0,,0.0,0,0.0,,0.0,1,False,False,,False,1,False
closing_drift,49,1.25,-3.5,1330,1500,-1.5,0.2281288258811282,0.0151291482527164,-0.1907083308936675,1.0356288298009666,0.4124168514412417,451,0.0216940921235744,-2.95013233384739,-0.0653135275642967,-0.0714198508550213,0.7962294992980191,0.376068376068376,117,-0.0350497420773618,-12.931870062683895,58.5,4,False,False,,False,4,False
closing_drift,50,1.0,-2.0,1330,1410,-1.5,-0.057295721824197,0.0018392498186025,-0.1851587717001515,1.003504796175567,0.4017094017094017,351,-0.0053606435492314,-3.408944464487206,-0.1103713572654537,-0.0720737078838129,0.6829729568466691,0.3253012048192771,83,-0.0416264044732701,,41.5,3,False,False,,False,3,False
closing_drift,51,1.25,-4.5,1390,1500,-4.5,-0.274940615464408,-0.0065759596526068,-0.1920502179408151,0.9788686276945734,0.4157043879907621,433,-0.0269687158912935,-1.0640630002657914,-0.0123123465333617,-0.0635284823588631,0.9474330773171432,0.3893805309734513,113,-0.0104987813446099,,56.5,4,False,False,,False,4,False
closing_drift,52,0.5,-1.0,1480,1330,-4.5,,0.0,0.0,,0.0,0,0.0,,0.0,0.0,,0.0,0,0.0,,0.0,1,False,False,,False,1,False
closing_drift,53,1.25,-4.0,1390,1480,-1.5,-0.0632740605603162,0.0029389145080389,-0.1816177263599508,1.003794901470837,0.4172494172494173,429,-0.0058080490630006,-0.6969080093532808,-0.005625770707816,-0.0596366023478176,0.9725413382782184,0.3928571428571428,112,-0.0063806858568674,,56.0,4,False,False,,False,4,False
closing_drift,54,1.25,-2.0,1300,1380,-2.0,2.236655590089754,0.0805805918834082,-0.1466900850057041,1.269360909510329,0.4146341463414634,328,0.1537284659236319,-2.6525647275725865,-0.0482037409812848,-0.0491963382173611,0.8316316129081142,0.3375,80,-0.0208651580321177,-1.1859513549272658,40.0,3,False,False,,False,3,False
closing_drift,55,0.5,-2.0,1360,1470,-3.0,-0.8297169093253628,-0.0428737617030918,-0.212029157945689,0.8967754752091901,0.4004329004329004,462,-0.0929105357977568,-3.154989638841668,-0.0771551053337548,-0.0639638478976601,0.8001570172265691,0.3508771929824561,114,-0.0334181488630758,,57.0,4,False,False,,False,4,False
closing_drift,56,2.0,-1.0,1450,1480,-4.0,1.4119369287318695,0.0450237657363083,-0.0899779651223476,1.2645523332133932,0.4174757281553398,103,0.0621268730678079,-2.323758980340505,-0.050461092539698,-0.0390246199452973,0.7700093816373746,0.2666666666666666,30,-0.0142325525891819,-1.6457951719044477,15.0,3,False,False,,False,3,False
closing_drift,57,1.25,-3.0,1330,1340,-1.0,2.167306811530653,0.073259169811146,-0.1348856151547742,1.2386020625629508,0.4559748427672956,318,0.1379681651695996,-3.562710005113204,-0.0928531514634093,-0.0600689436164069,0.692094872612475,0.3026315789473684,76,-0.0356610720327893,-1.6438420191172898,38.0,3,False,False,,False,3,False
closing_drift,58,0.5,-2.5,1300,1340,-1.5,0.8190390526433049,0.0348721152481569,-0.1611490244860363,1.0954243498927994,0.4033613445378151,476,0.06447249159702,-2.389117502868677,-0.0494070873853909,-0.065053659394286,0.8472116557113551,0.3839285714285714,112,-0.0251499181150753,-2.9169762969887936,56.0,4,False,False,,False,4,False
closing_drift,59,2.5,-1.0,1330,1340,-1.0,1.2784747448554812,0.0431638870549451,-0.0828305326920307,1.2599521994025655,0.4523809523809524,84,0.052036385002119,-2.7970112858659384,-0.0668436709172861,-0.0462972121311419,0.6530573493389935,0.2962962962962963,27,-0.0206949854546005,-2.1877720284432467,13.5,2,False,False,,False,2,False
closing_drift,60,0.75,-4.0,1300,1520,-4.5,0.222248937581189,0.0151215955578526,-0.2015977282235415,1.0314246396502411,0.4052718286655684,607,0.0223347730716436,-2.363543678831697,-0.0808077368073659,-0.148578445661132,0.7916815603581099,0.4285714285714285,182,-0.0631493342624327,-10.634668064355896,91.0,4,False,False,,False,4,False
closing_drift,61,3.0,-3.5,1390,1360,-3.5,,0.0,0.0,,0.0,0,0.0,,0.0,0.0,,0.0,0,0.0,,0.0,1,False,False,,False,1,False
closing_drift,62,2.75,-5.0,1420,1350,-2.0,,0.0,0.0,,0.0,0,0.0,,0.0,0.0,,0.0,0,0.0,,0.0,1,False,False,,False,1,False
closing_drift,63,3.0,-1.0,1360,1410,-3.5,3.342423839009736,0.0698139706322893,-0.0598021565358449,1.4972365845996112,0.5,78,0.0961846185023864,-0.3412915222126316,-0.0051696556478049,-0.0393137165709573,0.9582005090533514,0.4,15,-0.0020348874525318,-0.1021089899579421,7.5,3,False,False,,False,3,False
closing_drift,64,3.0,-2.5,1330,1410,-2.0,6.947765302554923,0.1440962246120086,-0.0880757276061882,1.7816363428821256,0.4821428571428571,168,0.2720255109093401,-2.4473126509555447,-0.0604611751964794,-0.0482985135826615,0.7348458648152961,0.3170731707317073,41,-0.0187898297958012,-0.3522445771240411,20.5,3,False,False,,False,3,False
closing_drift,65,1.0,-3.0,1390,1430,-4.5,-0.134582450894942,0.0004099948628718,-0.1638775862945776,0.996826712658494,0.4057971014492754,414,-0.0111765209815885,-1.2137878527995825,-0.0217760248555612,-0.0625338972162366,0.9258344675233956,0.3854166666666667,96,-0.0118328009785921,,48.0,4,False,False,,False,4,False
closing_drift,66,0.5,-1.5,1420,1510,-4.5,-0.930956840105755,-0.0464253123728245,-0.1951834367418968,0.8801867434916943,0.3838120104438642,383,-0.0961242745903323,-3.611817736680388,-0.1512239582725667,-0.1035890853135795,0.6352017343285244,0.320754716981132,106,-0.0682282458385741,,53.0,3,False,False,,False,3,False
closing_drift,67,0.75,-1.0,1330,1490,-3.0,-0.714707394147667,-0.0248753382662648,-0.1272011077296691,0.9215907226819766,0.3976833976833976,259,-0.0468992674726943,-1.5285740065993645,-0.0276770939305725,-0.0498458604812574,0.8990247685263036,0.3970588235294117,68,-0.0118796018513822,,34.0,4,False,False,,False,4,False
closing_drift,68,1.0,-2.5,1300,1400,-2.5,2.455703949982336,0.0729915078284216,-0.1331223335251057,1.2387217612494816,0.4193548387096774,403,0.1532090485257904,-2.5407626360953937,-0.0646607857980332,-0.0683399002371761,0.8105133196493316,0.3684210526315789,95,-0.0283496447850459,-1.0346371907385945,47.5,4,False,False,,False,4,False
closing_drift,69,1.5,-4.0,1390,1500,-3.0,1.3366750800556095,0.0469204508124134,-0.1461061190203844,1.131821802013417,0.4329896907216495,388,0.0940703541323433,0.7684484997863426,0.0157409971050634,-0.0555352744265586,1.0583699034509333,0.4158415841584158,101,0.0063216373518308,0.5748955084539864,50.5,5,False,False,,False,5,False
closing_drift,70,2.75,-1.0,1300,1500,-3.0,5.285847888498959,0.10318667815937,-0.0658954384132348,1.7450719207805363,0.4615384615384615,104,0.162546803400879,-2.414280708547032,-0.0606266880655016,-0.0507836653164292,0.7262758949446829,0.2857142857142857,28,-0.0195304428967129,-0.4567442649645795,14.0,2,False,False,,False,2,False
closing_drift,71,3.0,-4.5,1330,1410,-4.5,6.036053007349342,0.1296371367594228,-0.0937988894657945,1.58807946091663,0.4676616915422885,201,0.2536991430424695,-3.328719578974144,-0.0950438065455027,-0.0601817264829117,0.6487994855238678,0.3125,48,-0.0331486188999917,-0.5514728871534397,24.0,3,False,False,,False,3,False
closing_drift,72,0.75,-1.0,1330,1410,-3.0,-0.8184242506202124,-0.0262337581619183,-0.1176932107097773,0.910920823842084,0.4043478260869565,230,-0.0497627104081095,0.4991023432620513,0.0124423644512364,-0.0489789310897955,1.06032484846994,0.4107142857142857,56,0.0036485310775993,,28.0,4,False,False,,False,4,False
closing_drift,73,2.75,-3.5,1450,1430,-3.5,,0.0,0.0,,0.0,0,0.0,,0.0,0.0,,0.0,0,0.0,,0.0,1,False,False,,False,1,False
closing_drift,74,3.0,-3.0,1420,1480,-3.0,5.581554029983333,0.1359963441749977,-0.1125006507792981,1.659690879075716,0.4973262032085561,187,0.2783726795377355,-1.273946380148046,-0.0211117033371983,-0.0484329702240847,0.9065520922372644,0.375,48,-0.0095575719792756,-0.2282422374314721,24.0,4,False,False,,False,4,False
closing_drift,75,0.5,-4.5,1450,1460,-3.0,-0.8347275177430542,-0.0418218288860508,-0.2193799901312258,0.8997846096672963,0.3908296943231441,458,-0.0969123992582068,-1.95443644150934,-0.0374644034182768,-0.0773132356668176,0.8682520947489256,0.3189655172413793,116,-0.0244001532668962,,58.0,3,False,False,,False,3,False
closing_drift,76,0.5,-5.0,1360,1370,-3.0,,0.0,0.0,,0.0,0,0.0,,0.0,0.0,,0.0,0,0.0,,0.0,1,False,False,,False,1,False
closing_drift,77,1.0,-1.5,1420,1460,-1.0,-0.3627246784615109,-0.0113766337819531,-0.1475364061175357,0.965302314057902,0.4111842105263157,304,-0.0273377541078015,-3.6263061782642736,-0.1076531149937306,-0.071203040079588,0.6966968124294165,0.358974358974359,78,-0.0440399966077947,,39.0,4,False,False,,False,4,False
closing_drift,78,0.5,-4.5,1300,1370,-1.0,0.7525903610387689,0.0319296818365252,-0.1720307825568045,1.0765757757130998,0.3982608695652174,575,0.0632782251142995,-2.274309572944121,-0.0447477961187873,-0.0744776761458904,0.8592997200214646,0.3875968992248062,129,-0.0275977075796768,-3.0219754207388294,64.5,4,False,False,,False,4,False
closing_drift,79,0.5,-2.5,1420,1500,-4.0,-1.089474878119514,-0.0543766847453454,-0.2136046166845006,0.8663171388446652,0.3822314049586777,484,-0.1249733072704581,-2.5996395975790296,-0.0638327447328425,-0.0711777158631247,0.8241023774862134,0.3474576271186441,118,-0.0303830344369828,,59.0,3,False,False,,False,3,False
closing_drift,80,2.0,-4.0,1300,1420,-2.5,3.642100357842725,0.1053188152834773,-0.143509770318393,1.3570246502888303,0.4478527607361963,326,0.2360286173192958,-1.3449048841160047,-0.0222978332967695,-0.0608768765575929,0.907137284415008,0.3544303797468354,79,-0.0127982235121838,-0.3692662892223579,39.5,4,False,False,,False,4,False
closing_drift,81,0.5,-2.5,1330,1400,-4.5,-0.0147363050524074,0.004612667846866,-0.1792985581810097,1.0098834392424287,0.405829596412556,446,-0.0013324577862092,-3.082592468711141,-0.0844382957657584,-0.0708339728396868,0.7563121319211978,0.3457943925233644,107,-0.0364666554074833,,53.5,3,False,False,,False,3,False
closing_drift,82,1.75,-1.0,1480,1460,-4.0,,0.0,0.0,,0.0,0,0.0,,0.0,0.0,,0.0,0,0.0,,0.0,1,False,False,,False,1,False
closing_drift,83,1.25,-4.0,1480,1380,-2.0,,0.0,0.0,,0.0,0,0.0,,0.0,0.0,,0.0,0,0.0,,0.0,1,False,False,,False,1,False
closing_drift,84,0.5,-4.0,1450,1430,-2.0,,0.0,0.0,,0.0,0,0.0,,0.0,0.0,,0.0,0,0.0,,0.0,1,False,False,,False,1,False
closing_drift,85,3.0,-3.5,1360,1380,-4.5,,0.0,0.0,,0.0,0,0.0,,0.0,0.0,,0.0,0,0.0,,0.0,1,False,False,,False,1,False
closing_drift,86,2.0,-5.0,1480,1480,-3.5,,0.0,0.0,,0.0,0,0.0,,0.0,0.0,,0.0,0,0.0,,0.0,1,False,False,,False,1,False
closing_drift,87,1.25,-1.5,1360,1420,-3.5,0.557356893272733,0.0281535905041797,-0.1575991471169374,1.0909795796433226,0.4274509803921568,255,0.0433437148656554,-1.2571591976713703,-0.0235649556292129,-0.0541171989577445,0.9093406840198118,0.3492063492063492,63,-0.0105685077341138,-2.25557306789458,31.5,3,False,False,,False,3,False
closing_drift,88,1.25,-5.0,1450,1390,-2.0,,0.0,0.0,,0.0,0,0.0,,0.0,0.0,,0.0,0,0.0,,0.0,1,False,False,,False,1,False
closing_drift,89,1.75,-3.0,1480,1350,-3.0,,0.0,0.0,,0.0,0,0.0,,0.0,0.0,,0.0,0,0.0,,0.0,1,False,False,,False,1,False
closing_drift,90,1.75,-1.0,1390,1500,-2.5,1.4645464251538878,0.0480911662797442,-0.0995730664903827,1.2110460789946178,0.4662576687116564,163,0.0710125985937104,1.3861052093109787,0.0303796679288217,-0.0415735012965807,1.1417618045952251,0.3947368421052631,38,0.0084841625864615,0.9464399253614192,19.0,5,False,False,,False,5,False
closing_drift,91,0.5,-4.5,1360,1380,-3.0,,0.0,0.0,,0.0,0,0.0,,0.0,0.0,,0.0,0,0.0,,0.0,1,False,False,,False,1,False
closing_drift,92,0.5,-4.5,1420,1460,-2.5,-0.9415952598891688,-0.0481836104605742,-0.2388381345601463,0.889805785973038,0.3871559633027523,545,-0.1204855910962626,-0.887121131857918,-0.011808396585002,-0.080105747153066,0.9545786525851818,0.3857142857142857,140,-0.0110541868516523,,70.0,4,False,False,,False,4,False
closing_drift,93,1.75,-2.0,1420,1490,-4.5,2.014182699215844,0.0715081635211122,-0.1329145829365448,1.2494965235469848,0.4431818181818182,264,0.1269885445778591,-2.0021051734471493,-0.036248877528974,-0.0427122829891322,0.8843306901109392,0.3484848484848485,66,-0.0133895462929728,-0.9940037585600372,33.0,3,False,False,,False,3,False
closing_drift,94,2.0,-3.5,1360,1340,-2.0,,0.0,0.0,,0.0,0,0.0,,0.0,0.0,,0.0,0,0.0,,0.0,1,False,False,,False,1,False
closing_drift,95,0.5,-1.0,1480,1500,-3.5,,0.0,0.0,,0.0,0,0.0,,0.0,0.0,,0.0,0,0.0,,0.0,1,False,False,,False,1,False
closing_drift,96,1.75,-2.0,1300,1430,-2.5,3.5947048951501386,0.1064775199396021,-0.1314245068807288,1.378844377470286,0.4338983050847457,295,0.2153027411997137,-0.9215307672527644,-0.0136674723910961,-0.0459959584897509,0.9486678533230346,0.3623188405797101,69,-0.0065097769538149,-0.2563578357978882,34.5,4,False,False,,False,4,False
closing_drift,97,3.0,-4.5,1450,1420,-1.0,,0.0,0.0,,0.0,0,0.0,,0.0,0.0,,0.0,0,0.0,,0.0,1,False,False,,False,1,False
closing_drift,98,1.5,-2.0,1360,1450,-3.0,1.9026552644719883,0.0672106825781858,-0.1335799973481915,1.2215756873710597,0.4530201342281879,298,0.1208982306951189,-2.5519282080658763,-0.0526024813032171,-0.0538444926912341,0.818848419735629,0.323943661971831,71,-0.022042637703265,-1.3412457084147975,35.5,3,False,False,,False,3,False
closing_drift,99,2.5,-4.0,1330,1460,-2.0,3.954553340186752,0.1038503982720418,-0.1219493114454455,1.3793087066474448,0.447653429602888,277,0.2193818767736914,-2.145892778457343,-0.0505405565080755,-0.0729768727979265,0.8020654095872964,0.3766233766233766,77,-0.0253553712567125,-0.5426384711139095,38.5,4,False,False,,False,4,False
closing_drift,100,3.0,-4.0,1420,1510,-3.0,3.392761609207573,0.10484453735479,-0.1302474943960901,1.423715357898218,0.4852941176470588,204,0.2025359495837748,-2.2075072004703737,-0.0536650635450635,-0.0720081696753706,0.8086039351145943,0.3709677419354839,62,-0.0257667649066459,-0.650652021786455,31.0,4,False,False,,False,4,False
closing_drift,101,2.0,-1.0,1480,1330,-3.0,,0.0,0.0,,0.0,0,0.0,,0.0,0.0,,0.0,0,0.0,,0.0,1,False,False,,False,1,False
closing_drift,102,1.5,-3.5,1390,1510,-2.5,1.930226605377341,0.0662167340086092,-0.15665462540293,1.1878271042663533,0.4376590330788804,393,0.1424152374535356,-1.83370497515609,-0.037893722317579,-0.0807614194055616,0.8749678830778728,0.4017857142857143,112,-0.0238790965721418,-0.9499946638636338,56.0,4,False,False,,False,4,False
closing_drift,103,2.25,-1.5,1390,1390,-1.0,,0.0,0.0,,0.0,0,0.0,,0.0,0.0,,0.0,0,0.0,,0.0,1,False,False,,False,1,False
closing_drift,104,2.25,-4.0,1450,1350,-3.0,,0.0,0.0,,0.0,0,0.0,,0.0,0.0,,0.0,0,0.0,,0.0,1,False,False,,False,1,False
closing_drift,105,2.5,-2.5,1300,1400,-3.0,7.603333956943604,0.1412224974298622,-0.0894142337428756,1.717807345356862,0.4532710280373832,214,0.298759381549385,-3.627388172703596,-0.1061449643322443,-0.0607002607922254,0.6196500999362133,0.3076923076923077,52,-0.0368073709499858,-0.477078633300192,26.0,3,False,False,,False,3,False
closing_drift,106,1.25,-3.5,1330,1330,-5.0,,0.0,0.0,,0.0,0,0.0,,0.0,0.0,,0.0,0,0.0,,0.0,1,False,False,,False,1,False
closing_drift,107,1.25,-1.5,1420,1350,-1.5,,0.0,0.0,,0.0,0,0.0,,0.0,0.0,,0.0,0,0.0,,0.0,1,False,False,,False,1,False
closing_drift,108,2.0,-3.5,1450,1450,-1.5,,0.0,0.0,,0.0,0,0.0,,0.0,0.0,,0.0,0,0.0,,0.0,1,False,False,,False,1,False
closing_drift,109,2.0,-3.5,1330,1330,-4.5,,0.0,0.0,,0.0,0,0.0,,0.0,0.0,,0.0,0,0.0,,0.0,1,False,False,,False,1,False
closing_drift,110,2.0,-3.5,1330,1490,-1.5,3.020015489534714,0.0897262090751056,-0.1389057709730668,1.283604116262007,0.4454545454545454,330,0.1930840428284441,-1.3888368216566966,-0.0279679905052069,-0.0675230771376611,0.8987955849294625,0.3936170212765957,94,-0.0147391851425818,-0.4598773835662251,47.0,4,False,False,,False,4,False
closing_drift,111,0.5,-1.0,1330,1360,-1.5,-1.148455792575201,-0.041778460556323,-0.1222656117608118,0.8663643763279946,0.3967611336032389,247,-0.0734193309874782,-0.1026533199053205,0.0015059012168227,-0.0495876441101673,1.006195375110517,0.3770491803278688,61,-0.0007692546672197,,30.5,4,False,False,,False,4,False
closing_drift,112,1.0,-1.5,1450,1490,-1.0,-0.3368906830634302,-0.0099500823484012,-0.1357768563996861,0.9660206235555024,0.4153225806451613,248,-0.0233201604287147,-4.294086997085106,-0.1484032973809174,-0.0722598984476634,0.5506200610660041,0.2580645161290322,62,-0.0544774118778326,,31.0,3,False,False,,False,3,False
closing_drift,113,2.75,-2.5,1480,1470,-1.0,,0.0,0.0,,0.0,0,0.0,,0.0,0.0,,0.0,0,0.0,,0.0,1,False,False,,False,1,False
closing_drift,114,2.0,-1.0,1390,1380,-1.5,,0.0,0.0,,0.0,0,0.0,,0.0,0.0,,0.0,0,0.0,,0.0,1,False,False,,False,1,False
closing_drift,115,2.25,-3.0,1480,1400,-3.0,,0.0,0.0,,0.0,0,0.0,,0.0,0.0,,0.0,0,0.0,,0.0,1,False,False,,False,1,False
closing_drift,116,2.5,-1.5,1450,1400,-3.0,,0.0,0.0,,0.0,0,0.0,,0.0,0.0,,0.0,0,0.0,,0.0,1,False,False,,False,1,False
closing_drift,117,2.25,-4.5,1450,1420,-3.5,,0.0,0.0,,0.0,0,0.0,,0.0,0.0,,0.0,0,0.0,,0.0,1,False,False,,False,1,False
closing_drift,118,1.5,-2.5,1360,1500,-4.5,1.6458102974496696,0.0578693344734336,-0.1440192846986581,1.1843338611083982,0.438953488372093,344,0.1131570086122204,-2.794817257698697,-0.0565445045972829,-0.0524636266073251,0.8223812021601398,0.3536585365853658,82,-0.0236259220890304,-1.6981405828056348,41.0,4,False,False,,False,4,False
closing_drift,119,1.0,-4.0,1330,1450,-4.0,-0.1691299486199629,-0.0012063044651438,-0.1836382633896731,0.9936934928510976,0.4099009900990099,505,-0.0157750914150441,-3.0792058039663157,-0.0717382802641553,-0.0788815812375812,0.7713919004302138,0.3902439024390244,123,-0.0410902931410788,,61.5,4,False,False,,False,4,False
closing_drift,120,1.25,-4.5,1390,1460,-2.5,-0.274940615464408,-0.0065759596526068,-0.1920502179408151,0.9788686276945734,0.4157043879907621,433,-0.0269687158912935,-1.0640630002657914,-0.0123123465333617,-0.0635284823588631,0.9474330773171432,0.3893805309734513,113,-0.0104987813446099,,56.5,4,False,False,,False,4,False
closing_drift,121,2.5,-1.5,1390,1340,-3.5,,0.0,0.0,,0.0,0,0.0,,0.0,0.0,,0.0,0,0.0,,0.0,1,False,False,,False,1,False
closing_drift,122,2.0,-2.0,1480,1510,-5.0,4.290137237070588,0.1116209210439965,-0.1068530398637269,1.5382133232701634,0.418848167539267,191,0.209457922975794,-3.3062602263721974,-0.1031836702305162,-0.0667841300777793,0.6698686134316356,0.2745098039215686,51,-0.0369233165293356,-0.770665375877298,25.5,3,False,False,,False,3,False
closing_drift,123,2.75,-2.0,1390,1330,-2.5,,0.0,0.0,,0.0,0,0.0,,0.0,0.0,,0.0,0,0.0,,0.0,1,False,False,,False,1,False
closing_drift,124,1.5,-2.0,1480,1460,-1.0,,0.0,0.0,,0.0,0,0.0,,0.0,0.0,,0.0,0,0.0,,0.0,1,False,False,,False,1,False
closing_drift,125,2.5,-3.5,1390,1400,-3.0,,0.0,0.0,,0.0,0,0.0,,0.0,0.0,,0.0,0,0.0,,0.0,1,False,False,,False,1,False
closing_drift,126,2.0,-1.5,1300,1450,-2.5,5.305263809392785,0.1302509886743155,-0.1070476267778244,1.550133624698662,0.4585152838427948,229,0.2544012337669419,-2.7192703855904568,-0.0655850061446877,-0.0570467064268652,0.7663578026934533,0.3559322033898305,59,-0.0250985076687456,-0.5125608232292017,29.5,4,False,False,,False,4,False
closing_drift,127,3.0,-2.0,1450,1380,-1.5,,0.0,0.0,,0.0,0,0.0,,0.0,0.0,,0.0,0,0.0,,0.0,1,False,False,,False,1,False
closing_drift,128,1.0,-1.0,1300,1450,-5.0,-0.035964275463458,0.0025714904628242,-0.127238315954993,1.0072503609107928,0.3870967741935484,248,-0.0023087991223629,-1.7659329831918464,-0.0405841081157663,-0.0601661733536712,0.8344270045472291,0.3272727272727272,55,-0.0167957830380205,,27.5,3,False,False,,False,3,False
closing_drift,129,0.75,-2.0,1330,1470,-4.0,-0.2673721191959711,-0.0073782167773606,-0.1851266520427006,0.9791552511866024,0.4068965517241379,435,-0.0252593064087972,-3.37159762968812,-0.0952048491371419,-0.0712208461398051,0.7545578731031793,0.3684210526315789,114,-0.0405631104334215,,57.0,4,False,False,,False,4,False
closing_drift,130,0.5,-3.0,1390,1430,-3.5,-0.7732236383585999,-0.0320395615609553,-0.2073429243955785,0.920142212002546,0.3904382470119522,502,-0.0842959603002189,-2.152503373746011,-0.0402699282319326,-0.0636353284155775,0.8709069328555585,0.3706896551724138,116,-0.0219687947002806,,58.0,4,False,False,,False,4,False
closing_drift,131,2.25,-2.5,1360,1450,-3.0,2.651985467639968,0.0767082342845605,-0.118444419283725,1.288577154879866,0.444015444015444,259,0.1475909120179708,-1.818643100550611,-0.0403359610592083,-0.0544409974792299,0.844725636456013,0.35,60,-0.0155987639412746,-0.6857666162737468,30.0,4,False,False,,False,4,False
closing_drift,132,2.0,-3.0,1480,1350,-1.5,,0.0,0.0,,0.0,0,0.0,,0.0,0.0,,0.0,0,0.0,,0.0,1,False,False,,False,1,False
closing_drift,133,0.5,-1.0,1300,1440,-3.5,-1.2473818889358006,-0.0543313540492188,-0.1435833127256958,0.8485570908309071,0.3585526315789473,304,-0.0946757568454482,1.5922962820971016,0.0310400114748868,-0.0529965462438919,1.155418501309197,0.4117647058823529,68,0.0122913394867303,,34.0,4,False,False,,False,4,False
closing_drift,134,3.0,-4.5,1480,1340,-5.0,,0.0,0.0,,0.0,0,0.0,,0.0,0.0,,0.0,0,0.0,,0.0,1,False,False,,False,1,False
closing_drift,135,1.25,-3.5,1480,1330,-4.0,,0.0,0.0,,0.0,0,0.0,,0.0,0.0,,0.0,0,0.0,,0.0,1,False,False,,False,1,False
closing_drift,136,1.25,-4.0,1390,1360,-3.5,,0.0,0.0,,0.0,0,0.0,,0.0,0.0,,0.0,0,0.0,,0.0,1,False,False,,False,1,False
closing_drift,137,2.25,-3.0,1480,1440,-4.0,,0.0,0.0,,0.0,0,0.0,,0.0,0.0,,0.0,0,0.0,,0.0,1,False,False,,False,1,False
closing_drift,138,2.75,-4.5,1480,1380,-3.0,,0.0,0.0,,0.0,0,0.0,,0.0,0.0,,0.0,0,0.0,,0.0,1,False,False,,False,1,False
closing_drift,139,0.75,-5.0,1360,1510,-2.0,-0.4483775182022727,-0.0147331998719514,-0.2131296068779578,0.9627031234474216,0.403254972875226,553,-0.0493598040577082,-1.6067980582718933,-0.0397496289041525,-0.121616264603752,0.8717146756464309,0.4064516129032258,155,-0.0322547959605489,,77.5,4,False,False,,False,4,False
closing_drift,140,2.0,-3.5,1300,1510,-3.5,3.8488901736991754,0.1056184133003014,-0.1414278258765102,1.327960062594939,0.4428969359331476,359,0.244859861300051,-1.9017630294682413,-0.041804050097349,-0.081586850343152,0.8595471286961641,0.4018691588785046,107,-0.0251043257119975,-0.4941068577284069,53.5,4,False,False,,False,4,False
closing_drift,141,0.75,-3.0,1480,1520,-4.5,-0.009309699526149,0.0049321067608255,-0.190137937083848,1.0096518335422673,0.4087591240875912,411,-0.0008924798352794,-2.763054849396653,-0.1095993913760419,-0.1428865097429261,0.6933820169717207,0.358974358974359,117,-0.0729324311216151,,58.5,4,False,False,,False,4,False
closing_drift,142,2.75,-5.0,1360,1500,-2.0,3.37208456725982,0.0890403001271374,-0.112537938774266,1.3451139225324926,0.4579831932773109,238,0.1760162204766293,-2.428487265302695,-0.0457333630866535,-0.05400234571758,0.8217123124428636,0.3833333333333333,60,-0.0209751488503473,-0.7201738915095185,30.0,4,False,False,,False,4,False
closing_drift,143,3.0,-2.5,1300,1490,-2.5,8.877912366329202,0.1551860954388152,-0.0893755813983244,1.824880929413339,0.4809523809523809,210,0.3423124167588249,-1.6314631565323,-0.0349945872729607,-0.0519529583970876,0.8591848126809557,0.3469387755102041,49,-0.0132667372896274,-0.1837665308254072,24.5,3,False,False,,False,3,False
closing_drift,144,0.5,-2.0,1480,1480,-4.5,,0.0,0.0,,0.0,0,0.0,,0.0,0.0,,0.0,0,0.0,,0.0,1,False,False,,False,1,False
closing_drift,145,2.0,-2.5,1450,1470,-4.0,2.7042978570415257,0.0822925115762086,-0.1207864346135237,1.348498945962192,0.4433962264150943,212,0.1530922975307098,-3.307682490313471,-0.0719520745859321,-0.0494349619710254,0.7280240537498941,0.2545454545454545,55,-0.0265645230416633,-1.2231206269312516,27.5,3,False,False,,False,3,False
closing_drift,146,2.0,-4.0,1450,1490,-3.0,3.641149557520081,0.0972549929809501,-0.1138310485427689,1.380346660391255,0.4476987447698745,239,0.1909550580211845,-1.4351708577235944,-0.019781328838285,-0.0530746802524213,0.9079505263657978,0.3098591549295774,71,-0.0118760772967601,-0.3941532296468103,35.5,3,False,False,,False,3,False
closing_drift,147,2.75,-1.0,1480,1480,-1.5,,0.0,0.0,,0.0,0,0.0,,0.0,0.0,,0.0,0,0.0,,0.0,1,False,False,,False,1,False
closing_drift,148,2.0,-3.0,1360,1400,-4.5,,0.0,0.0,,0.0,0,0.0,,0.0,0.0,,0.0,0,0.0,,0.0,1,False,False,,False,1,False
closing_drift,149,1.5,-1.5,1330,1470,-2.0,2.8763496237116453,0.0898138156870511,-0.122746881344382,1.3186402159682915,0.4386617100371747,269,0.1646088971948531,-3.718619276987897,-0.0961836035728081,-0.0567324109906694,0.7175826093436131,0.352112676056338,71,-0.0350991968370133,-1.2928258951321034,35.5,4,False,False,,False,4,False
closing_drift,150,1.75,-5.0,1390,1430,-4.0,0.6876014418832298,0.031733303978186,-0.1741727283625931,1.090156690924059,0.4204204204204204,333,0.0586628966449254,2.600778659919223,0.0398557984590107,-0.0521451773824511,1.193996575657216,0.4,80,0.0193625613808139,3.782392679102168,40.0,5,False,False,,False,5,False
closing_drift,151,2.25,-3.5,1360,1410,-2.5,2.119025009735203,0.0652247796421255,-0.1117895432906743,1.2309730402673298,0.4297872340425532,235,0.1130918911214906,-0.8017374597937541,-0.012612859033438,-0.0533447299997441,0.9402112358485494,0.3333333333333333,54,-0.0065695135168148,-0.3783520515852432,27.0,3,False,False,,False,3,False
closing_drift,152,1.5,-3.0,1420,1330,-1.0,,0.0,0.0,,0.0,0,0.0,,0.0,0.0,,0.0,0,0.0,,0.0,1,False,False,,False,1,False
closing_drift,153,1.25,-4.5,1330,1460,-1.5,0.1288793895359902,0.0112700115897364,-0.1982615083987824,1.0250449997505433,0.4125269978401727,463,0.0127967239477368,-2.8089802057554007,-0.0612376051715621,-0.0740575034245133,0.8032894165713906,0.3833333333333333,120,-0.0345578727560329,-21.795418304421585,60.0,4,False,False,,False,4,False
closing_drift,154,2.5,-3.5,1450,1480,-1.5,4.482757415193358,0.1124195174970856,-0.1043310593920981,1.531099347267491,0.4623655913978494,186,0.2133288907180317,-3.815899038197659,-0.0836411404855414,-0.05847877540806,0.6727018703694934,0.2727272727272727,55,-0.0373606351391685,-0.8512392451272238,27.5,3,False,False,,False,3,False
closing_drift,155,2.25,-5.0,1300,1420,-3.5,1.937236867665496,0.0720280547612385,-0.160951473736027,1.2383496621150667,0.427652733118971,311,0.1465730520046744,-2.333766424668692,-0.0580648656759855,-0.0765164668455273,0.7757438105049944,0.3378378378378378,74,-0.0292270680957152,-1.204688215272839,37.0,3,False,False,,False,3,False
closing_drift,156,2.0,-3.5,1360,1510,-2.5,2.571089482699484,0.0832151022495539,-0.1479395170124557,1.25751284097571,0.4392523364485981,321,0.176393504109062,-1.2158581166843607,-0.0228143169194702,-0.0783323706531172,0.9156686483189828,0.404040404040404,99,-0.0149791222380573,-0.4728960718270238,49.5,4,False,False,,False,4,False
closing_drift,157,2.25,-1.0,1420,1440,-2.0,2.2928860705645846,0.0607370016318217,-0.0765321320806275,1.3389739985015363,0.4601769911504424,113,0.0848911175076652,-0.2411311031064934,-0.0030227832651505,-0.0425940384681278,0.980881677946252,0.4,25,-0.0015555607295879,-0.1051648863857936,12.5,3,False,False,,False,3,False
closing_drift,158,2.5,-2.5,1360,1470,-3.0,4.108520149384112,0.1029827168039154,-0.1095483106047431,1.457126329058264,0.4533333333333333,225,0.2059703856050383,-2.534820106068889,-0.0614334111777,-0.057035309306161,0.7780936275221254,0.3333333333333333,57,-0.023272255163145,-0.6169666969867172,28.5,3,False,False,,False,3,False
closing_drift,159,1.5,-3.0,1330,1360,-3.5,6.040660416352848,0.1354153362544037,-0.1163665505290876,1.516639141971881,0.4600638977635782,313,0.3077235676595007,-3.423369790901072,-0.0799562471738078,-0.0535983057047566,0.7275561646715683,0.3108108108108108,74,-0.0301052480561945,-0.5667211124190275,37.0,3,False,False,,False,3,False
closing_drift,160,1.75,-4.5,1450,1500,-4.0,2.293282078689705,0.0731919155535951,-0.1331136008383308,1.2579486263256994,0.4456521739130434,276,0.1436912789297271,-0.4459924417730072,-0.0028717728757501,-0.052703298944156,0.9829603273717152,0.3246753246753247,77,-0.0035803422404036,-0.1944777949112263,38.5,3,False,False,,False,3,False
closing_drift,161,1.25,-3.5,1450,1480,-3.0,0.1175746671163299,0.0098308525557277,-0.164472924387911,1.0257022357559078,0.4320987654320987,324,0.009699366430919,-2.3921734255156237,-0.0347960134408532,-0.052466096762372,0.8647005312184121,0.3181818181818182,88,-0.0200201399661116,-20.34599360718389,44.0,3,False,False,,False,3,False
closing_drift,162,2.75,-1.0,1420,1420,-4.5,,0.0,0.0,,0.0,0,0.0,,0.0,0.0,,0.0,0,0.0,,0.0,1,False,False,,False,1,False
closing_drift,163,1.25,-3.0,1330,1440,-4.0,1.1728344162744413,0.0456443778687766,-0.1646234409839152,1.1254937719331957,0.4306569343065693,411,0.0930456497548213,-2.262788313912832,-0.0440536525484996,-0.0591598970827817,0.8413308674350287,0.3775510204081632,98,-0.0214383246273907,-1.9293331458507803,49.0,4,False,False,,False,4,False
closing_drift,164,1.5,-5.0,1450,1500,-4.0,1.5141522095814166,0.051321352426693,-0.1314372990420635,1.166616536981253,0.4466666666666666,300,0.0957848729000279,-1.825043954618056,-0.0249481327538367,-0.0536867219817617,0.8964570968340768,0.3292682926829268,82,-0.0154294600772469,-1.2053239714404833,41.0,3,False,False,,False,3,False
closing_drift,165,1.5,-5.0,1300,1500,-3.0,1.3782883725937252,0.0521970280228812,-0.1706026369425721,1.141499461713879,0.4147982062780269,446,0.1123001120924478,-1.2099848284376498,-0.0191610021951024,-0.0707886884231671,0.929538530645443,0.3947368421052631,114,-0.0134121215420013,-0.8778894551367692,57.0,4,False,False,,False,4,False
closing_drift,166,1.0,-1.5,1300,1330,-3.0,-0.0510488380539302,0.002083411093121,-0.157805503751981,1.0049669890067905,0.3892617449664429,298,-0.0040680054173131,-2.501825414835834,-0.0596721429122716,-0.0614632455904686,0.802160271451291,0.375,72,-0.0248628777915221,,36.0,4,False,False,,False,4,False
closing_drift,167,2.25,-1.5,1390,1430,-4.0,2.443014432392073,0.0750266150803981,-0.1064489363449539,1.3227340940652843,0.4438202247191011,178,0.1235524361400051,-0.907524827874574,-0.017612517897789,-0.0482135065752564,0.925796825752882,0.4,45,-0.0067239623236067,-0.3714774730110672,22.5,4,False,False,,False,4,False
closing_drift,168,0.5,-3.0,1480,1480,-4.5,,0.0,0.0,,0.0,0,0.0,,0.0,0.0,,0.0,0,0.0,,0.0,1,False,False,,False,1,False
closing_drift,169,0.75,-2.0,1390,1350,-5.0,,0.0,0.0,,0.0,0,0.0,,0.0,0.0,,0.0,0,0.0,,0.0,1,False,False,,False,1,False
closing_drift,170,1.0,-4.0,1480,1510,-3.0,0.3431453307366767,0.0179627047444177,-0.1549912003605794,1.0468696046512664,0.4250681198910082,367,0.0264588280845337,-1.3168721956210865,-0.0256149413267936,-0.0959678902959514,0.9011592541263383,0.3673469387755102,98,-0.0201671237377525,-3.8376515069984425,49.0,4,False,False,,False,4,False
closing_drift,171,0.75,-3.5,1300,1500,-2.0,-0.3834666885523603,-0.0110207680132799,-0.2077867650111289,0.9702037280744014,0.3927335640138408,578,-0.0409825797068631,-1.4791916667838527,-0.0261663296208556,-0.0796745162992856,0.9201628238648502,0.4228187919463087,149,-0.0187315005692249,,74.5,4,False,False,,False,4,False
closing_drift,172,2.75,-3.5,1480,1490,-2.0,,0.0,0.0,,0.0,0,0.0,,0.0,0.0,,0.0,0,0.0,,0.0,1,False,False,,False,1,False
closing_drift,173,2.25,-1.5,1360,1510,-2.0,3.243417975416046,0.0894690992198241,-0.1002228175124704,1.369096985313633,0.457286432160804,199,0.1524008633578961,-2.444909715376816,-0.0752472996839964,-0.0750340910383781,0.7635297007775644,0.3559322033898305,59,-0.0300989355424048,-0.753806550345457,29.5,4,False,False,,False,4,False
closing_drift,174,1.5,-5.0,1420,1360,-3.5,,0.0,0.0,,0.0,0,0.0,,0.0,0.0,,0.0,0,0.0,,0.0,1,False,False,,False,1,False
closing_drift,175,3.0,-3.5,1360,1350,-4.0,,0.0,0.0,,0.0,0,0.0,,0.0,0.0,,0.0,0,0.0,,0.0,1,False,False,,False,1,False
closing_drift,176,1.25,-4.0,1420,1350,-4.0,,0.0,0.0,,0.0,0,0.0,,0.0,0.0,,0.0,0,0.0,,0.0,1,False,False,,False,1,False
closing_drift,177,0.5,-2.0,1390,1520,-1.5,-0.5644228317164511,-0.0233027495025269,-0.2017287917966808,0.9417851518452166,0.40625,480,-0.0591015276099489,-3.237100142767084,-0.1685734461391607,-0.1414323186073699,0.6272312596040827,0.3453237410071942,139,-0.0881797163397635,,69.5,3,False,False,,False,3,False
closing_drift,178,1.5,-5.0,1330,1420,-3.0,0.7465602403721008,0.0341515530520895,-0.1786941077621623,1.0931967235333673,0.4221635883905013,379,0.0651445583685566,-2.85441775431251,-0.059572168590312,-0.0620942526826075,0.7931519544106932,0.3333333333333333,87,-0.0289904570628591,-3.8234258937896426,43.5,3,False,False,,False,3,False
closing_drift,179,2.25,-4.5,1450,1400,-3.0,,0.0,0.0,,0.0,0,0.0,,0.0,0.0,,0.0,0,0.0,,0.0,1,False,False,,False,1,False
closing_drift,180,3.0,-3.5,1390,1360,-1.0,,0.0,0.0,,0.0,0,0.0,,0.0,0.0,,0.0,0,0.0,,0.0,1,False,False,,False,1,False
closing_drift,181,1.25,-4.0,1360,1370,-4.5,,0.0,0.0,,0.0,0,0.0,,0.0,0.0,,0.0,0,0.0,,0.0,1,False,False,,False,1,False
closing_drift,182,0.5,-4.0,1480,1420,-3.0,,0.0,0.0,,0.0,0,0.0,,0.0,0.0,,0.0,0,0.0,,0.0,1,False,False,,False,1,False
closing_drift,183,2.25,-4.5,1390,1420,-2.0,0.8913378657271602,0.0364703053312384,-0.1418211695434256,1.1154571666898412,0.421455938697318,261,0.0618263682560129,-0.3965315875713303,-0.003982713765419,-0.0590281891643997,0.9775905656989315,0.3387096774193548,62,-0.0035651510362338,-0.4448723686251529,31.0,3,False,False,,False,3,False
closing_drift,184,1.5,-1.0,1420,1480,-1.5,1.7378716852812757,0.0513299665360154,-0.089135485261125,1.2332705130433663,0.453416149068323,161,0.075279897208905,-2.168306931318794,-0.0504459746300611,-0.0495208962504333,0.8138602065458554,0.3488372093023256,43,-0.0169828491005575,-1.2476795322019716,21.5,3,False,False,,False,3,False
closing_drift,185,0.75,-5.0,1390,1430,-3.0,-0.9731982411483912,-0.0633663394058723,-0.2852045704081006,0.8520869267118409,0.3814432989690721,485,-0.1511315273878067,-0.7205242383689047,-0.0071277143128568,-0.0689746926101479,0.9664643255215604,0.3898305084745763,118,-0.007657296749995,,59.0,4,False,False,,False,4,False
closing_drift,186,0.5,-4.5,1330,1510,-5.0,-0.3095755079661439,-0.0077241658858764,-0.2125390386452341,0.9797597185026278,0.4050235478806907,637,-0.0337191779172685,-2.3786084071002898,-0.0763875314991076,-0.1254567755819785,0.7918701215575651,0.4046242774566474,173,-0.0520397751517462,,86.5,4,False,False,,False,4,False
closing_drift,187,3.0,-3.0,1420,1340,-4.0,,0.0,0.0,,0.0,0,0.0,,0.0,0.0,,0.0,0,0.0,,0.0,1,False,False,,False,1,False
closing_drift,188,2.25,-1.0,1450,1470,-3.0,1.7994302391128263,0.0497598878122859,-0.0759277375805677,1.3190255621305025,0.4285714285714285,91,0.0666688836267141,-2.9924765932148474,-0.0738410759662861,-0.0429865980263176,0.6588533337256789,0.2307692307692307,26,-0.0205495904310941,-1.6630133962238118,13.0,2,False,False,,False,2,False
closing_drift,189,1.0,-2.0,1450,1480,-4.5,-0.6025649639449432,-0.021977305084739,-0.1444153228121061,0.933593677754574,0.4178082191780822,292,-0.0448450630731168,-4.490548192638298,-0.1761668996323065,-0.0833092360540509,0.491052958965173,0.2285714285714285,70,-0.0682190962573822,,35.0,3,False,False,,False,3,False
closing_drift,190,2.25,-2.5,1390,1430,-2.5,2.2106527009477657,0.0703594009158444,-0.1247702165913128,1.269710342065271,0.423728813559322,236,0.1306159882147899,-1.353520761888003,-0.0267305588538178,-0.0497670411172145,0.89172509346562,0.3571428571428571,56,-0.0104607653127232,-0.6122720051447759,28.0,4,False,False,,False,4,False
closing_drift,191,3.0,-4.5,1480,1380,-2.5,,0.0,0.0,,0.0,0,0.0,,0.0,0.0,,0.0,0,0.0,,0.0,1,False,False,,False,1,False
closing_drift,192,2.0,-1.5,1360,1450,-1.0,3.4750669963630503,0.0935696240427396,-0.100159421369303,1.3797755316273963,0.4705882352941176,204,0.1624370507112429,-0.9032627080768496,-0.0163523929387954,-0.0478282414257674,0.9372541249787976,0.3846153846153846,52,-0.0066372891234712,-0.2599267032900919,26.0,4,False,False,,False,4,False
closing_drift,193,0.5,-1.5,1300,1430,-3.0,-0.593025909730056,-0.026610315311365,-0.2071220457013163,0.9285148906127684,0.3651551312649164,419,-0.0639127252577148,-1.5646174646805244,-0.0256635698629987,-0.0571493808184426,0.9119036020139558,0.4141414141414141,99,-0.0140255740422398,,49.5,4,False,False,,False,4,False
closing_drift,194,1.75,-4.5,1480,1450,-1.0,,0.0,0.0,,0.0,0,0.0,,0.0,0.0,,0.0,0,0.0,,0.0,1,False,False,,False,1,False
closing_drift,195,0.5,-1.0,1390,1460,-5.0,-1.3238484106671091,-0.0733177343351865,-0.1688381937902369,0.7968061365087136,0.3870967741935484,279,-0.1197009679520976,-1.0889347552375408,-0.0195854580812687,-0.0500936760940456,0.9320068130548214,0.3676470588235294,68,-0.0084227881134889,,34.0,4,False,False,,False,4,False
closing_drift,196,1.25,-1.0,1360,1520,-1.5,0.6121241358620965,0.0250854572366097,-0.1120617730840008,1.0930235452824903,0.4356435643564356,202,0.0340012252683328,-4.249617864178817,-0.1910436565160006,-0.0892284750620824,0.5005208134706275,0.288135593220339,59,-0.0693640784250009,-6.94241186584448,29.5,3,False,False,,False,3,False
closing_drift,197,3.0,-1.5,1480,1340,-3.5,,0.0,0.0,,0.0,0,0.0,,0.0,0.0,,0.0,0,0.0,,0.0,1,False,False,,False,1,False
closing_drift,198,1.5,-1.0,1330,1420,-1.5,1.8571233520151185,0.0580891981089973,-0.1045343441689818,1.2595286870720663,0.4411764705882353,170,0.093533636614276,-1.505487803287871,-0.0289953038741337,-0.0468300139696694,0.864539099512964,0.3414634146341463,41,-0.0109640718288883,-0.8106557928175873,20.5,3,False,False,,False,3,False
closing_drift,199,2.25,-4.5,1300,1520,-3.5,2.385741882553217,0.0763022117526701,-0.1461474676521058,1.2319528908339032,0.44,350,0.1627018652985348,-2.3575869215826977,-0.0553482219210586,-0.0903343404200877,0.8241915656457083,0.3981481481481481,108,-0.0354692934126094,-0.9881986558661624,54.0,4,False,False,,False,4,False
