strategy,trial_id,p_gap_threshold_pct,p_reversal_threshold_pct,p_entry_window_end_bar,p_take_profit_pct,p_stop_loss_pct,train_calmar,train_sharpe,train_mdd,train_profit_factor,train_win_rate,train_total_trades,train_total_return,test_calmar,test_sharpe,test_mdd,test_profit_factor,test_win_rate,test_total_trades,test_total_return,overfit_ratio,monthly_trades,gates_passed,gate_calmar_ok,pass_stage1,error
gap_down_reversal,0,-4.5,0.3,105,3.5,-3.5,7.945751779652432,0.11216103423857471,-0.07027060551940845,1.3140417927742196,0.6273291925465838,161,0.2505395689987011,-2.549604782402559,-0.12228735731600515,-0.14162972139026364,0.8185694427993795,0.4685714285714286,175,-0.06532519975150741,-0.32087646998130687,87.5,4,False,False,
gap_down_reversal,1,-3.5,0.8999999999999999,105,2.0,-4.5,-0.09372527249177837,-0.0001952612802330312,-0.2147137711716818,0.9996577325618987,0.7097791798107256,317,-0.010193044648541982,-2.7121116020986205,-0.09898556274323235,-0.11039433103108748,0.8777395847737764,0.6613418530351438,313,-0.052241443502376694,,156.5,4,False,False,
gap_down_reversal,2,-2.0,0.3,30,2.0,-3.5,-1.0569909834616484,-0.08129063855244545,-0.261714209560777,0.8837184827124157,0.6451612903225806,527,-0.15058038289869757,-3.5728858408422477,-0.24219517498111381,-0.16323485225952228,0.7226909026627603,0.6051948051948052,385,-0.12363616113138431,,192.5,3,False,False,
gap_down_reversal,3,-3.5,2.6999999999999997,90,1.5,-3.5,-0.3627335513507224,-0.026324333159635525,-0.2782524939916969,0.947672219968307,0.7391304347826086,276,-0.05220802926495771,-3.546947534102178,-0.3697648522280661,-0.19878200088829967,0.5623233444044028,0.5955555555555555,225,-0.16816510677173202,,112.5,3,False,False,
gap_down_reversal,4,-1.0,2.0999999999999996,45,5.0,-3.0,3.624952866655658,0.10812135729541922,-0.14146227572710246,1.1970564408564905,0.448512585812357,437,0.23197904365522048,-2.7379229946635837,-0.44537078401262076,-0.3090446428524975,0.5060813716764708,0.2875536480686695,233,-0.24590938443019272,-0.7552989226007679,116.5,2,False,False,
gap_down_reversal,5,-5.0,0.8999999999999999,105,4.5,-2.5,11.7131044362794,0.17216951395330035,-0.08077850462399394,1.5466397708038107,0.5140845070422535,142,0.39874194659118056,0.2485571311621544,0.011905485670364768,-0.10685009970610204,1.0208188455857743,0.36363636363636365,154,0.0039603952859035285,0.02122043156998497,77.0,4,False,False,
gap_down_reversal,6,-3.0,0.8999999999999999,45,4.0,-4.5,4.042984503102282,0.1599062242607447,-0.1988571555148491,1.4458559026555915,0.5822222222222222,225,0.3462701442815941,-1.492593656702385,-0.05979858057057162,-0.15295956888089376,0.9056162694204973,0.5240384615384616,208,-0.038327054449300735,-0.36918114713451927,104.0,3,False,False,
gap_down_reversal,7,-4.5,2.0999999999999996,30,4.0,-2.5,6.751206358168321,0.1496677807408458,-0.08224032108543708,1.6686285427469725,0.5833333333333334,84,0.24927252584007165,-3.5426036750883183,-0.3544991470453618,-0.18530198644784027,0.4544055502888994,0.3229166666666667,96,-0.1488032722521655,-0.5247363933413327,48.0,2,False,False,
gap_down_reversal,8,-3.0,0.3,105,5.0,-4.5,6.30146335722178,0.13438496643257747,-0.12235201806351148,1.328079889351605,0.555984555984556,259,0.3338097086746137,-2.695031621225742,-0.15911575372588269,-0.1790769974007962,0.7736027224054978,0.45147679324894513,237,-0.09459155321619972,-0.42768345516714085,118.5,3,False,False,
gap_down_reversal,9,-2.0,0.6,90,3.5,-2.5,-0.6275213836960861,-0.04826851607512883,-0.3078515159066714,0.9373146673740246,0.46204620462046203,606,-0.1025351069766145,-2.8977171929986447,-0.26656581950751806,-0.2172367771743074,0.7316158158052489,0.38949671772428884,457,-0.1390505829800769,,228.5,3,False,False,
gap_down_reversal,10,-3.5,0.6,30,3.0,-3.0,1.42045762821118,0.06454268720742017,-0.16628087118502044,1.1549293255394573,0.5817307692307693,208,0.1127789554671419,-3.5868112445213267,-0.16540336458151247,-0.11763283373153127,0.7744324656385849,0.4976958525345622,217,-0.07932038775401162,-2.525109635996882,108.5,4,False,False,
gap_down_reversal,11,-4.5,1.2,120,2.0,-2.0,-0.8130063432579597,-0.05815196937629612,-0.2511222097271951,0.907220496768046,0.5520504731861199,317,-0.1087116147949374,-3.7079260682271533,-0.3610463362041537,-0.18509954349161087,0.6420796631891339,0.425,320,-0.16040432868545085,,160.0,3,False,False,
gap_down_reversal,12,-3.0,2.4,105,4.0,-4.0,0.24167948559467947,0.01411708226711648,-0.1620586880127432,1.024758312726197,0.5555555555555556,225,0.0195504702250362,-2.890026642406248,-0.3218566148294816,-0.2561825446472666,0.5902304174897021,0.43434343434343436,198,-0.18400531753094862,-11.9580966307298,99.0,3,False,False,
gap_down_reversal,13,-2.5,1.8,45,3.5,-4.5,1.209086133238254,0.06103827500108329,-0.19767807848598978,1.1326523613221813,0.6222222222222222,270,0.11405522308179372,-2.5142473938442462,-0.21713920364529152,-0.23338501092750363,0.706107350454236,0.49748743718592964,199,-0.1247716660343462,-2.0794609455245534,99.5,3,False,False,
gap_down_reversal,14,-4.0,2.6999999999999997,105,3.0,-4.0,5.1193199092198665,0.15725137130359282,-0.1542296155227313,1.4618221235834858,0.672316384180791,177,0.34083383623876573,-3.4002508819398765,-0.2717955022425639,-0.1872430219759777,0.6286237762714336,0.4342105263157895,152,-0.1415882855625633,-0.6641997261816054,76.0,3,False,False,
gap_down_reversal,15,-1.5,2.0999999999999996,60,5.5,-3.5,2.044069128726925,0.07157043449884183,-0.14784456111841832,1.1412365964087097,0.4507042253521127,355,0.14233812812364222,-2.795281992217707,-0.4997768842352701,-0.31886198347132727,0.45730913620675134,0.3063063063063063,222,-0.2844104079732419,-1.3675085411414867,111.0,2,False,False,
gap_down_reversal,16,-2.5,0.3,45,1.5,-2.5,-1.232701702143451,-0.20438223472562628,-0.4300974785539727,0.756486199411736,0.6169844020797227,577,-0.3166188286765058,-3.493713377567734,-0.4641210701319929,-0.22293610895986907,0.5917212081085633,0.5602536997885835,473,-0.20351869259020428,,236.5,3,False,False,
gap_down_reversal,17,-2.0,1.5,30,3.0,-2.5,-0.3803925338267481,-0.01752741792469684,-0.21303152493995367,0.9709936669474002,0.5065616797900262,381,-0.0416951122542949,-2.979002981165286,-0.4213292112459002,-0.26574078656922634,0.5568248672943515,0.39923954372623577,263,-0.2106298254956468,,131.5,3,False,False,
gap_down_reversal,18,-3.5,2.4,75,5.0,-4.0,6.4795128537640245,0.145705496849215,-0.1408900029705917,1.5069738136630044,0.5506329113924051,158,0.38664023675150205,-2.804334899446319,-0.2275631465650341,-0.22416993318115272,0.6481064503725716,0.3939393939393939,132,-0.13875542047275513,-0.43280026797342463,66.0,3,False,False,
gap_down_reversal,19,-3.0,0.8999999999999999,45,5.5,-3.0,5.750314843291968,0.16859830321496888,-0.17623684536494943,1.5048933940644276,0.4711111111111111,225,0.4228954467762902,-2.7524541650447025,-0.17748196297532862,-0.17909520931870238,0.7443945302833979,0.33490566037735847,212,-0.09734174879396318,-0.4786614715984776,106.0,2,False,False,
gap_down_reversal,20,-2.0,2.9999999999999996,75,4.0,-3.5,0.0987363551220437,0.01057179959076131,-0.22413889257923916,1.0181858435329119,0.5134099616858238,261,0.011092598228245931,-3.102735103701327,-0.3531975274472593,-0.24843095176585733,0.5711526645671933,0.3735632183908046,174,-0.1992074659299149,-31.42444441934454,87.0,3,False,False,
gap_down_reversal,21,-4.0,2.6999999999999997,75,2.0,-5.0,2.967555320786734,0.11408415975984151,-0.1424419591283244,1.3606328504916283,0.7906976744186046,172,0.19444163765733746,-3.214238078071944,-0.1247976037547272,-0.10772568435761852,0.7842609464937809,0.6176470588235294,136,-0.062082463797441645,-1.083126590954271,68.0,4,False,False,
gap_down_reversal,22,-4.5,0.8999999999999999,105,2.5,-2.0,-0.883220065898568,-0.04823509141405969,-0.22135385112966435,0.8994576084819096,0.5348837209302325,258,-0.10383702922835347,-3.554798545704048,-0.2067644392157168,-0.143800098769057,0.7635624222344105,0.3979591836734694,294,-0.10231165492467331,,147.0,4,False,False,
gap_down_reversal,23,-4.5,2.0999999999999996,75,6.0,-1.5,4.224987524458419,0.11667607419879998,-0.13612640881784444,1.4452067536080881,0.3779527559055118,127,0.25730757983423636,-3.3743745131136635,-0.30515158834229983,-0.19854847319598262,0.5431069043392777,0.1347517730496454,141,-0.15394315835127703,-0.798670882122003,70.5,2,False,False,
gap_down_reversal,24,-1.0,1.5,90,1.5,-4.5,-1.3490272155113614,-0.1961931413402223,-0.39608837990742424,0.7881738207419157,0.7284440039643211,1009,-0.3196692541466214,-2.848194390569139,-0.5526097385593677,-0.3120811156584507,0.49715407583074567,0.6536203522504892,511,-0.2820093547969038,,255.5,3,False,False,
gap_down_reversal,25,-1.0,1.5,120,4.0,-4.5,1.0760961081253326,0.055908040397490505,-0.18425490681676532,1.0795033472725337,0.5824964131994261,697,0.09544395193318023,-2.6504413465656937,-0.3699308984904378,-0.29910647529810186,0.6134184418131905,0.4444444444444444,360,-0.21127203608079215,-2.4630154561036637,180.0,3,False,False,
gap_down_reversal,26,-3.0,2.0999999999999996,45,5.0,-5.0,5.268443478737892,0.14480818664194012,-0.15741286482728117,1.4968668418682896,0.5705521472392638,163,0.3557692103483323,-2.947606691776354,-0.21354017122748412,-0.20677228656177202,0.6515052294540726,0.48148148148148145,135,-0.13219562876537116,-0.5594834040968932,67.5,3,False,False,
gap_down_reversal,27,-3.0,2.6999999999999997,120,2.5,-4.5,-1.0602137822218123,-0.09321476819098234,-0.3275596013600585,0.8132111963687849,0.6386861313868614,274,-0.19345765222144307,-2.914491325953225,-0.20509854103667094,-0.19673614401045186,0.7259259933723071,0.5746606334841629,221,-0.12054894232655267,,110.5,3,False,False,
gap_down_reversal,28,-3.0,2.6999999999999997,90,3.0,-4.0,1.0760699108739025,0.06029558850073541,-0.23909331162324848,1.1382943011128552,0.6200873362445415,229,0.12230466918140226,-2.8617155305355353,-0.3338661712773342,-0.26378191730607514,0.5767494347172618,0.4585635359116022,181,-0.19104347589314408,-2.659414134358117,90.5,3,False,False,
gap_down_reversal,29,-2.5,0.8999999999999999,90,5.5,-5.0,4.6921340092016415,0.16062062694614526,-0.18721404358092872,1.3699928773184369,0.5662251655629139,302,0.3739925879510184,-3.0321862381864757,-0.19493385909815308,-0.1867045549437634,0.7283871248382421,0.44933920704845814,227,-0.11830740622787084,-0.6462275442773207,113.5,3,False,False,
gap_down_reversal,30,-2.5,2.4,30,2.0,-2.5,-1.0234234644272704,-0.06240966932465262,-0.18571283985182718,0.8832021869978709,0.5714285714285714,238,-0.10078744123158423,-3.4427227323089284,-0.3780355508644498,-0.20409794581645138,0.5356694787719531,0.4891304347826087,184,-0.16714083502304933,,92.0,3,False,False,
gap_down_reversal,31,-3.0,1.2,30,3.0,-4.5,6.225477287920779,0.18289910979183696,-0.13314001440173515,1.536999013265219,0.6696428571428571,224,0.3555971451890585,-2.948647103788868,-0.1775231719501066,-0.17195530707390574,0.7484895533455331,0.5652173913043478,207,-0.10116795525141697,-0.4736419341710704,103.5,3,False,False,
gap_down_reversal,32,-4.5,2.4,120,2.0,-4.0,1.513089216215643,0.06027501342120198,-0.14783774327083077,1.1558644722148899,0.7225130890052356,191,0.10709250626957845,-3.61425941860284,-0.25658728113502316,-0.16264605360875736,0.6340070099835269,0.5416666666666666,168,-0.12510975641095934,-2.3886624660787628,84.0,3,False,False,
gap_down_reversal,33,-4.0,2.4,90,2.5,-3.0,0.15688927205491635,0.014793449824702432,-0.23636196716762414,1.0333706170018557,0.6029411764705882,204,0.01851970903393907,-3.563932435751156,-0.33997749099621544,-0.1875638870675021,0.5742672636497111,0.4375,176,-0.15335982838200768,-22.716227751402045,88.0,3,False,False,
gap_down_reversal,34,-1.0,2.9999999999999996,75,3.0,-3.5,-0.6482053165952528,-0.040705184453511865,-0.26459860933595697,0.934754952682229,0.5601851851851852,432,-0.09046741599365982,-2.926860170589873,-0.4758834603247113,-0.2969238197889145,0.5220375194305588,0.4100418410041841,239,-0.2640253358366238,,119.5,3,False,False,
gap_down_reversal,35,-3.0,2.0999999999999996,105,4.0,-1.5,-1.0511435292377693,-0.1125773965500209,-0.3719492135456005,0.8115753100044588,0.31754874651810583,359,-0.2211317283423948,-3.047683417225689,-0.5216477543076796,-0.28002986552317904,0.5087178746955292,0.20402298850574713,348,-0.25141802844353367,,174.0,2,False,False,
gap_down_reversal,36,-1.0,2.4,30,3.0,-3.5,0.1429326583699972,0.011443012187035705,-0.17640259910684375,1.0194914591548476,0.5702247191011236,356,0.01262842293008859,-3.079131958513114,-0.4654393826368951,-0.27723971443695256,0.4868549388940545,0.4251207729468599,207,-0.2515839503314382,-21.542536139938264,103.5,3,False,False,
gap_down_reversal,37,-4.5,1.8,30,6.0,-3.5,11.36055859726355,0.16737737344035786,-0.08524053753675107,1.8314576509475062,0.5569620253164557,79,0.40676509622442003,-2.8640941897939483,-0.1398009394386183,-0.13584583604012196,0.7164725461373644,0.2976190476190476,84,-0.07161459398372305,-0.25210857065460063,42.0,3,False,False,
gap_down_reversal,38,-3.5,0.3,30,1.5,-3.5,-0.6263794489253246,-0.047296073790688266,-0.2365510009547111,0.9006393281676957,0.7159090909090909,264,-0.0776411649161044,-3.481076143055833,-0.2217006204370599,-0.14235228985191328,0.7388628577689987,0.6633333333333333,300,-0.09803794468786542,,150.0,4,False,False,
gap_down_reversal,39,-4.5,0.3,120,4.0,-4.5,12.274337362318699,0.1395293945961961,-0.06522041319298354,1.4342340333362886,0.6575342465753424,146,0.3449761042381614,-1.4351333160304633,-0.044601045389270524,-0.12016543898653018,0.9161499673935373,0.5352112676056338,142,-0.028140190133713827,-0.11692144949805729,71.0,4,False,False,
gap_down_reversal,40,-1.0,1.2,60,5.0,-3.5,0.5406309289218049,0.03012078250053802,-0.1730067320360616,1.0419758583213323,0.4829192546583851,644,0.04609228597639192,-2.418229719930064,-0.2527453839590455,-0.27905816776406106,0.6998148711173712,0.36774193548387096,310,-0.15582981319114075,-4.472977017339364,155.0,3,False,False,
gap_down_reversal,41,-1.0,0.8999999999999999,105,6.0,-1.5,-1.1352170475613317,-0.0964403320989569,-0.2916948412353433,0.8867661934119359,0.26517273576097106,1071,-0.18346370475634588,-2.8201403688376994,-0.47760209258552705,-0.3076964190628913,0.5640015943675609,0.1812191103789127,607,-0.26292193556343824,,303.5,2,False,False,
gap_down_reversal,42,-3.5,2.4,120,4.5,-3.5,5.40525630744323,0.12226941751129537,-0.1279823073254404,1.3143405199892408,0.5408163265306123,196,0.30339996247095735,-2.82920934412611,-0.19577910212253385,-0.2002064046562422,0.7203967154819625,0.3891891891891892,185,-0.1184002361671872,-0.5234181661709896,92.5,3,False,False,
gap_down_reversal,43,-4.5,0.6,105,4.5,-2.5,8.836669682615781,0.15681950989519888,-0.09912885624217657,1.4587336861457263,0.51875,160,0.3730838298856918,-1.257063983126009,-0.04354934766876138,-0.12486933693419891,0.9292193707293416,0.3502824858757062,177,-0.025419545738600835,-0.14225540031206643,88.5,4,False,False,
gap_down_reversal,44,-2.0,2.0999999999999996,75,1.5,-4.5,-1.122994444030049,-0.13731295441820607,-0.3889084518194096,0.7896129813713644,0.7294589178356713,499,-0.25120244785164547,-3.082210789739579,-0.4241238012631498,-0.2638191883621552,0.5386627873536276,0.6517857142857143,336,-0.22348997872134402,,168.0,3,False,False,
gap_down_reversal,45,-5.0,2.0999999999999996,105,4.0,-4.5,3.220328098896371,0.07750534149266947,-0.11047391850531549,1.2465768652529068,0.6371681415929203,113,0.16577921715129795,-2.9596474782711195,-0.14358236749594006,-0.14946392708342976,0.7210918005405038,0.4380952380952381,105,-0.08430315351361595,-0.919051533688574,52.5,4,False,False,
gap_down_reversal,46,-3.5,1.2,45,5.5,-1.5,2.197437266732823,0.10082773042861161,-0.22742184188812306,1.280059212050797,0.3333333333333333,234,0.22661205015739938,-2.630237257301995,-0.20971546388027704,-0.20270760054350725,0.7243311701790124,0.2157676348547718,241,-0.1085204815572024,-1.1969566991155405,120.5,2,False,False,
gap_down_reversal,47,-4.0,2.0999999999999996,45,3.5,-1.5,0.8383877044319242,0.0441027445209976,-0.17447377250926074,1.1147383131929351,0.42528735632183906,174,0.07122327800120698,-3.497515282186412,-0.4193677598116697,-0.20405893359212857,0.48422961312981977,0.23595505617977527,178,-0.17188189018468736,-4.171715858543348,89.0,2,False,False,
gap_down_reversal,48,-3.5,0.6,75,5.5,-4.5,7.4877034865933405,0.17219292953182241,-0.13847543452606084,1.5519348427180135,0.5561797752808989,178,0.4312218172820663,-0.05627590737201368,0.0036745052769589248,-0.11195929548785992,1.0023288030582695,0.480225988700565,177,-0.0009526437850309044,-0.007515776696122534,88.5,4,False,False,
gap_down_reversal,49,-5.0,2.6999999999999997,120,1.5,-4.5,-1.1329293155249895,-0.059805935584908126,-0.18279082955252654,0.8473213016636224,0.7591623036649214,191,-0.11036411270285729,-3.364025879236605,-0.2794667975065938,-0.18141123334913503,0.5850484991506544,0.6028368794326241,141,-0.13246014630088543,,70.5,3,False,False,
gap_down_reversal,50,-3.5,0.8999999999999999,75,5.0,-1.5,0.17281818412706484,0.016965197602079977,-0.29635059622243265,1.0333464019255099,0.30847457627118646,295,0.02549088548691092,-2.529980540087425,-0.19885907983265605,-0.19771532624865865,0.7618249300219943,0.22297297297297297,296,-0.09930386298192606,-14.639550536112871,148.0,2,False,False,
gap_down_reversal,51,-3.5,2.0999999999999996,30,2.5,-2.0,0.48279014511504775,0.022953491469850002,-0.11937597585933707,1.0588534795043842,0.5235294117647059,170,0.028641819720046646,-3.648705602037306,-0.32722580873954893,-0.16662548608059455,0.5721790124226609,0.40993788819875776,161,-0.13168845275525898,-7.557539520960661,80.5,3,False,False,
gap_down_reversal,52,-5.0,2.0999999999999996,60,5.0,-3.0,7.036000574605925,0.16407462118083405,-0.11965261552613074,1.7318322133527577,0.5666666666666667,90,0.3604506730066681,-3.0112893789912976,-0.308542167508881,-0.21768029315785525,0.49604667586441564,0.2717391304347826,92,-0.14844758184993834,-0.4279831058939268,46.0,2,False,False,
gap_down_reversal,53,-2.0,2.6999999999999997,105,5.0,-4.0,0.9858277273423969,0.044987886723781303,-0.1879955416332076,1.0873243141626237,0.4769736842105263,304,0.0894639796032517,-3.059415997537638,-0.27796809150633683,-0.2421406724589555,0.6505358619770125,0.38207547169811323,212,-0.18421147025095075,-3.103398203036182,106.0,3,False,False,
gap_down_reversal,54,-3.5,1.5,45,1.5,-5.0,0.20312147696795843,0.016391772172299708,-0.19985909132732618,1.0439208883234385,0.7782258064516129,248,0.020257010061946135,-3.6991359129193664,-0.19853780224183493,-0.13052289434631992,0.7169290783067056,0.702928870292887,239,-0.09464533039119849,-18.211446510419425,119.5,4,False,False,
gap_down_reversal,55,-2.5,0.3,30,6.0,-1.5,0.21242383972202694,0.01874304922002638,-0.2734517310874199,1.0348715662874954,0.2762836185819071,409,0.028864385519296265,-2.9919629942801396,-0.3034555874359009,-0.22927343308317658,0.6241042137207051,0.1901840490797546,326,-0.16025998027770594,-14.084873892663625,163.0,2,False,False,
gap_down_reversal,56,-1.0,2.6999999999999997,45,1.5,-4.5,-1.5928889689306394,-0.18607828805822293,-0.3272120017518623,0.729398321895772,0.7137096774193549,496,-0.3100745296716112,-3.3493293428785997,-0.37567007524459683,-0.23001325201260847,0.552889649959742,0.6352941176470588,255,-0.19898355678407442,,127.5,3,False,False,
gap_down_reversal,57,-4.0,0.6,90,2.0,-3.5,0.5701709011514472,0.039108646841125944,-0.23403972786365454,1.0899541353491218,0.6992481203007519,266,0.06516195248118417,-2.7905600415499165,-0.09166391108599735,-0.09119098163796045,0.8848283470631315,0.5985130111524164,269,-0.04331666890999697,-4.894251944310809,134.5,4,False,False,
gap_down_reversal,58,-2.0,0.6,90,3.0,-5.0,4.940292978878283,0.14688139191443358,-0.1429034943429423,1.2503397517459622,0.6828793774319066,514,0.3089050922857217,-3.3566421608423727,-0.32846474701231526,-0.2211682474653089,0.6340014294420506,0.5542857142857143,350,-0.1849602639737321,-0.679441922815783,175.0,3,False,False,
gap_down_reversal,59,-4.5,2.0999999999999996,105,6.0,-2.5,1.61409171630878,0.05745214212853773,-0.1591767276742729,1.1810578784207513,0.4224137931034483,116,0.12214482974800744,-3.0267830517801695,-0.19618851644022198,-0.1826677000579671,0.675791155710697,0.23357664233576642,137,-0.11430559094971748,-1.8752237070530495,68.5,2,False,False,
gap_down_reversal,60,-3.0,1.2,105,4.0,-3.5,1.0058341509348687,0.04391666855240081,-0.18555254794334947,1.0853572719029252,0.5328947368421053,304,0.09006777923406273,-2.9632710100468116,-0.24637271714868864,-0.21734917430023076,0.6934866040766493,0.4254545454545455,275,-0.14424461644390563,-2.946083116478607,137.5,3,False,False,
gap_down_reversal,61,-3.0,2.0999999999999996,45,3.5,-1.5,-0.4260677344378475,-0.027333574588200224,-0.26522018199205766,0.944661112636885,0.3815261044176707,249,-0.058642205772221345,-3.258921626710804,-0.4247849738917709,-0.2333329824008646,0.533978561525301,0.2608695652173913,230,-0.19382978000462037,,115.0,2,False,False,
gap_down_reversal,62,-2.5,0.6,30,5.0,-4.5,5.12800197485209,0.16849216021096125,-0.1614343077515234,1.41312138675437,0.5687732342007435,269,0.3552143161779757,-2.1536381724208615,-0.1000229745373535,-0.16302821053230868,0.8429566258233343,0.47058823529411764,221,-0.0631345576919281,-0.41997608093413036,110.5,3,False,False,
gap_down_reversal,63,-4.5,2.6999999999999997,45,5.5,-3.0,1.6293668882782835,0.06875755551436187,-0.15423241262596968,1.2622627917769,0.4810126582278481,79,0.11961133003916391,-3.002128953768198,-0.19610233468333418,-0.1621797072415084,0.6230172340314389,0.25675675675675674,74,-0.0957213120320074,-1.8425125583228725,37.0,2,False,False,
gap_down_reversal,64,-4.0,1.8,30,3.0,-2.5,4.874398165236712,0.10893815645001302,-0.08170548186008429,1.3377985514084216,0.5886524822695035,141,0.18405666699104306,-3.4923013380056243,-0.30041160822210233,-0.16636169273376397,0.5866424972067489,0.3851851851851852,135,-0.12292932126791378,-0.7164579543197884,67.5,3,False,False,
gap_down_reversal,65,-3.0,0.8999999999999999,75,5.5,-3.0,6.285074332392744,0.17153404577295933,-0.17135186952531145,1.4933423085985458,0.46774193548387094,248,0.4453519786367146,-2.5589051847406843,-0.1387553766544199,-0.1631496915237267,0.8028671492850535,0.3389121338912134,239,-0.07825699879696824,-0.4071400033492527,119.5,2,False,False,
gap_down_reversal,66,-1.0,0.3,105,5.5,-3.0,2.630169445919072,0.08037943296023291,-0.11421522697845833,1.1042098323134975,0.44746600741656367,809,0.14154247536737197,-2.653788067055138,-0.26950579523507956,-0.24650163775040557,0.7158310285881547,0.32657657657657657,444,-0.14795070114686537,-1.008979885753259,222.0,2,False,False,
gap_down_reversal,67,-4.5,0.8999999999999999,60,2.0,-4.5,2.4030487627754815,0.08404414485742102,-0.1226753197158907,1.2588507497583694,0.7716049382716049,162,0.13905766522175367,-0.7571261830928653,-0.019665490196061047,-0.09705413241031739,0.9642407271690548,0.6666666666666666,165,-0.011442906451012091,-0.3150690051825653,82.5,4,False,False,
gap_down_reversal,68,-1.0,0.8999999999999999,60,3.5,-3.5,-0.30990363811362565,-0.01570945190061948,-0.2282688094466095,0.9829154777565379,0.5495608531994981,797,-0.0362999803475651,-2.8457996822456226,-0.39050961636955067,-0.27540202500203015,0.6046325419499214,0.44587628865979384,388,-0.2061856648184146,,194.0,3,False,False,
gap_down_reversal,69,-2.5,1.2,105,3.5,-1.5,-1.2512217263186158,-0.22409817306282562,-0.49582424179905843,0.7395554873436354,0.31781701444622795,623,-0.3862354557343908,-2.848483232245831,-0.3671198539860782,-0.26521888822210093,0.6685094601034443,0.2722117202268431,529,-0.19134373643783686,,264.5,2,False,False,
gap_down_reversal,70,-3.0,0.3,30,4.5,-3.0,3.2010417668801803,0.1348003114694534,-0.20209176751722754,1.3622273963600433,0.49130434782608695,230,0.28586081523843787,-1.4584247814592626,-0.05206316265524753,-0.13354829605887647,0.9212892038572288,0.4188034188034188,234,-0.03213827958715498,-0.45560941957988943,117.0,4,False,False,
gap_down_reversal,71,-5.0,0.3,60,2.5,-3.0,3.5218204641653217,0.09594496061391286,-0.09304517992576258,1.2711459885920937,0.6549295774647887,142,0.15355036341170014,-2.9823371131324046,-0.14957042257917022,-0.12101133489135975,0.7808794542046527,0.5,158,-0.06528037498724237,-0.846816907187012,79.0,4,False,False,
gap_down_reversal,72,-4.0,2.4,90,4.5,-5.0,19.64386595264942,0.25527621390187116,-0.09161570208357812,2.115891825596453,0.6870229007633588,131,0.6800760883671686,-2.2992345140351085,-0.08763328359162452,-0.12814669322916333,0.8354085172699346,0.46956521739130436,115,-0.05127273813347688,-0.11704592769963412,57.5,4,False,False,
gap_down_reversal,73,-4.5,0.6,105,2.5,-5.0,4.641910880294812,0.08491898902107713,-0.08154268492336203,1.2308934924077857,0.7377049180327869,183,0.17559786827686552,-2.291422052907358,-0.08160010909863644,-0.12192643152156331,0.8676085673234643,0.6335078534031413,191,-0.048206863729263305,-0.49363766603848014,95.5,4,False,False,
gap_down_reversal,74,-2.5,2.9999999999999996,90,2.5,-2.0,-1.352522174079525,-0.24266955579361615,-0.46615667154424095,0.6559288723941784,0.4369747899159664,357,-0.3945211646674419,-3.246746957771712,-0.47892900998171845,-0.2535143766515001,0.5400882678488182,0.35797665369649806,257,-0.22987143428105516,,128.5,3,False,False,
gap_down_reversal,75,-4.0,0.3,60,4.0,-5.0,9.750499064121684,0.20090819844185245,-0.11538133245607812,1.7230522487778184,0.676056338028169,142,0.46211369388252477,2.833075182126689,0.0607648913908658,-0.07579004375943138,1.1083867109100878,0.5782312925170068,147,0.029765676650931105,0.29055694108534225,73.5,4,False,False,
gap_down_reversal,76,-2.5,1.2,105,3.0,-4.5,1.0826137338186526,0.052089081937628616,-0.20052286644713557,1.091320541058899,0.633495145631068,412,0.10407789546131285,-2.988633283959078,-0.255739302011455,-0.22012414265471292,0.7065426302237456,0.5462962962962963,324,-0.14933430532259662,-2.760572114134755,162.0,3,False,False,
gap_down_reversal,77,-2.5,2.6999999999999997,120,4.5,-4.0,1.7556477054214092,0.06649858463854576,-0.17654797589536608,1.1347128069890287,0.5147058823529411,272,0.14576002737483607,-3.1352972446935827,-0.2822216157012984,-0.23413047155967315,0.651912024209931,0.4166666666666667,204,-0.18104713715352405,-1.7858350710178585,102.0,3,False,False,
gap_down_reversal,78,-3.5,0.8999999999999999,120,2.5,-2.0,-1.3361771592321503,-0.20832404810570457,-0.45456933255132853,0.70364789460443,0.4678492239467849,451,-0.375730506455182,-3.5462696525377138,-0.30927303564108455,-0.18755612779768235,0.7257177428978263,0.4043478260869565,460,-0.15207896511217978,,230.0,3,False,False,
gap_down_reversal,79,-5.0,0.8999999999999999,105,4.0,-2.0,1.8358674520195155,0.05616373783623512,-0.11832018698606228,1.1410607637750187,0.4666666666666667,165,0.10413795315522023,-1.5510012151461328,-0.05546947006471522,-0.11616709972173161,0.9110530596626467,0.3177083333333333,192,-0.02951310916013916,-0.8448328954467708,96.0,3,False,False,
gap_down_reversal,80,-3.5,1.5,45,2.0,-2.0,-1.5894136090719568,-0.17546987658376578,-0.2773057809734364,0.7247711519798006,0.5131578947368421,304,-0.253894861668145,-3.704785438202147,-0.3979754138516093,-0.19057210232266972,0.5948896129083057,0.4416961130742049,283,-0.16857371815712097,,141.5,3,False,False,
gap_down_reversal,81,-5.0,2.4,45,3.0,-1.5,0.253910143019021,0.016088821982266424,-0.13600626279345035,1.0482090453488968,0.4576271186440678,118,0.017257175133289282,-3.5967419771863196,-0.33966209756195515,-0.1560841514004045,0.5347508476013665,0.2857142857142857,119,-0.11686508544144447,-14.165412749646947,59.5,2,False,False,
gap_down_reversal,82,-2.5,1.5,120,3.0,-3.5,-0.30067068050257567,-0.01565830204428453,-0.27137864456763466,0.9753850292540979,0.5610328638497653,426,-0.0419894608819138,-2.8076367309628476,-0.2662640202684932,-0.22900316326937675,0.706536029619579,0.47875354107648727,353,-0.1438438756408189,,176.5,3,False,False,
gap_down_reversal,83,-5.0,1.2,75,4.0,-3.0,8.545552322820125,0.21425221373172135,-0.1253864323558903,1.901225732364602,0.6396396396396397,111,0.4434348239575041,-1.624983375846952,-0.038142636185865775,-0.08533717306538775,0.9239894984959226,0.4065040650406504,123,-0.022258902624384458,-0.19015545332366415,61.5,4,False,False,
gap_down_reversal,84,-4.5,1.5,60,5.5,-2.0,7.193182887830644,0.1420651118895239,-0.09711138966609677,1.5169828633487876,0.4406779661016949,118,0.3060231850147048,-2.184848644600795,-0.13981158831549517,-0.16815123114103392,0.7588410143524913,0.21739130434782608,138,-0.06671755234215715,-0.3037387869418836,69.0,2,False,False,
gap_down_reversal,85,-1.0,1.8,30,2.0,-3.0,-1.201210476414515,-0.05000463495557714,-0.16044026736211536,0.9365324885166678,0.6193895870736086,557,-0.10227677898934662,-3.023254960566021,-0.5226981173140788,-0.28537733874822124,0.5072647308386716,0.5,310,-0.2588032052720941,,155.0,3,False,False,
gap_down_reversal,86,-4.0,2.9999999999999996,60,1.5,-4.5,0.4148042343594145,0.02855064711212543,-0.17557701695364583,1.0878923414517279,0.7701863354037267,161,0.03606410469359478,-3.7084492145925774,-0.29389928312189956,-0.1530291254425709,0.5545048673786663,0.6176470588235294,136,-0.11873016521024138,-8.94023953328144,68.0,3,False,False,
gap_down_reversal,87,-2.0,1.8,105,4.0,-2.0,-1.251973974835003,-0.13447823790265423,-0.37204284790904574,0.8009707328844992,0.37524177949709864,517,-0.27091807200967266,-3.0333067219065657,-0.476315161326649,-0.27419886714721514,0.569441694621901,0.2658536585365854,410,-0.2356592588059222,,205.0,2,False,False,
gap_down_reversal,88,-1.0,0.6,75,6.0,-3.5,2.032197423269157,0.09829422628476414,-0.18210804384957308,1.1474839721625911,0.475,680,0.17196738466186723,-2.429830913770646,-0.24860699347147794,-0.2612244743039262,0.6929368975441381,0.34971098265895956,346,-0.14089798963335898,-1.1956667624653434,173.0,2,False,False,
gap_down_reversal,89,-3.0,0.3,105,4.5,-5.0,5.204780575778585,0.127930452587562,-0.14625377608713444,1.3038298511460824,0.5846153846153846,260,0.33009330541068027,-2.593269227480784,-0.1509570648294239,-0.1869163263497313,0.7834218062816434,0.49159663865546216,238,-0.09514830957705667,-0.4982475610113219,119.0,3,False,False,
gap_down_reversal,90,-1.0,2.6999999999999997,105,3.0,-2.5,-1.2200389543096015,-0.13031226732147652,-0.3713841513985767,0.8314580219156492,0.46141732283464565,635,-0.26224415248666244,-2.868311290175441,-0.5321624965013135,-0.3102440893045389,0.5346083574689575,0.323943661971831,355,-0.282996105809457,,177.5,2,False,False,
gap_down_reversal,91,-2.0,0.6,105,4.0,-2.5,-1.102671545543121,-0.08382050987792361,-0.3030585655219749,0.8809765489561954,0.4262023217247098,603,-0.18533434614945843,-2.6359933923094854,-0.23206610741293918,-0.22712639808056598,0.7483324895233725,0.3593073593073593,462,-0.1286250603791349,,231.0,3,False,False,
gap_down_reversal,92,-4.5,1.5,90,3.5,-2.0,1.105436439710399,0.04981591649177683,-0.16480746345017241,1.1333645978223834,0.49411764705882355,170,0.08800528249744799,-2.6488941264823636,-0.14525469889910442,-0.1463426852411481,0.7867330858458803,0.2894736842105263,190,-0.07128746274372799,-2.396242815350214,95.0,3,False,False,
gap_down_reversal,93,-2.5,2.0999999999999996,105,3.5,-4.0,-0.8573310629332921,-0.05143057876806012,-0.2583718433389448,0.905094787412228,0.5568862275449101,334,-0.11855559513023795,-2.7601791224009045,-0.3594776254132782,-0.2843195591490956,0.5979901891087909,0.4576923076923077,260,-0.20675911058712748,,130.0,3,False,False,
gap_down_reversal,94,-3.5,2.0999999999999996,105,4.5,-4.0,3.046064009663733,0.1027105880945922,-0.177938537723699,1.2596181828601745,0.5510204081632653,196,0.2439137877059958,-2.947136021970128,-0.206696019671579,-0.20498205316845497,0.7072963077422649,0.43315508021390375,187,-0.1304054771497476,-0.9675226825898101,93.5,3,False,False,
gap_down_reversal,95,-3.0,2.0999999999999996,90,1.5,-3.0,-0.7286944535400895,-0.07713233884208213,-0.35371998281364264,0.8688275381264516,0.6902887139107612,381,-0.13948133255830075,-3.252677323994686,-0.5071280094217709,-0.25638955646278627,0.5096115565756415,0.5818713450292398,342,-0.23719068216073025,,171.0,3,False,False,
gap_down_reversal,96,-3.0,1.2,75,6.0,-2.5,2.2286005317013604,0.10517264224321728,-0.25210698569500456,1.2778066650482525,0.3937007874015748,254,0.25195142010385907,-2.7959676144009835,-0.23351405461878869,-0.22112090692405648,0.6897522543421278,0.27309236947791166,249,-0.1351605972475829,-1.2545844688758478,124.5,2,False,False,
gap_down_reversal,97,-1.5,2.4,75,3.0,-1.5,-1.3703027753743022,-0.27207790745186505,-0.5045044603517902,0.6768437238354709,0.3395585738539898,589,-0.44699921562785583,-2.5381378128260534,-0.7282516863323929,-0.37028629283450604,0.46087579508157267,0.2506203473945409,403,-0.3454694253333104,,201.5,2,False,False,
gap_down_reversal,98,-4.0,0.6,60,5.5,-2.5,8.11456268111568,0.15256131544203458,-0.10380319014974576,1.5072908902610085,0.4713375796178344,157,0.3606150533500583,-0.9417579916602943,-0.03352024942945107,-0.1381218237321049,0.9426946916849684,0.3151515151515151,165,-0.020793999888056747,-0.11605776289731129,82.5,3,False,False,
gap_down_reversal,99,-4.5,1.2,105,3.5,-3.5,6.03558309681097,0.11320225130980668,-0.09139821896558839,1.321542114111441,0.63125,160,0.2478224888430962,-2.7414142701263264,-0.1152994110048709,-0.133726219606477,0.8200341439240713,0.4484848484848485,165,-0.06654278400274904,-0.45420868641089734,82.5,4,False,False,
gap_down_reversal,100,-3.5,0.8999999999999999,30,1.5,-3.5,-0.15487555742382025,-0.006640982342706504,-0.2054885349741814,0.9878392058802908,0.731404958677686,242,-0.016167513006220435,-3.1529708437868984,-0.15510909454401095,-0.11897000089587902,0.8028111416690674,0.6811594202898551,276,-0.06844481762735344,,138.0,4,False,False,
gap_down_reversal,101,-1.5,2.9999999999999996,120,2.0,-1.5,-1.3403623603147858,-0.4720035656778674,-0.655107733647129,0.5632764156534827,0.3888888888888889,828,-0.6537357525156291,-2.2591307334279693,-0.8913408613334022,-0.42985684139570324,0.4366761351469687,0.31451612903225806,496,-0.41398758294531524,,248.0,2,False,False,
gap_down_reversal,102,-2.0,2.9999999999999996,45,4.5,-1.5,-1.3682271051864596,-0.15402820612223767,-0.341595051945307,0.7226741594974406,0.2733812949640288,278,-0.27201362552087416,-3.500106249144123,-0.2365652848911151,-0.1610239682398275,0.6706969787703616,0.21910112359550563,178,-0.11753649091887819,,89.0,2,False,False,
gap_down_reversal,103,-2.0,1.2,45,1.5,-4.5,-1.3242633051693002,-0.16095183716062597,-0.3478903740079013,0.7707969055196393,0.7227191413237924,559,-0.2674257121874747,-3.086351226315573,-0.3407329131339013,-0.2311996558960643,0.6189505781397832,0.6747967479674797,369,-0.17182262824639427,,184.5,3,False,False,
gap_down_reversal,104,-2.0,1.2,45,5.5,-1.5,-0.12523916283755185,-0.004190771337663289,-0.30404272249575165,0.9926649764001426,0.2863157894736842,475,-0.019374887633013982,-2.8674840062496285,-0.4590084373857173,-0.28844713466666816,0.5366096069577782,0.20175438596491227,342,-0.23253659092855716,,171.0,2,False,False,
gap_down_reversal,105,-5.0,2.6999999999999997,45,2.0,-1.5,-1.348732953404956,-0.0874439079480442,-0.14891327483066039,0.8053588333083391,0.4934210526315789,152,-0.10683985910005611,-3.848874771269051,-0.3102229309524642,-0.1341038638646857,0.5477209572628047,0.3902439024390244,123,-0.1036935524450665,,61.5,4,False,False,
gap_down_reversal,106,-4.0,2.4,105,5.5,-2.5,1.1124592142129774,0.05580032807379404,-0.218509440108571,1.1585457093472473,0.41935483870967744,155,0.11589937914616821,-3.2668585607167033,-0.1819975714063973,-0.15427617094383814,0.7234960830053456,0.25,160,-0.10033509881384628,-2.936609737218889,80.0,2,False,False,
gap_down_reversal,107,-1.5,2.9999999999999996,120,5.5,-2.0,-1.1166790027860785,-0.12066337441971105,-0.396837820576082,0.793552407376467,0.2966292134831461,445,-0.2555013995344204,-2.97078564779881,-0.4474307317424022,-0.2872832230872534,0.5456062530393289,0.18461538461538463,260,-0.2514291959410715,,130.0,2,False,False,
gap_down_reversal,108,-1.0,2.4,45,5.0,-1.5,-1.021925935343795,-0.08129935501839138,-0.31564838358059166,0.8657370102300352,0.2814498933901919,469,-0.17820919849017147,-3.0128529283842664,-0.455731353368214,-0.2780346456271511,0.5242948099673529,0.16981132075471697,265,-0.23979604208590533,,132.5,2,False,False,
gap_down_reversal,109,-3.0,1.2,120,3.5,-1.5,-1.1342637344337025,-0.1413100616542257,-0.4116670712507883,0.8097189000710366,0.33805668016194335,494,-0.2717102057711297,-3.0864015110489764,-0.39249868079230593,-0.24848285468460168,0.6437003246505731,0.26639344262295084,488,-0.1971685575491714,,244.0,2,False,False,
gap_down_reversal,110,-3.5,1.5,75,2.0,-3.0,-0.882676695027981,-0.09528899596165358,-0.34255154493598033,0.8236690812048707,0.6185567010309279,291,-0.16594543154544905,-3.5398195724473784,-0.3580294582364479,-0.19907752828627948,0.6238857424050529,0.5201342281879194,298,-0.16800748924027198,,149.0,3,False,False,
gap_down_reversal,111,-3.5,1.5,60,4.0,-4.5,5.337342555158566,0.16142709362688032,-0.16397689443056926,1.47144902914042,0.6179775280898876,178,0.37280047053761667,-3.020975745930514,-0.27726803282632667,-0.22220798052243101,0.6136099573223947,0.47953216374269003,171,-0.1544496614161719,-0.5660074680817943,85.5,3,False,False,
gap_down_reversal,112,-4.0,0.8999999999999999,45,4.5,-4.0,7.6530675585609655,0.1878809483252112,-0.13754534295708165,1.7392970625642588,0.6259541984732825,131,0.4367993927051834,-1.4478619101974228,-0.05242270768878617,-0.13739152588695933,0.9065251209719871,0.46621621621621623,148,-0.032892809811316814,-0.1891871330180273,74.0,4,False,False,
gap_down_reversal,113,-3.5,0.6,75,4.5,-2.5,1.481981393181629,0.07243682908031977,-0.2223873439172296,1.1680148848022125,0.44813278008298757,241,0.1543756679530084,-2.1132680797130075,-0.11931438083511316,-0.17480825404482445,0.8456689577244458,0.36538461538461536,260,-0.06717014990692316,-1.425974772312144,130.0,3,False,False,
gap_down_reversal,114,-1.0,2.4,75,1.5,-3.5,-1.289868520461695,-0.1656884346377315,-0.36886968095509054,0.8018269419269112,0.6821378340365682,711,-0.277832131738033,-2.7168021009752144,-0.6003893223041725,-0.33637823769866976,0.44558521407303625,0.5851063829787234,376,-0.30908329652590527,,188.0,3,False,False,
gap_down_reversal,115,-2.0,2.0999999999999996,120,6.0,-5.0,2.4143814248199913,0.08223137343135858,-0.15759028075309642,1.1692111660811089,0.5125786163522013,318,0.17644388764911056,-2.7788605221247384,-0.20219960733306477,-0.21330820870802564,0.711943962987194,0.42105263157894735,209,-0.12668901052735015,-1.1509616888027216,104.5,3,False,False,
gap_down_reversal,116,-2.0,2.4,30,4.0,-3.0,2.5216280663593706,0.10064609525494399,-0.17117631426986538,1.2340053833377813,0.5294117647058824,221,0.19821777709506727,-3.1458336486386673,-0.3303590718009071,-0.22869712041110696,0.5649747744761825,0.36875,160,-0.17440878074089006,-1.247540702218032,80.0,3,False,False,
gap_down_reversal,117,-2.0,2.0999999999999996,90,5.5,-3.5,2.5358728329714677,0.08661589060656293,-0.16188224557047026,1.1817310889457782,0.44610778443113774,334,0.18927223547858363,-2.928484377725414,-0.3686434123990237,-0.2734659471022405,0.5665896708393633,0.3333333333333333,228,-0.21598588616069914,-1.154823041459021,114.0,2,False,False,
gap_down_reversal,118,-1.5,1.2,60,4.5,-1.5,-1.1484660659586317,-0.10681882766811147,-0.32203991963550477,0.8644427857460917,0.29529243937232524,701,-0.2076347037737276,-2.8232238592644934,-0.537860636079589,-0.3147769939142382,0.5246639073891656,0.21123595505617979,445,-0.28183239824845796,,222.5,2,False,False,
gap_down_reversal,119,-5.0,2.0999999999999996,60,4.5,-4.0,7.867065321550483,0.18264142801594704,-0.11415258521331746,1.8143613655439959,0.6511627906976745,86,0.38120372404919944,-2.790670484179232,-0.1887027282713097,-0.17967196980309852,0.6367608598922052,0.375,88,-0.09962739883768013,-0.35472827161288034,44.0,3,False,False,
gap_down_reversal,120,-1.5,0.8999999999999999,90,5.5,-5.0,2.8735879831612845,0.1423023493826074,-0.20122634205383977,1.2432211919631768,0.5591836734693878,490,0.25855774261742215,-2.604250866741951,-0.2357881358806754,-0.24817785804300094,0.701415394767055,0.4425087108013937,287,-0.145063594863571,-0.9062714912514942,143.5,3,False,False,
gap_down_reversal,121,-2.0,2.9999999999999996,90,1.5,-4.5,-1.2152599842121508,-0.13568767608839952,-0.3566235095136709,0.7753316742383668,0.7338129496402878,417,-0.24896015491402457,-2.98451845416197,-0.4366103312922298,-0.28108778148086366,0.4947748141968171,0.6356589147286822,258,-0.24067045690084543,,129.0,3,False,False,
gap_down_reversal,122,-2.0,0.8999999999999999,120,5.0,-4.0,2.4342403153923575,0.1037558227723735,-0.19193263959919718,1.1772289419965523,0.5168539325842697,445,0.2131286182367087,-2.94790936127345,-0.29371883148129113,-0.24068344967293995,0.6526362252973407,0.4,310,-0.1700672233880437,-1.2110182148545583,155.0,3,False,False,
gap_down_reversal,123,-5.0,1.5,75,4.0,-3.5,12.174987313886534,0.19016579848210666,-0.08341392219739555,1.7820063101289099,0.6538461538461539,104,0.4236595937366159,-2.8619469074586075,-0.15001268693679184,-0.1399612057980226,0.7298585810489989,0.3963963963963964,111,-0.07426795513831763,-0.23506775273550642,55.5,4,False,False,
gap_down_reversal,124,-1.5,1.8,60,4.5,-3.0,0.8599617777276835,0.051478047124298536,-0.22550970074561558,1.0846818638420583,0.48951048951048953,429,0.09343973881809364,-2.810225119025799,-0.5066085571925213,-0.31420315835288515,0.4967754124184204,0.3161512027491409,291,-0.27639986701939945,-3.267848864691854,145.5,2,False,False,
gap_down_reversal,125,-2.0,1.5,120,2.0,-1.5,-1.3274795702899638,-0.4910439061149863,-0.6622580159560921,0.6010291687731631,0.4172447968285431,1009,-0.6552450987088881,-2.482399747825636,-0.8149065803099215,-0.38223815757709906,0.49534687960569007,0.3541114058355438,754,-0.3613260679656125,,377.0,3,False,False,
gap_down_reversal,126,-5.0,2.6999999999999997,30,4.0,-3.5,6.933856909038205,0.1549059481305287,-0.07462489462620342,1.8673211565169587,0.6666666666666666,57,0.23388368341337706,-2.923099565066208,-0.1822336392754828,-0.145713989023053,0.6143448124232884,0.39344262295081966,61,-0.08028623008239466,-0.4215690637134407,30.5,4,False,False,
gap_down_reversal,127,-4.5,0.3,120,1.5,-3.5,-0.6386092071919769,-0.023311425803368917,-0.16202130836956982,0.9496715121725676,0.7446808510638298,282,-0.053556716210407806,-3.526075173952663,-0.30689235279570953,-0.17992165468018104,0.653845387461245,0.6135593220338983,295,-0.14078665797079426,,147.5,3,False,False,
gap_down_reversal,128,-3.5,0.3,90,2.5,-3.5,-0.22017929841617728,-0.010906196039693946,-0.28019364049679296,0.9788102793772614,0.6148867313915858,309,-0.03158217764761595,-1.2319054998639194,-0.025605518492644475,-0.07907695907895211,0.9685691957298038,0.5659163987138264,311,-0.015336442038190956,,155.5,4,False,False,
gap_down_reversal,129,-4.0,2.4,105,2.0,-3.5,1.245992885514343,0.06829922645694257,-0.20313493121228227,1.1717730238985722,0.7079646017699115,226,0.12042428760016777,-3.5963123881939323,-0.24786996984073856,-0.1543247611771663,0.6803331622249933,0.5238095238095238,210,-0.11493551354304099,-2.8863025062212797,105.0,3,False,False,
gap_down_reversal,130,-1.5,1.5,120,4.0,-4.0,0.05427482937632745,0.00791846332983514,-0.20433715215975645,1.0107496963262883,0.5542168674698795,581,0.0055739023018455125,-2.83125567654572,-0.35094400316393737,-0.27193039423602233,0.6310982398030215,0.4257703081232493,357,-0.19872829942134995,-52.16516954690976,178.5,3,False,False,
gap_down_reversal,131,-4.5,0.8999999999999999,60,2.0,-5.0,4.839294988654678,0.12063649065502914,-0.09335785144331749,1.4028140369401763,0.7974683544303798,158,0.20668468340350743,-0.8643251720069125,-0.02267634622805938,-0.09669422259865323,0.9588990509056471,0.6807228915662651,166,-0.01307434278852504,-0.17860559730978387,83.0,4,False,False,
gap_down_reversal,132,-3.0,2.9999999999999996,105,4.5,-2.0,-0.07488275549857171,0.00029849185271544845,-0.28965949442964944,0.9973803457814303,0.3861788617886179,246,-0.010990774813046778,-3.4195823401557313,-0.1931352520020444,-0.14811808489810885,0.743074725840152,0.2694300518134715,193,-0.1010213309395761,,96.5,3,False,False,
gap_down_reversal,133,-3.5,0.6,90,3.0,-4.5,8.617862806600872,0.1656865510244766,-0.11699952344577885,1.4093340253870696,0.6846153846153846,260,0.42106666444660057,-2.917694792882838,-0.11230155375136613,-0.11983355908403728,0.8457768094247428,0.5823293172690763,249,-0.06281569003013499,-0.3385636158709817,124.5,4,False,False,
gap_down_reversal,134,-3.0,2.9999999999999996,120,2.0,-5.0,-0.4795002971422044,-0.024893794543633246,-0.236760723185876,0.9449444929125337,0.7230769230769231,260,-0.058923085441492495,-3.145426279352224,-0.19329672746172666,-0.1758432749965779,0.7234656474295758,0.6359223300970874,206,-0.11436730562728314,,103.0,3,False,False,
gap_down_reversal,135,-2.5,2.6999999999999997,75,4.0,-4.5,1.1424302460417828,0.057556405103620444,-0.21952955415124456,1.1230843244492088,0.5579399141630901,233,0.11938404624932608,-3.1539313591104152,-0.34769894484200164,-0.24866614714361518,0.5541194458320698,0.44171779141104295,163,-0.20648319252761704,-2.7607211644106493,81.5,3,False,False,
gap_down_reversal,136,-1.0,1.8,30,4.5,-1.5,-1.2301325306440385,-0.07931930331074145,-0.24773577241572337,0.8839327230837773,0.29961832061068705,524,-0.1673839919775172,-2.9735564496438616,-0.504545987343472,-0.2904193215096038,0.506233472871456,0.1958762886597938,291,-0.25946439582124614,,145.5,2,False,False,
gap_down_reversal,137,-4.5,2.0999999999999996,60,5.0,-4.0,9.786506166303596,0.16325209974103025,-0.10186690133795741,1.6989572612438002,0.5959595959595959,99,0.41700817798748013,-2.8078677662082008,-0.18656788673463431,-0.18206475092239033,0.6534460839896724,0.3645833333333333,96,-0.10232089433433222,-0.2869121746304222,48.0,3,False,False,
gap_down_reversal,138,-2.0,0.8999999999999999,105,5.5,-3.0,3.7046144772369636,0.11664748509559407,-0.15760527606733768,1.2023960012532986,0.4418103448275862,464,0.26081643226369455,-2.940477531623817,-0.31921059315602424,-0.242230731271154,0.6408012491740301,0.32763532763532766,351,-0.17126156790280112,-0.7937337473822464,175.5,2,False,False,
gap_down_reversal,139,-1.0,2.4,75,4.5,-3.0,1.652559356323139,0.07273911564289902,-0.2005631629263265,1.126176842219048,0.4658119658119658,468,0.1551930194607969,-2.87128091101701,-0.4706726288508261,-0.301076167983136,0.5128577022921191,0.30798479087452474,263,-0.26019987655095755,-1.7374752077925144,131.5,2,False,False,
gap_down_reversal,140,-2.5,1.2,120,2.0,-3.0,-1.118581357555381,-0.1344744751550294,-0.39703458078524106,0.8261478897678457,0.6023890784982935,586,-0.25615863809038397,-3.214710683943864,-0.39062859062247574,-0.2421505877682851,0.6359464844279943,0.5308641975308642,486,-0.2032849048480071,,243.0,3,False,False,
gap_down_reversal,141,-1.5,1.2,120,5.0,-2.0,-0.7974574211397046,-0.05065358273533934,-0.26671810269850227,0.9316340061113232,0.35207496653279785,747,-0.11354028484479783,-2.859556296915982,-0.4725667466927171,-0.3005854504372677,0.5911538640901467,0.23552123552123552,518,-0.25620050412176243,,259.0,2,False,False,
gap_down_reversal,142,-2.5,0.3,75,4.0,-4.0,5.563496719008965,0.17778165606035626,-0.18380186353467795,1.3887902144943471,0.5790960451977402,354,0.42615549953597776,-2.2510223660612674,-0.11991110031125925,-0.17331930180310626,0.8390595107394258,0.45907473309608543,281,-0.07186005066186063,-0.40460567872182474,140.5,3,False,False,
gap_down_reversal,143,-1.5,1.2,60,3.5,-2.5,-1.1718723486661056,-0.11599620210729929,-0.3163460112298247,0.8595098022797579,0.4592476489028213,638,-0.20818318570880978,-2.9383597536698978,-0.40610311416446515,-0.2725534079704976,0.6175778832610869,0.36503856041131105,389,-0.21599729047527827,,194.5,3,False,False,
gap_down_reversal,144,-3.0,2.9999999999999996,105,3.5,-5.0,2.0993582995283457,0.06217368068527533,-0.14026619964527293,1.1612945342890713,0.6269430051813472,193,0.13891322792852567,-3.168814671778351,-0.16907730529688447,-0.16299780149777285,0.7344334492340951,0.536144578313253,166,-0.10379438202803482,-1.5094206036626885,83.0,3,False,False,
gap_down_reversal,145,-1.0,1.2,30,3.0,-2.0,-1.4818568417025524,-0.1125687937501182,-0.26589381215472313,0.8660698889096031,0.43579234972677594,732,-0.22309641514872147,-3.0836032341591295,-0.458444443859009,-0.2655841002225104,0.5939788513159239,0.33070866141732286,381,-0.22717962460186403,,190.5,2,False,False,
gap_down_reversal,146,-1.5,2.6999999999999997,120,3.0,-1.5,-1.3904078682039354,-0.28201294616878764,-0.5259777978865088,0.7024574637445333,0.33936022253129344,719,-0.4843562690334352,-2.56202604773201,-0.7085962069165396,-0.3675355878231911,0.4889776012975707,0.232409381663113,469,-0.3484574421740033,,234.5,2,False,False,
gap_down_reversal,147,-1.5,2.4,120,1.5,-4.5,-1.3899223424495721,-0.20961063083504444,-0.4356525891848118,0.7203590312207098,0.7163323782234957,698,-0.37424027675227356,-2.948884498149246,-0.5302514027155397,-0.3022365170620045,0.4948600635245559,0.6450116009280742,431,-0.28436218729023144,,215.5,3,False,False,
gap_down_reversal,148,-3.0,1.2,75,3.0,-3.0,0.1745581197515519,0.017553074879755267,-0.2894045114881152,1.0334632174082794,0.5403726708074534,322,0.0251482255648654,-3.1493912177900905,-0.2836796636134451,-0.209612185686199,0.684315222022122,0.4563106796116505,309,-0.15019174158993998,-18.042078032649588,154.5,3,False,False,
gap_down_reversal,149,-2.5,2.4,90,5.5,-2.5,-0.3442024977903543,-0.019083289025351332,-0.29374747772183385,0.9538988998955414,0.3707865168539326,267,-0.052302123666411515,-3.0759483671074324,-0.35575909121395094,-0.24356462970700785,0.5600332312396654,0.2639593908629442,197,-0.18824600284798743,,98.5,2,False,False,
gap_down_reversal,150,-2.0,2.6999999999999997,60,4.0,-1.5,-1.1957407166702638,-0.15181775632787345,-0.400350430456649,0.7684934327856168,0.3059490084985836,353,-0.27986359495494995,-3.436339357708464,-0.3791063278087383,-0.20810342432496767,0.5929147739834767,0.226890756302521,238,-0.17250025562511806,,119.0,2,False,False,
gap_down_reversal,151,-3.0,1.5,60,3.0,-4.5,1.7482239426699668,0.08845220014221894,-0.2226509992143398,1.211955459145668,0.6385542168674698,249,0.18020055915639022,-2.527029950861961,-0.1575893173639276,-0.18462991137880305,0.7625930530820411,0.5747663551401869,214,-0.09041019212261292,-1.4454841220184675,107.0,3,False,False,
gap_down_reversal,152,-3.5,1.8,30,5.5,-4.0,7.513546446940138,0.16112754221704637,-0.1144038671456285,1.5875162161849021,0.5474452554744526,137,0.3670248052867544,-2.519619652576463,-0.12748136673762014,-0.15899892661149842,0.7670920250572255,0.4132231404958678,121,-0.07428082902908006,-0.3353435917871471,60.5,3,False,False,
gap_down_reversal,153,-3.5,1.2,105,5.0,-3.0,2.7264400794460952,0.09193865606007307,-0.17555385285547911,1.219933323099959,0.47058823529411764,238,0.21788097850787946,-2.5399472552740594,-0.13664325056889512,-0.1778935246909465,0.812530776684779,0.3643724696356275,247,-0.08666759954020842,-0.9315984145120388,123.5,3,False,False,
gap_down_reversal,154,-1.0,2.9999999999999996,60,2.0,-3.5,-1.5206905150729468,-0.18925324492870121,-0.35784074963184975,0.7338549389334899,0.6043010752688172,465,-0.32694604591048704,-2.9817887839919854,-0.47771562364958825,-0.2903186036390508,0.5082822036582819,0.48148148148148145,243,-0.2611868233130207,,121.5,3,False,False,
gap_down_reversal,155,-3.0,1.2,60,2.5,-3.0,-0.6913443809923229,-0.056417253120632824,-0.30740813112394727,0.9016075968028062,0.5679012345679012,324,-0.11344300466099289,-3.3306974734883847,-0.3391307339931927,-0.2148590802587042,0.6274635432963259,0.4897959183673469,294,-0.17272670744172736,,147.0,3,False,False,
gap_down_reversal,156,-5.0,2.6999999999999997,45,3.5,-5.0,11.097399112190638,0.15467075332306954,-0.05420655899282046,1.7547625711763941,0.7162162162162162,74,0.2678917274250885,-2.0524036111674913,-0.07950937382060304,-0.11241997219455367,0.8123018999536431,0.5223880597014925,67,-0.03878330059529633,-0.1849445613714027,33.5,4,False,False,
gap_down_reversal,157,-5.0,2.6999999999999997,60,2.5,-1.5,-1.1886631702861103,-0.08260360813044045,-0.17481224465045753,0.811374461929046,0.44370860927152317,151,-0.11076215413437096,-3.998734940027352,-0.35760232235352357,-0.14287349479946523,0.5108752228982418,0.3203125,128,-0.11990600264024298,,64.0,3,False,False,
gap_down_reversal,158,-4.5,0.3,90,3.5,-1.5,1.7196890239645948,0.07054917619656391,-0.16332345676684193,1.1610016403072774,0.42677824267782427,239,0.1328655621435917,-3.240772815671594,-0.27398828891490074,-0.18851061740487154,0.6853970299397334,0.25886524822695034,282,-0.13267781359723652,-1.8845109612901243,141.0,2,False,False,
gap_down_reversal,159,-1.5,2.4,60,2.5,-5.0,-0.749244960005339,-0.048453599026629504,-0.23887546074297644,0.9215389437740421,0.6738095238095239,420,-0.09460517913014632,-3.1020706885530207,-0.2946865822920627,-0.23575140357788635,0.6280707853404143,0.5833333333333334,240,-0.179775159253576,,120.0,3,False,False,
gap_down_reversal,160,-3.0,2.4,30,2.0,-2.0,-1.0478550249233491,-0.06130464957638852,-0.15962509580515744,0.8743662680102383,0.545,200,-0.08811885935938146,-3.5492596253233604,-0.4695186097466956,-0.2094723387097441,0.46768387481630763,0.4293785310734463,177,-0.18548075779739548,,88.5,3,False,False,
gap_down_reversal,161,-1.5,0.6,90,1.5,-4.0,-1.3332688941572033,-0.19556319657192106,-0.4104441258223879,0.7990684354618194,0.7245804540967423,1013,-0.32923235877912027,-3.186978395723329,-0.4756661860852945,-0.263339091295274,0.5844764317128663,0.6672158154859967,607,-0.24091542561034107,,303.5,3,False,False,
gap_down_reversal,162,-4.0,2.9999999999999996,60,2.0,-3.5,-0.03330640328526426,0.00127358863390959,-0.2405312199263603,1.0033715291609113,0.6907894736842105,152,-0.004045459680377839,-3.453699400219258,-0.27490697482407617,-0.16868619508339947,0.5955683379575141,0.5038759689922481,129,-0.1234371403426302,,64.5,3,False,False,
gap_down_reversal,163,-4.5,2.6999999999999997,120,4.5,-3.5,3.0108971267298013,0.09077991893796782,-0.1554217640785567,1.2561604298204878,0.556390977443609,133,0.2134405886065156,-2.7156526307260704,-0.16005020410956342,-0.17320197221725922,0.7360751192243907,0.35714285714285715,112,-0.09138793385673372,-0.9019413538301781,56.0,3,False,False,
gap_down_reversal,164,-1.0,2.0999999999999996,75,5.0,-3.0,1.5656751080520672,0.06928089979240795,-0.19045251060159515,1.1158152409757718,0.4455252918287938,514,0.1405605279694302,-2.676218038450285,-0.48533753586887735,-0.32848379674377665,0.49796254855083294,0.29577464788732394,284,-0.2728252002276721,-1.7093061163755094,142.0,2,False,False,
gap_down_reversal,165,-2.0,1.5,90,6.0,-5.0,1.945766225896111,0.09856941265752245,-0.21851569221877204,1.2031382006877462,0.5221238938053098,339,0.19548883196600308,-2.7237591981280227,-0.27450516695011384,-0.26038263481700696,0.6283639305328842,0.4034334763948498,233,-0.16994087494062593,-1.3998388716371164,116.5,3,False,False,
gap_down_reversal,166,-4.5,1.2,105,3.0,-3.0,4.163142887932345,0.11866171409649884,-0.13322753876886284,1.3004807481051877,0.6178010471204188,191,0.24903928504925754,-3.472075720904412,-0.17558158643228558,-0.13904181011988787,0.7703381168439959,0.4326923076923077,208,-0.09462995915459904,-0.83400349552471,104.0,4,False,False,
gap_down_reversal,167,-4.5,0.8999999999999999,45,2.5,-4.5,5.8148748371242425,0.12720865449278668,-0.08402116315783614,1.4277925568175456,0.7463768115942029,138,0.22199828935597443,1.0327730920775746,0.02875966116618711,-0.07822863305009213,1.0573123871476044,0.6223776223776224,143,0.011784736686624386,0.1776088258140969,71.5,4,False,False,
gap_down_reversal,168,-4.0,0.3,75,5.0,-1.5,1.8079329819281358,0.0789768067588153,-0.1962013052977363,1.1960378752015417,0.3482142857142857,224,0.16532695341301018,-2.626048328824054,-0.16735345689394013,-0.17514310523297652,0.7810245620970757,0.2159090909090909,264,-0.08871410053080908,-1.452514199958568,132.0,2,False,False,
gap_down_reversal,169,-3.0,0.3,45,3.5,-3.0,1.0125478515639235,0.05602610628206245,-0.22248136247646255,1.1187570101306301,0.5143884892086331,278,0.10781327941999397,-2.5766001428908627,-0.12227159234984952,-0.1458977728438376,0.8397305300563715,0.4483985765124555,281,-0.06862728982191879,-2.544670001433704,140.5,4,False,False,
gap_down_reversal,170,-1.5,0.6,105,3.0,-3.0,-0.633415415707615,-0.04410692205679026,-0.26884741607720464,0.9550299839774955,0.5446960667461264,839,-0.08979149784418572,-2.9953149888342154,-0.40027299340480055,-0.2623456467598093,0.6440031354921396,0.4521575984990619,533,-0.20733547010079045,,266.5,3,False,False,
gap_down_reversal,171,-3.5,2.0999999999999996,30,5.5,-3.5,10.986448163019292,0.18654826388081686,-0.10222029459423848,1.8141584345633324,0.5462184873949579,119,0.46142432555886037,-3.049664776897947,-0.21602541266794847,-0.18687257942710528,0.6410287110328698,0.35135135135135137,111,-0.11946871102615841,-0.27758423210544136,55.5,3,False,False,
gap_down_reversal,172,-4.0,1.5,120,2.5,-4.5,0.46190205929638267,0.022975849407237074,-0.1644280168156369,1.0504024231841018,0.6816143497757847,223,0.03758128738495392,-3.376842337600345,-0.1906289033955448,-0.15397146961159414,0.72830071695099,0.5733333333333334,225,-0.1047553263137998,-7.310732372019087,112.5,3,False,False,
gap_down_reversal,173,-5.0,0.8999999999999999,120,3.5,-3.0,1.5640493095512427,0.04797651742318238,-0.12466647370999795,1.1200817868955424,0.5652173913043478,161,0.0939264706239129,-2.3002431144414417,-0.09193352189168219,-0.12455331714204637,0.8506103063501627,0.4226190476190476,168,-0.049630531993499316,-1.4706973113919457,84.0,4,False,False,
gap_down_reversal,174,-1.5,0.6,75,3.5,-2.0,-1.3457192958729283,-0.2272763416179284,-0.4409241279452728,0.7733955246242524,0.3981264637002342,854,-0.3645897194382979,-3.2280339603812434,-0.4111187838994366,-0.24464554458330176,0.6340654744575289,0.3309734513274336,565,-0.20953808844941524,,282.5,2,False,False,
gap_down_reversal,175,-3.0,2.6999999999999997,90,5.0,-1.5,-0.33786923018310167,-0.02175913356564225,-0.3370606812729044,0.9532613859973437,0.30036630036630035,273,-0.059113352028911104,-3.250728599422901,-0.2320584928280797,-0.17877714579572915,0.6821341390852553,0.1921182266009852,203,-0.12298324732646859,,101.5,2,False,False,
gap_down_reversal,176,-4.5,2.9999999999999996,30,4.5,-2.5,3.3973940929554347,0.10142090656147795,-0.10064125027300107,1.4519591899651558,0.5211267605633803,71,0.1597645682259048,-2.7025790352342294,-0.13714381315188787,-0.11704426868040234,0.7269248130638903,0.3194444444444444,72,-0.05572883194019995,-0.7954858816167608,36.0,3,False,False,
gap_down_reversal,177,-3.0,0.3,30,3.0,-5.0,5.576649796681345,0.14891417374862817,-0.12447098792651623,1.413085111362124,0.6844262295081968,244,0.30431361804579304,-3.3387787379570515,-0.18889033753624282,-0.1597296483152695,0.7305082729500466,0.6016597510373444,241,-0.10855874775529784,-0.5987069046264933,120.5,3,False,False,
gap_down_reversal,178,-3.0,2.9999999999999996,30,2.5,-1.5,-1.3545591086743598,-0.10418650343138396,-0.19807597692661094,0.7766913835573257,0.42771084337349397,166,-0.14566836938096495,-3.933836625176829,-0.24837079604361612,-0.12689196706993255,0.6702829978678226,0.3548387096774194,155,-0.09902049329239038,,77.5,4,False,False,
gap_down_reversal,179,-1.0,2.4,60,2.5,-2.0,-1.3600966939046129,-0.29961132854261713,-0.5367903547726537,0.6618296158551122,0.4294573643410853,645,-0.48316129982797995,-2.693885536333738,-0.6285494655112078,-0.33754247172474655,0.4661110496403987,0.34523809523809523,336,-0.30367300472512604,,168.0,2,False,False,
gap_down_reversal,180,-1.5,0.6,75,4.0,-2.0,-1.1379152810160231,-0.1569224324012701,-0.4048838526529105,0.8327413112423463,0.38423028785982477,799,-0.2674428723354554,-3.1763943226859657,-0.40230777019235764,-0.2499538258264607,0.6238042981978955,0.3031423290203327,541,-0.2119553616594192,,270.5,2,False,False,
gap_down_reversal,181,-2.5,1.8,105,2.0,-4.0,-1.0864746827539644,-0.11961658122246424,-0.37194280541046454,0.8237100768853405,0.6556291390728477,453,-0.2296427792653447,-3.3147196842650244,-0.24169889998427566,-0.18621338133458223,0.7187844266511109,0.6075268817204301,372,-0.1348187713118123,,186.0,3,False,False,
gap_down_reversal,182,-2.5,2.0999999999999996,105,5.0,-3.0,2.4478852293865785,0.09486560890118839,-0.18637029350236922,1.2047157906665307,0.4503311258278146,302,0.2085376455805148,-2.9572502900870177,-0.404999822691927,-0.27772823749721365,0.5598222105302637,0.3159851301115242,269,-0.22870455646443477,-1.208083718380899,134.5,2,False,False,
gap_down_reversal,183,-2.0,2.6999999999999997,30,5.0,-4.5,2.059879914220479,0.07828118855782384,-0.1628155135227857,1.1991060697752045,0.5054347826086957,184,0.15691361572680917,-3.3168959894204955,-0.21471124651568196,-0.1888538445838775,0.6597451894110888,0.38333333333333336,120,-0.13797438695031772,-1.6102375514815919,60.0,3,False,False,
gap_down_reversal,184,-2.5,1.5,60,2.0,-2.0,-1.4477552426024158,-0.31450857460364595,-0.486120515165509,0.6411383020971215,0.4828897338403042,526,-0.45836363306786987,-3.154891294578094,-0.5407782624378586,-0.26767199213498066,0.5381754336307969,0.41604010025062654,399,-0.2446849016501399,,199.5,3,False,False,
gap_down_reversal,185,-1.0,0.3,105,5.5,-1.5,-1.3015452570699328,-0.11658995089214168,-0.2874936097611049,0.8848846399441328,0.27564102564102566,1248,-0.21038589083644554,-2.7844562457478115,-0.4455836585045589,-0.2983116797688579,0.6175942625760164,0.19970631424375918,681,-0.23491235606591065,,340.5,2,False,False,
gap_down_reversal,186,-2.0,0.3,45,5.5,-2.5,2.05963633947182,0.08746757269171541,-0.18700359288014806,1.1600290152684476,0.40816326530612246,441,0.17845060321663153,-2.837113102479543,-0.3280933102286601,-0.2489379743627638,0.6259069134497172,0.2809667673716012,331,-0.16867458994276108,-1.3774825429653772,165.5,2,False,False,
gap_down_reversal,187,-1.5,2.4,120,1.5,-3.5,-1.3857251029456084,-0.23308808487379792,-0.4628381988036216,0.7120014301933819,0.6793478260869565,736,-0.40357180970804396,-2.6420469802992232,-0.6308792070779935,-0.35285863713896476,0.4594885312090089,0.6004228329809725,473,-0.3336689009025151,,236.5,3,False,False,
gap_down_reversal,188,-3.0,2.6999999999999997,45,3.5,-1.5,-1.079972751582192,-0.09753778257036075,-0.2791512866160558,0.7992652885127214,0.3382352941176471,204,-0.16541148101848213,-3.3997576477859326,-0.25055616057295194,-0.15250604540814372,0.6820106972163863,0.2897727272727273,176,-0.10434703626719155,,88.0,2,False,False,
gap_down_reversal,189,-1.5,0.6,30,6.0,-3.5,4.443240699602747,0.165088182684762,-0.16718678117558464,1.2960343963186296,0.4916317991631799,478,0.323084329865881,-2.328121232740721,-0.20211433368198786,-0.24640201540634524,0.7298715843924997,0.3286219081272085,283,-0.12063226735042143,-0.5239691905389842,141.5,2,False,False,
gap_down_reversal,190,-4.0,1.5,90,1.5,-2.0,-1.0880730517518937,-0.12776632180390654,-0.3448432525270417,0.793780832282226,0.5948051948051948,385,-0.21104028764897675,-3.4638407851636392,-0.4760360825688649,-0.21786964669308506,0.5522840822143257,0.46397694524495675,347,-0.19094247121305352,,173.5,3,False,False,
gap_down_reversal,191,-4.5,1.2,120,2.0,-1.5,-1.356662078222999,-0.1554062938730202,-0.32856164331049964,0.7815855651601201,0.47493403693931396,379,-0.2572597720693608,-3.3750215119723044,-0.4952745330955828,-0.23840651011588887,0.5659312855898199,0.359375,384,-0.2182518858023168,,192.0,3,False,False,
gap_down_reversal,192,-4.5,0.8999999999999999,75,3.5,-3.0,7.272685838694124,0.2044638439955117,-0.13944126063627582,1.729505732566459,0.6458333333333334,144,0.4231430028226808,-2.047511907629162,-0.07157926734307679,-0.11185550945833544,0.8733863449658568,0.4304635761589404,151,-0.0384622211069201,-0.2815344912515582,75.5,4,False,False,
gap_down_reversal,193,-2.0,2.4,75,3.0,-1.5,-1.367378038724224,-0.26223010192713225,-0.4955068274647829,0.6647489281666566,0.34232365145228216,482,-0.4346935588160392,-3.055382574629681,-0.5170675593322952,-0.27736106490974144,0.5470192527502659,0.27113702623906705,343,-0.2468764097642232,,171.5,2,False,False,
gap_down_reversal,194,-1.0,0.8999999999999999,75,3.0,-4.0,-0.5076616986081636,-0.027575293554007632,-0.21660458066358276,0.9688522496918747,0.60381861575179,838,-0.057017676337839385,-2.8776101452082323,-0.35237998623371636,-0.2591415267269738,0.6464609078799785,0.5270588235294118,425,-0.18655560183241415,,212.5,3,False,False,
gap_down_reversal,195,-4.5,1.5,120,4.5,-2.5,7.05225768588122,0.12905003810010252,-0.09743101984774422,1.3534713829114253,0.4939759036144578,166,0.30158605948124584,-2.202311869630407,-0.09251903915345405,-0.14697952309098355,0.842138579257723,0.3240223463687151,179,-0.057271565042151695,-0.31228465659153176,89.5,3,False,False,
gap_down_reversal,196,-1.0,1.5,120,1.5,-3.0,-1.418306755224068,-0.33042180798046167,-0.5382010605694564,0.674454730185369,0.6388225934765315,1257,-0.5162910060031286,-2.500258674250383,-0.7132827369685463,-0.3774888168372212,0.4869462253286469,0.5634005763688761,694,-0.3521936099617252,,347.0,3,False,False,
gap_down_reversal,197,-3.0,2.9999999999999996,90,5.0,-4.0,2.1322908228916724,0.06447969838399019,-0.14325320195392036,1.1774738282478763,0.47928994082840237,169,0.14377537658936657,-3.224538608137643,-0.19839679273402064,-0.18538228312246152,0.6942701072305685,0.38345864661654133,133,-0.1283204036346589,-1.512241469840749,66.5,3,False,False,
gap_down_reversal,198,-1.5,2.6999999999999997,75,4.0,-2.5,-0.6547978320402836,-0.05236935611986294,-0.3271290366894125,0.9136707889156208,0.41624365482233505,394,-0.11439585368244398,-3.232369228731571,-0.40910172273401735,-0.24868007455274574,0.57368952288135,0.3029045643153527,241,-0.2177692555465055,,120.5,2,False,False,
gap_down_reversal,199,-1.0,2.6999999999999997,75,5.0,-2.5,-1.0671192144017398,-0.10695182362365685,-0.36763409945943637,0.8168292853590179,0.3579418344519016,447,-0.22199416807641614,-3.215843951715505,-0.367981952341635,-0.24922810764608377,0.5788656518705056,0.24675324675324675,231,-0.21636509951895466,,115.5,2,False,False,
