strategy,trial_id,p_gap_threshold_pct,p_volume_mult,p_entry_window_end_bar,p_take_profit_pct,p_stop_loss_pct,train_calmar,train_sharpe,train_mdd,train_profit_factor,train_win_rate,train_total_trades,train_total_return,test_calmar,test_sharpe,test_mdd,test_profit_factor,test_win_rate,test_total_trades,test_total_return,overfit_ratio,monthly_trades,gates_passed,gate_calmar_ok,pass_stage1,error,pass_stage1_v1,gates_passed_v2,pass_stage1_v2
gap_up_chase,0,6.5,2.0,15,7.5,-3.0,-0.3709769451839763,-0.0110285915404588,-0.1456944320415437,0.948616748627028,0.3283582089552239,67,-0.0276144481830648,-1.3407325597552184,-0.0251330490583251,-0.1020283905308472,0.9364277493327456,0.3823529411764705,102,-0.0219376148310493,,51.0,4,False,False,,False,4,False
gap_up_chase,1,3.0,3.0,30,7.5,-4.0,-0.6764978123851199,-0.047140356258694,-0.3089821755736345,0.9177167663052604,0.3786127167630058,346,-0.1114598626893299,-3.221233635873702,-0.2895143174580981,-0.2577036749715848,0.6329868355370663,0.3662551440329218,243,-0.2345639798106369,,121.5,3,False,False,,False,3,False
gap_up_chase,2,6.5,2.0,75,5.0,-4.0,-0.4329393603570676,-0.0207575556432349,-0.2131363639306488,0.9312940010698972,0.4361702127659574,94,-0.0476199901682338,-1.036416495837089,-0.0216360156225379,-0.1901406216049675,0.9397938454243504,0.4803149606299212,127,-0.0325547025189673,,63.5,3,False,False,,False,3,False
gap_up_chase,3,1.5,2.0,30,3.5,-2.0,-1.3623241317588315,-0.3992939748021316,-0.6187105168354265,0.6861305150919713,0.3419257012888552,1319,-0.6065222017592491,-2.316193132566401,-0.6929495460994771,-0.4193035685323514,0.4981361160504932,0.3442367601246106,642,-0.4142485857922251,,321.0,2,False,False,,False,2,False
gap_up_chase,4,6.0,1.5,75,3.5,-1.5,-1.4554302070906937,-0.2228773583273922,-0.3594861480017498,0.6445263646835877,0.3035714285714285,224,-0.3115245364499918,-3.2339255574295334,-0.3881959867913477,-0.2713182132434301,0.5911741367423432,0.3133333333333333,300,-0.2713182132434301,,150.0,2,False,False,,False,2,False
gap_up_chase,5,6.5,4.5,30,5.5,-2.0,-0.9213060115389846,-0.0376104210510232,-0.1388705635218108,0.8821343078354459,0.2916666666666667,96,-0.0666668685845613,-3.15363558008098,-0.0931415596611629,-0.118759678635378,0.8284631923207388,0.3385826771653543,127,-0.0683135451600656,,63.5,3,False,False,,False,3,False
gap_up_chase,6,3.5,1.5,30,7.5,-2.5,-0.5198176461068265,-0.0198359513327414,-0.2235511774484858,0.9596444628397296,0.2953846153846154,325,-0.0603574610236542,-3.211502550243377,-0.3163246552147657,-0.2556978061713325,0.6266711667094023,0.2748091603053435,262,-0.2286149227809569,,131.0,2,False,False,,False,2,False
gap_up_chase,7,4.0,3.5,30,3.5,-1.0,-1.356652591839684,-0.5045497783236524,-0.6314304552138696,0.4745399894562166,0.2025586353944563,469,-0.6242672401973246,-2.8634995485361263,-0.4145506536497619,-0.3202272848497075,0.5530581627596025,0.2366412213740458,393,-0.3128888991881472,,196.5,2,False,False,,False,2,False
gap_up_chase,8,4.0,2.0,15,5.0,-4.0,-1.4648260898110488,-0.14708517606883,-0.3200957799429844,0.7152296386585899,0.4114832535885167,209,-0.2730510620923485,-3.1650751672589523,-0.2275464966060502,-0.2238036053188912,0.6681136922592182,0.4659685863874345,191,-0.1695692749751767,,95.5,3,False,False,,False,3,False
gap_up_chase,9,4.0,4.0,75,4.0,-1.0,-1.3102596211635975,-0.5269193796347782,-0.6783349585931089,0.504962633108689,0.185,600,-0.6694195842544812,-2.318016587523357,-0.5028170421692864,-0.4194324487587026,0.5219309566034767,0.202928870292887,478,-0.4175606602176962,,239.0,2,False,False,,False,2,False
gap_up_chase,10,1.5,5.0,75,2.5,-2.5,-1.4727258219753208,-0.3221462123472364,-0.5141708395168407,0.7514013400049421,0.4767441860465116,1290,-0.5100458984288185,-2.560205125482819,-0.5291045704100333,-0.3687032520905663,0.6031130377112627,0.4852941176470588,612,-0.3524307925068678,,306.0,3,False,False,,False,3,False
gap_up_chase,11,2.0,3.5,90,6.5,-1.0,-1.3318332000938222,-0.3942875268112221,-0.6453906446648476,0.6704701778759289,0.158374211632796,1427,-0.628144822029501,-1.941951684593184,-0.6387684589540414,-0.509345985133736,0.4904396165665934,0.1366538952745849,783,-0.4942868686561824,,391.5,2,False,False,,False,2,False
gap_up_chase,12,4.0,3.0,90,2.5,-4.0,-1.4807834790527268,-0.2083843483740174,-0.3960469126632857,0.7058975507135917,0.5738636363636364,352,-0.3591783862498663,-2.901480514878405,-0.387887887694039,-0.3128887109978311,0.606216223624658,0.5743440233236151,343,-0.3019938901654313,,171.5,3,False,False,,False,3,False
gap_up_chase,13,6.5,3.0,45,2.5,-1.0,-1.5301800111566295,-0.3015592148472085,-0.366936854723673,0.5472359867814867,0.2824074074074074,216,-0.3399538456860996,-3.024656467684225,-0.3843442232794061,-0.2957242522469205,0.5146225654867027,0.3,260,-0.2875820609900504,,130.0,2,False,False,,False,2,False
gap_up_chase,14,3.0,2.0,60,4.0,-2.5,-1.3425574751470477,-0.2162610274827688,-0.4656912566084544,0.7763899184612398,0.3767123287671233,584,-0.3901845408101501,-2.795785760276656,-0.4553184398032908,-0.3296561629038348,0.5842003466553956,0.3712871287128713,404,-0.3188703748952409,,202.0,3,False,False,,False,3,False
gap_up_chase,15,6.5,4.0,30,4.5,-3.0,-1.0377796760188276,-0.0731758152902628,-0.211106505463975,0.7894016002760688,0.3977272727272727,88,-0.1171711108492091,-1.7885849401486371,-0.0415033655564533,-0.1132222612840835,0.9112307519460736,0.452991452991453,117,-0.0335464502192375,,58.5,4,False,False,,False,4,False
gap_up_chase,16,3.0,3.5,90,7.0,-1.5,-1.2922199162475654,-0.1322681424548711,-0.4002075767007675,0.8364000881425223,0.2011922503725782,671,-0.3071350478673732,-2.3328631510132087,-0.499570329707582,-0.4153719793581006,0.5160298901691548,0.1783439490445859,471,-0.4077647159427123,,235.5,2,False,False,,False,2,False
gap_up_chase,17,2.0,2.5,75,7.5,-3.5,0.7488188725791928,0.044401573248975,-0.2415807654665059,1.0603381445377251,0.3686567164179104,670,0.0874096059086164,-2.541980926778953,-0.2719886527389348,-0.3364061656577204,0.6769215736838051,0.3245382585751979,379,-0.2527305344902435,-3.394653927489148,189.5,2,False,False,,False,2,False
gap_up_chase,18,2.5,5.0,60,4.0,-1.5,-1.3379964782070877,-0.4040706685961506,-0.6507851559559464,0.6443054506064853,0.2517985611510791,834,-0.6433911018220938,-2.458593687108628,-0.5262850939270164,-0.3893529238990431,0.5598195526502171,0.2741935483870967,496,-0.3783619970297612,,248.0,2,False,False,,False,2,False
gap_up_chase,19,7.0,3.0,90,4.5,-1.0,-1.6004424863994242,-0.205784694736828,-0.3064260541613877,0.6203627446072075,0.2068965517241379,203,-0.2880565454718298,-3.192181872022827,-0.2025285517070757,-0.2426844240040627,0.6653164983847675,0.223175965665236,233,-0.2012652406399566,,116.5,2,False,False,,False,2,False
gap_up_chase,20,1.5,3.0,15,8.0,-3.0,-0.0530204861044673,0.0017635234400441,-0.2433169065707556,1.000843929726757,0.3301369863013698,730,-0.0065225212794443,-2.774269858969839,-0.2579815160301797,-0.2659905818881049,0.68826654836878,0.3035714285714285,336,-0.1828512716791168,,168.0,2,False,False,,False,2,False
gap_up_chase,21,4.5,3.5,15,3.5,-2.0,-1.437093714020592,-0.2900284308958148,-0.4483359612697183,0.5519107772954818,0.3080357142857143,224,-0.4060361245998095,-3.244941641383748,-0.2838949433462694,-0.2315157255276567,0.636522830385143,0.3681818181818181,220,-0.1892562878992438,,110.0,3,False,False,,False,3,False
gap_up_chase,22,7.0,4.0,30,7.0,-2.5,0.9534096236512608,0.0342420039990552,-0.1095778587402886,1.133581051070486,0.3333333333333333,63,0.0513533913875401,2.876343699921597,0.05208868646251,-0.0933552237708032,1.1215971899642043,0.3645833333333333,96,0.0365175697227726,3.0169023141449944,48.0,5,False,False,,False,5,False
gap_up_chase,23,4.5,5.0,30,4.0,-3.5,-1.4575397954473803,-0.2142654090970829,-0.4208147276701005,0.6325234737731381,0.4146341463414634,205,-0.380531830059342,-2.969638245699466,-0.1688086573697563,-0.2102284866486127,0.7362910160268739,0.4858757062146893,177,-0.1372433679992755,,88.5,3,False,False,,False,3,False
gap_up_chase,24,3.0,3.5,90,6.5,-2.5,-0.8019228984556181,-0.072062603260252,-0.3802533522571819,0.9058135865431576,0.302,500,-0.1674962805232961,-2.758426552874799,-0.3505557373987995,-0.3220272405845762,0.6267544545389193,0.2946175637393767,353,-0.2814463334392143,,176.5,2,False,False,,False,2,False
gap_up_chase,25,6.0,4.5,45,3.5,-3.5,-1.0465556543078216,-0.0829027209543133,-0.2501989077672574,0.7918338766780503,0.5042735042735043,117,-0.1418762108779058,-2.9190724501777656,-0.091128726834266,-0.1352348657876208,0.8309107609043634,0.5294117647058824,136,-0.0729225235431804,,68.0,4,False,False,,False,4,False
gap_up_chase,26,5.5,5.0,15,8.0,-4.0,0.1764027043823533,0.0128100020897302,-0.1834607442205379,1.0281707267368194,0.3953488372093023,86,0.016181069233212,-2.7239940794566406,-0.1331164930131798,-0.2085449143222032,0.7419971835745002,0.3652173913043478,115,-0.1189067465340263,-15.44190656823705,57.5,3,False,False,,False,3,False
gap_up_chase,27,2.0,2.5,90,3.0,-1.0,-1.1195224025998485,-0.8803506126776217,-0.8796599341354964,0.516601693794407,0.2312591866731994,2041,-0.878738972402903,-1.464928684545265,-1.150435568003711,-0.6822768901342494,0.3907481581275896,0.2262711864406779,1180,-0.6809136501869291,,590.0,2,False,False,,False,2,False
gap_up_chase,28,6.5,4.5,75,2.5,-2.5,-1.4428741159715466,-0.1429848270394358,-0.246482676133815,0.7053746469964647,0.475177304964539,141,-0.1986805573290888,-3.6504148122598736,-0.1577985273277579,-0.1464759227298026,0.7600954277172739,0.4969696969696969,165,-0.1089613293483325,,82.5,4,False,False,,False,4,False
gap_up_chase,29,4.5,5.0,75,4.0,-2.0,-1.3925872239757495,-0.2344465292523399,-0.4588154434995695,0.6928445217576057,0.3148148148148148,324,-0.4015419220948809,-3.3986904270010942,-0.3324599710010989,-0.2509176885317193,0.6408404091918254,0.3406593406593406,273,-0.2509176885317192,,136.5,2,False,False,,False,2,False
gap_up_chase,30,1.5,2.0,90,6.0,-1.0,-1.3434246133392995,-0.4158176840886703,-0.6353887549190311,0.7167906055456224,0.1631722880583409,2194,-0.6202796790315483,-1.6371438066590165,-0.9330078305686564,-0.6095123477431958,0.3868206724897444,0.1304347826086956,1081,-0.6042118651788457,,540.5,2,False,False,,False,2,False
gap_up_chase,31,3.5,4.0,15,4.0,-2.5,-1.5076953290507586,-0.217000676456209,-0.3896607776337279,0.6983365683956063,0.3571428571428571,308,-0.3599832680968302,-3.537611002022688,-0.2707510639750226,-0.2105116486206823,0.6683326316034468,0.3934426229508196,244,-0.1860740552645302,,122.0,3,False,False,,False,3,False
gap_up_chase,32,2.5,5.0,15,7.5,-1.5,-1.3411791825948916,-0.181292472720993,-0.4558589840663603,0.7530047813371187,0.1845878136200716,558,-0.3789467008756095,-3.0252175027039816,-0.4268537279493923,-0.2947200906443251,0.5472916233730044,0.1799410029498525,339,-0.2846918916717638,,169.5,2,False,False,,False,2,False
gap_up_chase,33,3.5,2.5,75,2.5,-1.0,-1.1979986305933246,-0.745118736147105,-0.8007254364474702,0.4892174941699921,0.2481827622014538,963,-0.8007254364474702,-1.7267879065851222,-0.9232290691095584,-0.577161937939587,0.4155774932045142,0.2671957671957672,756,-0.5762978876012597,,378.0,2,False,False,,False,2,False
gap_up_chase,34,6.5,3.5,90,6.0,-2.0,-1.0762647200876685,-0.0696458080606855,-0.2231263613258467,0.8191574219800465,0.264,125,-0.1292516920254149,-3.290796582972036,-0.1866375804209042,-0.1939186489900231,0.7200768639509312,0.2941176470588235,170,-0.1421141856450783,,85.0,2,False,False,,False,2,False
gap_up_chase,35,3.0,2.5,45,8.0,-3.5,-0.2556463473711833,-0.0092579619340822,-0.2800799167748411,0.9807454431265232,0.3487179487179487,390,-0.0367495982142184,-2.911147727894297,-0.3365244777885179,-0.297152916501085,0.6005546518670735,0.3195488721804511,266,-0.2606796434320656,,133.0,2,False,False,,False,2,False
gap_up_chase,36,5.5,1.5,75,4.5,-2.5,-1.0688614372990612,-0.1024529530396661,-0.3344475664777055,0.7980537143154689,0.3666666666666666,180,-0.1998311957737129,-3.888891129545462,-0.2386924775876986,-0.1958329191996259,0.6968609889732643,0.3632286995515695,223,-0.1944190649485273,,111.5,3,False,False,,False,3,False
gap_up_chase,37,1.5,2.0,45,8.0,-3.0,1.7743814019521702,0.0696468142752303,-0.163925498280105,1.0960746224977171,0.3435655253837072,847,0.137314682762041,-2.545272358964481,-0.4230453627197627,-0.3545036820203852,0.5839131183770089,0.2788461538461538,416,-0.2958310561504308,-1.4344561750727205,208.0,2,False,False,,False,2,False
gap_up_chase,38,3.0,1.5,30,6.5,-4.0,-1.137933486225706,-0.1285045148873142,-0.3975361031381151,0.8059615748809104,0.3841961852861035,367,-0.2617456595446041,-3.12496240307145,-0.269322318745449,-0.2620822308658831,0.657083893343784,0.3953488372093023,258,-0.2272061006113049,,129.0,3,False,False,,False,3,False
gap_up_chase,39,2.0,5.0,15,8.0,-2.0,-1.0477128059077707,-0.078492425411966,-0.3187264870914338,0.8856200659025935,0.23861852433281,637,-0.1851862244104891,-2.828395873135056,-0.2088767441069786,-0.2420010545102073,0.7379852447744407,0.2411764705882353,340,-0.1596551963251743,,170.0,2,False,False,,False,2,False
gap_up_chase,40,2.5,2.5,90,5.5,-2.0,-1.1513207462827597,-0.0994018213266602,-0.3484873508404932,0.8885824575144385,0.2813267813267813,814,-0.2277649293952428,-2.207098032450036,-0.6315286067073147,-0.4425146884759885,0.4952698006791902,0.25,544,-0.4326087344598874,,272.0,2,False,False,,False,2,False
gap_up_chase,41,2.5,3.5,75,6.5,-2.5,-0.1445954993837212,-0.0018983038375386,-0.2595588524050956,0.9958483763002468,0.313915857605178,618,-0.0190938893414669,-2.669944174954217,-0.3048976995484674,-0.3206017343789515,0.6749149976413124,0.2926208651399491,393,-0.2533939045078835,,196.5,2,False,False,,False,2,False
gap_up_chase,42,3.0,3.0,90,4.0,-2.5,-1.2879156880812117,-0.1734533957880391,-0.4252008302214538,0.8219464390578749,0.3871499176276771,607,-0.3295239272502324,-2.8332086538739145,-0.4064202997246401,-0.3222684551513054,0.6245768771305277,0.3816091954022989,435,-0.3080961545093593,,217.5,3,False,False,,False,3,False
gap_up_chase,43,6.5,4.0,60,6.0,-2.5,-0.6795595741608699,-0.0323103857236357,-0.1764421239457612,0.8959200771446324,0.3043478260869565,92,-0.0623404749982571,-2.978042198677854,-0.0979539882456443,-0.1343743072861754,0.8232257450670428,0.366412213740458,131,-0.0741773490351078,,65.5,4,False,False,,False,4,False
gap_up_chase,44,2.0,3.0,30,2.5,-3.0,-1.4302097801786071,-0.3696046663911546,-0.5590625074471731,0.6569750413421085,0.4893617021276595,846,-0.555159730942701,-2.727177137586285,-0.2867223407711027,-0.2971415893697526,0.7212744983583564,0.5427435387673957,503,-0.2217534612924097,,251.5,3,False,False,,False,3,False
gap_up_chase,45,1.5,3.0,75,3.5,-4.0,-0.8053968523105094,-0.0682448672325357,-0.2941366112075713,0.9328951750090014,0.5470085470085471,1053,-0.1273788670523259,-2.369549017164553,-0.4677897479665424,-0.3963299165474537,0.5772817591974849,0.5009861932938856,507,-0.3443031609601501,,253.5,3,False,False,,False,3,False
gap_up_chase,46,2.0,1.5,30,2.5,-4.0,-1.4982619735641332,-0.2477081434307769,-0.4179005538565311,0.7354275119164857,0.5712435233160622,772,-0.3909289313714249,-2.6005678204549243,-0.3606599409396702,-0.3345048347485511,0.6447702142612356,0.59375,480,-0.2647460320163025,,240.0,3,False,False,,False,3,False
gap_up_chase,47,4.0,2.0,75,3.5,-3.0,-1.401388285649562,-0.1952056924089967,-0.4082870744427758,0.7291129265088089,0.4332344213649852,337,-0.3481118882369576,-3.1061355839825944,-0.3925810645900178,-0.2830100986381157,0.6136835087561676,0.4501510574018127,331,-0.2728011468290652,,165.5,3,False,False,,False,3,False
gap_up_chase,48,6.5,5.0,30,6.0,-3.5,-0.9683401080647293,-0.038339279300118,-0.1439998867525124,0.8632440164504857,0.3478260869565217,69,-0.0728893870061391,-1.2893711326209063,-0.0259974816938629,-0.139337619792935,0.9293153531586688,0.4368932038834951,103,-0.0294207736662797,,51.5,4,False,False,,False,4,False
gap_up_chase,49,7.0,5.0,30,8.0,-2.5,1.8728918782006396,0.0505106575377531,-0.0965170087677346,1.210535056643665,0.3225806451612903,62,0.0873472728233053,3.3684055819066288,0.0572434946025603,-0.0930980911782972,1.1366798894942065,0.3409090909090909,88,0.0419889105506188,1.7985050931732312,44.0,4,True,False,,True,4,False
gap_up_chase,50,4.5,3.0,15,2.5,-1.5,-1.471065331649665,-0.4230696457908801,-0.4969121087766723,0.4618740782527091,0.2985074626865671,268,-0.4840338088782813,-2.6380697220911973,-0.4970760555015205,-0.3580193244195078,0.4108691414728564,0.3394833948339483,271,-0.3533474104139922,,135.5,2,False,False,,False,2,False
gap_up_chase,51,4.5,4.0,60,5.0,-2.5,-1.4169841966443717,-0.1182397952150908,-0.2804491641286355,0.7964127385506068,0.3373983739837398,246,-0.2252803762085156,-3.409253820113583,-0.2179589580038698,-0.2089750413659113,0.7195112021718392,0.3728070175438596,228,-0.1713375674652965,,114.0,3,False,False,,False,3,False
gap_up_chase,52,7.0,1.5,90,7.0,-1.5,-0.2221969560070531,-0.0064873997000792,-0.1886740491140449,0.9735803592390784,0.2372881355932203,118,-0.0213521526297065,-2.362836608676956,-0.0790616859226658,-0.1940841632379009,0.8403884687672611,0.238095238095238,189,-0.0883722120315281,,94.5,2,False,False,,False,2,False
gap_up_chase,53,2.0,1.5,60,7.5,-3.0,0.3175487227482719,0.0215041048622281,-0.2285540751146783,1.0274736799924598,0.3383561643835616,730,0.0359409458363986,-2.5614971869507626,-0.4113342986459194,-0.3538293012766585,0.5944878867843341,0.3086419753086419,405,-0.3002837525233907,-8.066469815346478,202.5,2,False,False,,False,2,False
gap_up_chase,54,2.0,3.0,30,3.5,-2.0,-1.335904332923213,-0.3924632323283453,-0.644020396418969,0.659841842115003,0.3295099061522419,959,-0.6292097185649242,-2.542644503007223,-0.5970897565681897,-0.3757208095241021,0.5307317263692439,0.3605947955390334,538,-0.3741948805405807,,269.0,3,False,False,,False,3,False
gap_up_chase,55,5.0,2.5,60,3.0,-3.0,-1.34131038108767,-0.1961682775724049,-0.4052283961086303,0.6795344655092134,0.4588744588744589,231,-0.326478910756948,-3.756626788262856,-0.228145056522101,-0.187961899411176,0.7246336131487933,0.5203252032520326,246,-0.1686052628984825,,123.0,3,False,False,,False,3,False
gap_up_chase,56,5.0,3.0,15,5.5,-1.0,-1.430528728877149,-0.1655698838859002,-0.3082557429246305,0.6883511761237882,0.1800947867298578,211,-0.2540395088562095,-2.815137642781595,-0.4130859549401289,-0.3242044563577917,0.4301330373325896,0.1728395061728395,243,-0.3076486452534336,,121.5,2,False,False,,False,2,False
gap_up_chase,57,5.5,2.0,15,7.0,-2.0,-1.048344113413438,-0.057005418603597,-0.1978505864039507,0.8381319043413427,0.2542372881355932,118,-0.1105486977279813,-3.5848812228440017,-0.252896949416034,-0.2054415118670113,0.6153648410925522,0.2352941176470588,170,-0.1821728651316484,,85.0,2,False,False,,False,2,False
gap_up_chase,58,1.5,2.0,30,3.0,-2.5,-1.4230551634578266,-0.3612025263157225,-0.5550829143215914,0.7087095945674976,0.4231404958677686,1210,-0.5444772571643968,-2.6511660580342875,-0.4822658069968671,-0.348352596980053,0.6192329994146608,0.4502529510961214,593,-0.3213771435566107,,296.5,3,False,False,,False,3,False
gap_up_chase,59,5.0,5.0,30,5.0,-4.0,-1.174686857923661,-0.0926861745871319,-0.2787883422036268,0.780288249412796,0.4338235294117647,136,-0.1812223806960124,-2.9551199128942782,-0.162791264704913,-0.2084367018718471,0.7318240602389421,0.4675324675324675,154,-0.1343797942916339,,77.0,3,False,False,,False,3,False
gap_up_chase,60,2.5,4.5,15,5.0,-3.0,-1.2719669468179788,-0.0947134097022623,-0.2959426933210197,0.8591717889387924,0.3763213530655391,473,-0.2118136738712616,-3.321484006757342,-0.2673822531600509,-0.2183524096892358,0.6825956125336464,0.3814432989690721,291,-0.1770102894695245,,145.5,3,False,False,,False,3,False
gap_up_chase,61,5.0,3.5,60,7.5,-1.5,-0.750698254854782,-0.0324414414440916,-0.2167337706508459,0.9273236561601512,0.2123893805309734,226,-0.0856044931162564,-2.7532584462475285,-0.4016627652896469,-0.3280683532636632,0.527534335874621,0.1846153846153846,260,-0.2968663334870944,,130.0,2,False,False,,False,2,False
gap_up_chase,62,5.5,5.0,30,3.5,-3.0,-1.2121375203051536,-0.0894036272671554,-0.2216924629988589,0.7901185814576834,0.4573643410852713,129,-0.1459132723307548,-1.917908288461852,-0.0348934017970789,-0.0959631347574993,0.9354699441533366,0.5263157894736842,152,-0.030205884042834,,76.0,4,False,False,,False,4,False
gap_up_chase,63,3.0,1.5,75,7.5,-2.0,-1.0989810902673014,-0.09319646708826,-0.3527003201315427,0.8763124009689915,0.2420701168614357,599,-0.2189684684609681,-2.5265648988675222,-0.433367405037288,-0.3743558679473285,0.5610100268433824,0.2032332563510392,433,-0.3557512898766882,,216.5,2,False,False,,False,2,False
gap_up_chase,64,1.5,4.0,15,2.0,-2.0,-1.258089796796899,-0.5381631483518847,-0.7390535163436381,0.5849667181882842,0.42573402417962,1158,-0.7378173361416169,-2.5333311604010755,-0.655685589662129,-0.3771163393441715,0.4981036644020705,0.4703703703703704,540,-0.374271207837029,,270.0,3,False,False,,False,3,False
gap_up_chase,65,5.0,2.5,15,6.0,-4.0,-0.9272580883842072,-0.0527214952543703,-0.2364632607048409,0.85671762606523,0.4049586776859504,121,-0.1172739145009537,-2.6517327945944724,-0.1400914340779173,-0.2245208639746196,0.7480031858164274,0.4397163120567376,141,-0.1275371162209687,,70.5,3,False,False,,False,3,False
gap_up_chase,66,2.5,2.0,75,2.5,-1.5,-1.176823105531767,-0.7469843423188586,-0.8215549692739225,0.5304612126994165,0.3182167563412759,1301,-0.8203047805147181,-1.6586883060990802,-0.915823749180493,-0.6015075393481051,0.4252124534054857,0.3317865429234338,862,-0.6002585643823632,,431.0,2,False,False,,False,2,False
gap_up_chase,67,3.0,4.5,15,6.5,-3.5,-0.995138873576647,-0.0965802183630312,-0.3822312424147948,0.8424894343765621,0.3620178041543027,337,-0.2143298959750083,-3.2917827269819075,-0.2360767982923456,-0.2297220302001869,0.6676972549020789,0.3688888888888889,225,-0.1917049594401918,,112.5,3,False,False,,False,3,False
gap_up_chase,68,6.0,1.5,75,2.5,-2.5,-1.40007085983357,-0.1913756532099861,-0.3301816069872429,0.6670664631793032,0.4565217391304347,184,-0.2685075777321304,-3.508632047940801,-0.3025948135579202,-0.2241595236442562,0.654330158473748,0.4745098039215686,255,-0.2077184972628909,,127.5,3,False,False,,False,3,False
gap_up_chase,69,6.5,4.0,45,3.5,-1.5,-1.4824092855169628,-0.1850780507365342,-0.2784548175878313,0.6396090546056453,0.3061224489795918,147,-0.2353169410557953,-3.1193540256648897,-0.1564496505323691,-0.1765417667599353,0.7596354783691948,0.3333333333333333,174,-0.1136500151899807,,87.0,2,False,False,,False,2,False
gap_up_chase,70,7.0,4.0,30,4.0,-2.5,-1.0303917957195872,-0.0503082226920939,-0.1359032024540903,0.8487404984218168,0.4146341463414634,82,-0.0732112326963493,3.181940364818648,0.055713224126437,-0.0877803940275054,1.1220323300273352,0.4678899082568807,109,0.0378423104963341,,54.5,4,True,False,,True,4,False
gap_up_chase,71,2.5,3.5,60,4.5,-1.0,-1.2354268381680409,-0.5845285496138646,-0.760984743516013,0.5560520649229834,0.1791443850267379,1122,-0.7580575038202565,-2.1004176826904244,-0.5760105683431208,-0.4674142728050042,0.519753746366969,0.1861152141802068,677,-0.453292666020661,,338.5,2,False,False,,False,2,False
gap_up_chase,72,2.0,1.5,60,6.5,-2.0,-0.9488737400410628,-0.0635799328632559,-0.3002461370543878,0.9272027695938092,0.2671370967741935,992,-0.1554860979299918,-2.24601591209948,-0.570255877318086,-0.4303903751144319,0.5216291773930561,0.2426470588235294,544,-0.401222521226682,,272.0,2,False,False,,False,2,False
gap_up_chase,73,2.0,2.0,75,3.5,-2.0,-1.3600676631214326,-0.3603566980403144,-0.6170307317197731,0.7017472897190095,0.3395613322502031,1231,-0.6019033363567067,-1.97740960859637,-0.7859922373796359,-0.5006344479311355,0.4687104384578816,0.3286908077994429,718,-0.5003357756813789,,359.0,2,False,False,,False,2,False
gap_up_chase,74,3.5,2.5,45,2.5,-3.5,-1.4562662198045924,-0.2845800566357242,-0.4882865227414292,0.6363154824295426,0.5264483627204031,397,-0.4651245170400733,-2.983056151401416,-0.4213368914215126,-0.3024171902850386,0.5879876111429364,0.5416666666666666,336,-0.2956345157633742,,168.0,3,False,False,,False,3,False
gap_up_chase,75,4.0,3.5,30,5.5,-1.0,-1.4237017884368457,-0.3784194837978933,-0.5553211336702467,0.5327199395477491,0.1488372093023255,430,-0.5452407082746348,-2.602923815426774,-0.4942232549736401,-0.3616555041153024,0.4562314768608493,0.1620879120879121,364,-0.3479970746282709,,182.0,2,False,False,,False,2,False
gap_up_chase,76,5.5,3.5,75,8.0,-1.5,-0.5817736349872983,-0.0203568737629032,-0.1991589595711788,0.943804141664403,0.2063492063492063,189,-0.0601750790433992,-3.182617574026199,-0.2283210299208748,-0.2536487574352823,0.670019822442074,0.175,240,-0.2198539401572371,,120.0,2,False,False,,False,2,False
gap_up_chase,77,5.5,1.5,90,6.0,-3.0,-0.9585180743389784,-0.0717418045606759,-0.292500207877756,0.8313942144093076,0.3378378378378378,148,-0.1527948327295242,-3.128267035744592,-0.1589881879886441,-0.2010722671020547,0.7669378946070137,0.3762886597938144,194,-0.1388814346276898,,97.0,3,False,False,,False,3,False
gap_up_chase,78,6.5,2.0,30,4.0,-4.0,-1.349558065462025,-0.0980641782308147,-0.2105054663508797,0.7227291753960581,0.4390243902439024,82,-0.1550063320742567,-2.868110809276498,-0.118329503157628,-0.1694268638848185,0.7680798516782278,0.5384615384615384,117,-0.0954692153960495,,58.5,3,False,False,,False,3,False
gap_up_chase,79,2.0,2.5,45,4.0,-2.0,-1.3889071766536347,-0.3059984603726015,-0.5606288158541312,0.7337752351672863,0.3206470028544244,1051,-0.5323406584467445,-2.425583374185152,-0.6131562123958435,-0.397665785069661,0.5154743560297895,0.3304042179261863,569,-0.3957014161515823,,284.5,2,False,False,,False,2,False
gap_up_chase,80,3.0,4.0,30,7.0,-1.5,-1.411559033692834,-0.2412982829198694,-0.4943033762813623,0.6991723763381943,0.1849056603773584,530,-0.4528208771199931,-2.9380215193894617,-0.3844478600913723,-0.3041779504897543,0.5810647814042378,0.1892655367231638,354,-0.2867876134935416,,177.0,2,False,False,,False,2,False
gap_up_chase,81,3.5,5.0,45,2.0,-4.0,-1.500787717188449,-0.2746337707134643,-0.4518429848289786,0.6275477261810872,0.6072351421188631,387,-0.4352020289712556,-3.231254293328284,-0.3061651844135905,-0.256031942883747,0.6417101538791496,0.6190476190476191,294,-0.232661672913123,,147.0,3,False,False,,False,3,False
gap_up_chase,82,6.5,4.5,45,2.0,-4.0,-0.893835601826873,-0.0559898032944219,-0.1853317243165577,0.8495409183298007,0.6379310344827587,116,-0.0872319567756941,-2.361917383956682,-0.0521429177765347,-0.1208906249599484,0.889233133263663,0.6571428571428571,140,-0.0494359668861971,,70.0,4,False,False,,False,4,False
gap_up_chase,83,4.0,2.5,90,4.0,-3.5,-1.435865809566502,-0.1529206167555211,-0.3550005965616951,0.7747529838339047,0.4472049689440994,322,-0.3017872240565219,-2.886916902979655,-0.3189595030544592,-0.2989912384291269,0.6498531089728117,0.4448160535117056,299,-0.2591248198354543,,149.5,3,False,False,,False,3,False
gap_up_chase,84,7.0,5.0,75,7.5,-2.5,1.7600857285930478,0.065878373862531,-0.1524402991330094,1.2499170029990734,0.35,80,0.1272545241640432,0.1859067718545295,0.0108531904232545,-0.1113475761783363,1.0132425832794794,0.3364485981308411,107,0.0030943782034476,0.1056237027744875,53.5,3,False,False,,False,3,False
gap_up_chase,85,5.5,1.5,15,2.5,-1.5,-1.521720809837508,-0.3014610128822204,-0.3609823164088104,0.5003760900324216,0.3190184049079754,163,-0.330788537600998,-3.1420506601625853,-0.3747826677182896,-0.2807005688916536,0.4673988044866692,0.3805309734513274,226,-0.2754650386763915,,113.0,3,False,False,,False,3,False
gap_up_chase,86,2.5,1.5,45,6.5,-2.0,-0.9909640467381216,-0.0629704543132392,-0.2885862613475533,0.9188571328661976,0.2639664804469274,716,-0.1561308695716676,-2.4834515323951645,-0.543831783956992,-0.3842038110053016,0.5122695158762215,0.2354211663066954,463,-0.3717445456937523,,231.5,2,False,False,,False,2,False
gap_up_chase,87,2.5,4.5,30,2.0,-3.0,-1.4457150366828253,-0.3213832104014837,-0.5459548984123662,0.6414533069835878,0.5265625,640,-0.543802000204711,-3.199396158464019,-0.2412324561046712,-0.2311039250361346,0.7461777400634964,0.5883777239709443,413,-0.1835409526448626,,206.5,3,False,False,,False,3,False
gap_up_chase,88,4.0,1.5,45,3.5,-1.5,-1.4167656481559578,-0.3725670239541724,-0.5561467146107643,0.5994252985742841,0.2851063829787234,470,-0.5423142717938982,-2.421708551900872,-0.5426433946183775,-0.3985631443216967,0.4719759258542159,0.2863436123348017,454,-0.3973400860538989,,227.0,2,False,False,,False,2,False
gap_up_chase,89,3.0,2.0,45,8.0,-2.0,-0.6709067876696369,-0.0368819524284199,-0.2903234356652479,0.9432827051089868,0.2400756143667296,529,-0.1034305600770055,-2.889116184521882,-0.3563594557171279,-0.3087452642731835,0.6160256346961507,0.2073490813648294,381,-0.2850990579058742,,190.5,2,False,False,,False,2,False
gap_up_chase,90,4.5,2.5,30,3.0,-1.0,-1.394016181054176,-0.4913243753513426,-0.5874322998812614,0.4698920658391673,0.2238442822384428,411,-0.5773057075279515,-2.5865465357160287,-0.4938546498519416,-0.3669679375782815,0.4930776633566242,0.2684729064039409,406,-0.3619147632930016,,203.0,2,False,False,,False,2,False
gap_up_chase,91,2.5,4.5,15,3.0,-1.5,-1.2790105997502117,-0.5459634410438926,-0.7169707893099754,0.5030313287591336,0.2652757078986587,671,-0.7147571553230307,-2.4487572621735865,-0.5597442552570429,-0.3928734673519983,0.4732414999168616,0.3202933985330073,409,-0.3894079766029243,,204.5,2,False,False,,False,2,False
gap_up_chase,92,4.0,4.5,90,7.5,-1.0,-1.4691417498313126,-0.2340727056447619,-0.4626195713016051,0.6737988770364638,0.1354166666666666,480,-0.436559563945075,-2.542301455747551,-0.4114082964112345,-0.373273385652265,0.5419879080294739,0.1385390428211587,397,-0.3615250769867597,,198.5,2,False,False,,False,2,False
gap_up_chase,93,3.0,3.5,30,8.0,-1.5,-1.3554032488226608,-0.1718946588496787,-0.430430966106923,0.766265200355405,0.1826568265682656,542,-0.3567991254414465,-2.883744168166635,-0.3078727617163889,-0.2948795652609746,0.6421399203560568,0.1769436997319035,373,-0.2490627556824364,,186.5,2,False,False,,False,2,False
gap_up_chase,94,2.0,4.5,15,5.5,-3.5,-0.8191887529964351,-0.0561553269069586,-0.2879144407511188,0.9208374783720864,0.4017391304347826,575,-0.1267794745641098,-2.538085164512069,-0.1911747367551861,-0.2682948459264836,0.739673215085443,0.4140127388535032,314,-0.158248326264542,,157.0,3,False,False,,False,3,False
gap_up_chase,95,3.0,5.0,45,4.0,-1.0,-1.2778726450007962,-0.5521943806654359,-0.717500127443688,0.5320886395667177,0.1847389558232931,747,-0.7145156882330057,-2.464873183534649,-0.5250159571369909,-0.3895890307153215,0.5197433410085487,0.2259507829977628,447,-0.3852096642771484,,223.5,2,False,False,,False,2,False
gap_up_chase,96,3.0,3.0,15,7.0,-3.5,-1.0207520402294712,-0.0967976469470898,-0.3688203949828893,0.8414244001518391,0.3450292397660818,342,-0.2118422421231341,-3.289677746824756,-0.2707272604765741,-0.2335017472038092,0.6465533878026056,0.3531914893617021,235,-0.1978076210346681,,117.5,3,False,False,,False,3,False
gap_up_chase,97,4.5,4.0,45,2.5,-1.0,-1.3600208561746494,-0.5267166349293687,-0.6224866772010066,0.4890816441282865,0.2553191489361702,470,-0.6112332120299007,-2.3435661021438623,-0.5709310999319342,-0.414043187322177,0.4563009082727753,0.2842639593908629,394,-0.4116734393268403,,197.0,2,False,False,,False,2,False
gap_up_chase,98,3.5,4.0,90,6.0,-2.5,-0.8809654628569469,-0.0567908132862016,-0.2819497073187602,0.9126587238022964,0.3214285714285714,364,-0.134026150558002,-3.053990275500756,-0.3119602261467367,-0.277355095901486,0.6522220184097539,0.3156146179401993,301,-0.2465757037522918,,150.5,2,False,False,,False,2,False
gap_up_chase,99,6.5,4.0,15,2.5,-3.0,-1.382818496700664,-0.1332728030831213,-0.2144908347862472,0.6445020117792567,0.4938271604938271,81,-0.1624818009543591,-2.982555318845333,-0.1025033534020855,-0.1142385546669896,0.7913085895928987,0.5739130434782609,115,-0.0608896848644706,,57.5,4,False,False,,False,4,False
gap_up_chase,100,2.5,3.5,15,2.5,-2.0,-1.3286753730278822,-0.4709033913955106,-0.6660305103341402,0.563644628723457,0.3596899224806201,645,-0.6636907147108122,-3.184372820539982,-0.4536712102406368,-0.2777322929618745,0.5945497862279623,0.4206730769230769,416,-0.2777322929618745,,208.0,3,False,False,,False,3,False
gap_up_chase,101,4.5,4.0,90,8.0,-3.0,-0.5852005302937446,-0.0260148403484338,-0.257158478188933,0.9428317649465888,0.3008849557522124,226,-0.0789072659362634,-2.1793298477501035,-0.0985254229498485,-0.2467390040913329,0.8310700180135532,0.3221153846153846,208,-0.1098380770091469,,104.0,2,False,False,,False,2,False
gap_up_chase,102,4.5,2.0,60,6.5,-3.5,-1.1964982660515289,-0.1072604407318608,-0.3460767774640128,0.7998796924231695,0.3474178403755869,213,-0.2361681101468126,-2.8298983137641085,-0.299524795383088,-0.3046762357513981,0.5806328203062093,0.373134328358209,201,-0.2583432859504966,,100.5,3,False,False,,False,3,False
gap_up_chase,103,3.5,1.5,90,5.0,-4.0,-0.9952999577929988,-0.0712312230329528,-0.2891534773597162,0.8849189775192889,0.4666666666666667,345,-0.1572130943914902,-2.915481903347537,-0.2435184046509946,-0.287266657716735,0.6916088989328281,0.4599303135888501,287,-0.2396853858740333,,143.5,3,False,False,,False,3,False
gap_up_chase,104,5.5,3.0,45,5.0,-4.0,-0.0074219983435844,0.0047409517197765,-0.2321479508864916,1.0046853959391897,0.4833333333333333,120,-0.0008687095494931,-3.268643370844696,-0.2000468463889281,-0.2104772550828776,0.6764887229633257,0.4662162162162162,148,-0.1610676257907749,,74.0,3,False,False,,False,3,False
gap_up_chase,105,6.5,4.0,75,4.5,-1.5,-1.3750131702708903,-0.1359201630475524,-0.2701584243461387,0.720942731215614,0.274390243902439,164,-0.2086616235655758,-3.731485122865131,-0.1816473763000891,-0.1680420097328809,0.7363108705416322,0.2925531914893617,188,-0.1381964301456122,,94.0,2,False,False,,False,2,False
gap_up_chase,106,2.0,3.5,75,4.0,-1.5,-1.3012020657594752,-0.4511803143991849,-0.6803253982664396,0.6543810633935645,0.2620528771384137,1286,-0.6641365628544096,-2.016097186669138,-0.7313780820882904,-0.4895615140616807,0.5019980787204072,0.2594670406732118,713,-0.4805107811166593,,356.5,2,False,False,,False,2,False
gap_up_chase,107,4.5,4.0,60,7.5,-3.0,-0.976797144545905,-0.0597196433953658,-0.2714473947456298,0.8801901415216733,0.3062200956937799,209,-0.1438129049352364,-2.8388212218543107,-0.1403333608428029,-0.2091842084722666,0.7720976136093823,0.3316062176165803,193,-0.1270395508727142,,96.5,2,False,False,,False,2,False
gap_up_chase,108,5.5,2.5,30,5.0,-1.5,-1.3377505129042504,-0.1119066585808237,-0.2603094071426498,0.7718729584412284,0.2513661202185792,183,-0.1940468742553897,-3.793184517020495,-0.3006111486483109,-0.2070084042858826,0.6190986634542011,0.2580645161290322,217,-0.2070084042858826,,108.5,2,False,False,,False,2,False
gap_up_chase,109,4.5,2.5,75,6.5,-3.0,-1.2576359817750036,-0.1068040658720849,-0.3208023733914953,0.8052156106991792,0.3203463203463203,231,-0.229216910480448,-2.43243366750964,-0.0914709644463931,-0.2129059616425528,0.843277293691657,0.3547008547008547,234,-0.1041777224514767,,117.0,3,False,False,,False,3,False
gap_up_chase,110,4.5,1.5,45,4.0,-3.5,-1.436074342911419,-0.2042359507781249,-0.4225576559529695,0.6741769973242869,0.4344262295081967,244,-0.3752811614179439,-2.882651494310136,-0.23229957959079,-0.2600049941290235,0.6756883127696854,0.4567307692307692,208,-0.1883981406466176,,104.0,3,False,False,,False,3,False
gap_up_chase,111,4.5,4.0,60,5.5,-2.5,-1.1739006407695325,-0.089680628320434,-0.2793630275543169,0.837737084538871,0.3234042553191489,235,-0.1815018727253623,-3.4004419737396097,-0.2181247406485485,-0.2118184407898652,0.7075228929864027,0.3484162895927601,221,-0.1747789797331125,,110.5,2,False,False,,False,2,False
gap_up_chase,112,6.5,3.0,75,5.5,-1.0,-1.5124756807250908,-0.1729554343998968,-0.307809065484154,0.6531052234748326,0.1666666666666666,198,-0.2707569797803864,-3.1653558698829265,-0.2693448125197884,-0.2684063910347876,0.5861362439052178,0.1799163179916318,239,-0.248492295193031,,119.5,2,False,False,,False,2,False
gap_up_chase,113,7.0,2.5,90,2.5,-3.0,-0.9806321690255798,-0.0714824806713618,-0.2078256112844435,0.8225225823463773,0.544,125,-0.1085064907512391,-2.578720289077862,-0.0913835015598751,-0.1554553527586032,0.8520572129869194,0.5659340659340659,182,-0.0743411716796893,,91.0,3,False,False,,False,3,False
gap_up_chase,114,5.5,4.0,15,8.0,-3.5,-0.3073070028786232,-0.0073346087752258,-0.1753370344965623,0.9652985811643868,0.3406593406593406,91,-0.0275279493611714,-3.355785302969631,-0.1788115610051428,-0.1884828090947212,0.6755459561257975,0.3414634146341463,123,-0.1401114413361003,,61.5,2,False,False,,False,2,False
gap_up_chase,115,6.5,3.5,30,8.0,-3.5,-0.6699861187949097,-0.0218700607542038,-0.148589258323302,0.9131964226549624,0.3188405797101449,69,-0.0514757922268575,-1.8796582840676164,-0.0521625067128439,-0.1547018276099888,0.8754579618128682,0.3557692307692308,104,-0.0504931296907834,,52.0,3,False,False,,False,3,False
gap_up_chase,116,2.5,1.5,15,3.5,-2.5,-1.4637713076877772,-0.2030773472244467,-0.4208079790219129,0.7528569630262302,0.3996539792387543,578,-0.3826447536099144,-2.919308490765416,-0.4269741661321958,-0.3044945380242167,0.5844244008275848,0.4171122994652406,374,-0.2820539893792203,,187.0,3,False,False,,False,3,False
gap_up_chase,117,6.0,2.0,60,5.0,-1.5,-1.0981503166849529,-0.0768423132677651,-0.2334167294863937,0.8341795317147073,0.264367816091954,174,-0.1386478944718877,-3.483889505252756,-0.3363511700889168,-0.2384388002981235,0.585360937588929,0.2393162393162393,234,-0.2349522896736541,,117.0,2,False,False,,False,2,False
gap_up_chase,118,6.0,3.0,90,7.5,-2.5,0.64993437444144,0.0302801091693182,-0.1752279559733408,1.076040642859053,0.3114754098360656,122,0.0558601052653366,-2.885163303847216,-0.1489583043143396,-0.2206898454334173,0.752629440077438,0.2710843373493976,166,-0.1416071666254016,-4.439160963484589,83.0,2,False,False,,False,2,False
gap_up_chase,119,5.0,4.5,30,3.0,-1.5,-1.519997258809977,-0.2768681176835702,-0.3824877076083013,0.5833043874668149,0.316017316017316,231,-0.3552236006965922,-3.2943156817002657,-0.2887974610235984,-0.2538497549555848,0.6163691303427228,0.3699186991869919,246,-0.2387995438546833,,123.0,3,False,False,,False,3,False
gap_up_chase,120,7.0,1.5,15,8.0,-2.5,1.5626620549434986,0.0443996885958094,-0.0995254200160644,1.1841257602528046,0.3225806451612903,62,0.075570101061162,-0.7920379523578209,-0.0086966786813137,-0.0890957497716796,0.9686008891954608,0.3229166666666667,96,-0.0109745337046728,-0.5068517212996887,48.0,3,False,False,,False,3,False
gap_up_chase,121,3.0,2.5,90,6.0,-2.5,-1.0437864890748825,-0.1043437255554657,-0.3752884179139716,0.8689559945029519,0.3123809523809523,525,-0.2216145953398043,-2.806856846638885,-0.4527322955141928,-0.3283807491215789,0.5611096209685271,0.2935064935064935,385,-0.318961840620929,,192.5,2,False,False,,False,2,False
gap_up_chase,122,1.5,3.0,15,5.5,-3.5,0.0676784483478945,0.0092854831295961,-0.2501354086269015,1.0114417687979578,0.4190981432360742,754,0.0084960444140307,-2.623333072432213,-0.2258916419738727,-0.2834699078872194,0.7118572540774745,0.3956043956043956,364,-0.1855594307599986,-38.76172011135982,182.0,3,False,False,,False,3,False
gap_up_chase,123,5.0,4.0,60,6.5,-1.0,-1.401638746077387,-0.1396552970858361,-0.3260195052108592,0.7478237722987645,0.167235494880546,293,-0.2648719019509246,-2.838293808943467,-0.2988043354301164,-0.3167885082749042,0.5823845860710747,0.1644736842105263,304,-0.2924324874400579,,152.0,2,False,False,,False,2,False
gap_up_chase,124,7.0,4.5,75,5.5,-3.5,0.970681733096112,0.0423599115196944,-0.1569079177840095,1.146141454961714,0.4473684210526316,76,0.0740599969169377,9.88794288845653,0.1175465092030564,-0.0848499977079253,1.28986146462941,0.4897959183673469,98,0.0962180721989702,10.18659623573804,49.0,5,True,True,,True,5,True
gap_up_chase,125,7.0,5.0,60,4.0,-1.0,-1.5875720983300994,-0.1972122690082295,-0.2695962525389311,0.624455272380632,0.2303030303030303,165,-0.2453701754391968,-1.7499990756469328,-0.0378827167659783,-0.1668519056699757,0.9041808457787012,0.2760736196319018,163,-0.0507363967286241,,81.5,2,False,False,,False,2,False
gap_up_chase,126,3.0,3.5,75,5.5,-1.5,-1.386967450693951,-0.2218770643369715,-0.480116116339898,0.7628177871241285,0.2269399707174231,683,-0.4245000315207113,-2.575753032239604,-0.538086169353668,-0.3688761730629751,0.5414977909174247,0.2186147186147186,462,-0.3637360829431835,,231.0,2,False,False,,False,2,False
gap_up_chase,127,3.0,3.5,60,2.5,-1.5,-1.2833071057896297,-0.5477147664925264,-0.7127493239805932,0.5729497613212643,0.3269461077844311,835,-0.7107368411180999,-2.021871864673129,-0.7085760770019344,-0.4886358783328662,0.4678829727050349,0.3472222222222222,576,-0.4864587091612486,,288.0,2,False,False,,False,2,False
gap_up_chase,128,3.5,3.0,45,4.5,-3.0,-1.3191542331395023,-0.1462748903517867,-0.3741360497569636,0.7924459142629354,0.4056338028169014,355,-0.2902608329286541,-3.1347773279226328,-0.3643162657590134,-0.2712685071455071,0.6092760588487635,0.4,280,-0.2490696717200786,,140.0,3,False,False,,False,3,False
gap_up_chase,129,5.5,2.0,30,3.0,-3.5,-1.3722296769985831,-0.163871986711959,-0.3204677199882713,0.648910935443468,0.4850746268656716,134,-0.2532239671306335,-3.951896035438657,-0.2381105702037922,-0.1814693195795042,0.6509257175864711,0.5657142857142857,175,-0.1733938267089738,,87.5,3,False,False,,False,3,False
gap_up_chase,130,4.5,2.5,90,3.5,-4.0,-1.414669639147549,-0.2019853383297248,-0.4207547370783291,0.6898807718206588,0.5,270,-0.3660631057001399,-2.956130286187493,-0.263122973693046,-0.2724183500058268,0.6771138349148546,0.5444015444015444,259,-0.2186609923584592,,129.5,3,False,False,,False,3,False
gap_up_chase,131,4.5,4.5,45,6.0,-2.5,-1.140327519015167,-0.0849998103957466,-0.2773347232607652,0.8391483557693149,0.3101851851851852,216,-0.1743561948383278,-3.1936374670008654,-0.2910695626967928,-0.2451758295231709,0.6189180019321149,0.33,200,-0.2057787159275333,,100.0,2,False,False,,False,2,False
gap_up_chase,132,4.5,1.5,30,5.0,-2.5,-1.4964090304426318,-0.1863291574272486,-0.355552325681268,0.6826864188050707,0.3125,224,-0.3179908626769459,-3.122351858859343,-0.2507440355754539,-0.2352797174352909,0.6708613477243661,0.3681818181818181,220,-0.1813062314941335,,110.0,3,False,False,,False,3,False
gap_up_chase,133,6.0,1.5,75,5.0,-2.5,-0.7168050139585439,-0.0426625757086477,-0.2262242688787998,0.8921092785925248,0.3481481481481481,135,-0.0853057034422252,-4.063742510457691,-0.2029513865757328,-0.1690753051719777,0.7116691386449224,0.3440860215053763,186,-0.1607045642383516,,93.0,2,False,False,,False,2,False
gap_up_chase,134,1.5,4.0,45,8.0,-2.5,1.096128231482426,0.052756330158344,-0.1998652759837986,1.0707395785276086,0.3025114155251142,876,0.1049869185653558,-2.5248052351240755,-0.1882869092080182,-0.2717976875325872,0.7727772647723167,0.2689486552567237,409,-0.1603642943112815,-2.3033849166620564,204.5,2,False,False,,False,2,False
gap_up_chase,135,4.5,3.0,60,3.5,-3.0,-1.3569128222838518,-0.2008347443977448,-0.4255269052893151,0.7041374211418433,0.4239130434782608,276,-0.3521434851880213,-3.2488087157255805,-0.289053902887443,-0.2410772557354581,0.6585958575008988,0.4677419354838709,248,-0.2058953139352652,,124.0,3,False,False,,False,3,False
gap_up_chase,136,4.5,5.0,15,5.0,-3.0,-1.5921900255674164,-0.1387606758716148,-0.2700826782817428,0.7258773695065608,0.3465909090909091,176,-0.246714052052877,-3.166214142328184,-0.169807442341609,-0.1780909869782721,0.7361158386373092,0.4242424242424242,165,-0.1176198204115819,,82.5,3,False,False,,False,3,False
gap_up_chase,137,6.5,4.5,90,3.0,-1.0,-1.562414781501802,-0.3015646495619599,-0.3756757329042578,0.5564600318447871,0.2571428571428571,245,-0.359570222525547,-2.841109986963791,-0.3527653781842903,-0.3124792134034939,0.5423723090372092,0.2764227642276423,246,-0.2809616287341251,,123.0,2,False,False,,False,2,False
gap_up_chase,138,5.0,2.5,75,6.0,-4.0,-0.7226774348620697,-0.0416846366586186,-0.263186866858594,0.900816707109532,0.4125,160,-0.1008637245887602,-2.6038603727921226,-0.1909615267821308,-0.2969577655184313,0.6941848985804616,0.4261363636363636,176,-0.2004888844509533,,88.0,3,False,False,,False,3,False
gap_up_chase,139,4.5,1.5,15,7.0,-2.5,-1.126615185085858,-0.0734548267240861,-0.2500594179444239,0.8386296874437402,0.2896174863387978,183,-0.1535985484710492,-3.127643854706873,-0.223885892817004,-0.2209429025955624,0.6665809337554665,0.2947368421052631,190,-0.1623116650902855,,95.0,2,False,False,,False,2,False
gap_up_chase,140,2.5,5.0,30,2.0,-3.0,-1.4378759251101805,-0.3311109653413118,-0.554103873750366,0.6318142565873606,0.5191082802547771,628,-0.5519896146874523,-3.3605124207581465,-0.1991243448139302,-0.1981535345068809,0.7860817363200392,0.5979899497487438,398,-0.1523743265429514,,199.0,3,False,False,,False,3,False
gap_up_chase,141,4.5,4.0,30,5.5,-3.0,-1.4337751237041334,-0.1166007987190514,-0.2741935800355367,0.7731941633457294,0.3451776649746192,197,-0.2225250492152715,-2.7206848620468334,-0.1236744799613518,-0.1854480551826399,0.8055516691358598,0.4,190,-0.1004848599795668,,95.0,3,False,False,,False,3,False
gap_up_chase,142,4.0,4.5,45,8.0,-1.0,-1.566736531148904,-0.1734098793148219,-0.3630256787326155,0.7262852028309732,0.1418092909535452,409,-0.3455037650545195,-2.7735677494361326,-0.3317476070800038,-0.3198186017826822,0.5815745918015728,0.1470588235294117,340,-0.2802396965569353,,170.0,2,False,False,,False,2,False
gap_up_chase,143,4.5,3.5,15,5.5,-4.0,-1.4284632678731364,-0.1097260880880334,-0.268924846044812,0.7584962355251463,0.4,165,-0.2167465483177161,-2.6015381442910845,-0.1505880124549293,-0.2351274822320742,0.734394178751625,0.4683544303797468,158,-0.1329378818889415,,79.0,3,False,False,,False,3,False
gap_up_chase,144,7.0,1.5,45,3.5,-1.5,-1.4632556255513682,-0.1132338440078454,-0.1883880515360776,0.7454787028838685,0.3410852713178294,129,-0.1500067283755796,-2.881295498125775,-0.09414753383379,-0.1425143013930024,0.8435027524614364,0.3730569948186528,193,-0.0766285610389096,,96.5,4,False,False,,False,4,False
gap_up_chase,145,2.0,1.5,15,3.5,-3.5,-1.4809505666974958,-0.19915961188115,-0.3939207702228026,0.7683546455897295,0.4590643274853801,684,-0.3567755166272247,-2.645956599398841,-0.2672259015121734,-0.302275424754234,0.6772539223223042,0.5080645161290323,372,-0.215373967305455,,186.0,3,False,False,,False,3,False
gap_up_chase,146,1.5,2.5,30,3.0,-2.5,-1.4196563211597268,-0.3594872427157916,-0.5568468960518148,0.7091772053570736,0.4231738035264483,1191,-0.5451526331318033,-2.63607468704582,-0.5010345000017951,-0.3526674844384613,0.6078628933394589,0.4497444633730835,587,-0.3298570434043105,,293.5,3,False,False,,False,3,False
gap_up_chase,147,6.5,2.0,75,3.5,-2.5,-1.4108385227646434,-0.150261987472819,-0.2789284588382243,0.6824081806653922,0.3928571428571428,140,-0.2227775897539261,-3.811673430623798,-0.1809539847786843,-0.1746859236296069,0.7262619924466105,0.4010695187165775,187,-0.152354541438893,,93.5,3,False,False,,False,3,False
gap_up_chase,148,7.0,3.5,45,3.0,-2.0,-1.2273006407597362,-0.0994721570154929,-0.2040921192433492,0.7675380737348807,0.423728813559322,118,-0.1352431249300593,-1.327776841805337,-0.0311952484722849,-0.1169564206640133,0.9403968705745784,0.4765100671140939,149,-0.0251274999506749,,74.5,4,False,False,,False,4,False
gap_up_chase,149,6.0,2.0,30,4.0,-4.0,-1.1200598177555874,-0.0865657003536596,-0.2479356869761398,0.7677796232964264,0.4583333333333333,96,-0.1512157455881266,-3.136217790566735,-0.1430449045417096,-0.1762730376358575,0.7406408195542383,0.5303030303030303,132,-0.1142862168475762,,66.0,3,False,False,,False,3,False
gap_up_chase,150,6.0,1.5,45,6.5,-1.5,-0.5687117302708309,-0.0255146516110928,-0.1919476107983194,0.9323581358902672,0.24,150,-0.0565911522127904,-3.668614462415837,-0.2420142891634904,-0.1955943825039877,0.6489313110262419,0.2341463414634146,205,-0.1735757175805845,,102.5,2,False,False,,False,2,False
gap_up_chase,151,4.5,4.5,90,3.5,-4.0,-1.4535998312571967,-0.2173814178935584,-0.4230244106857025,0.6495725956868126,0.492063492063492,252,-0.3817878410705209,-3.104355638334928,-0.2079566150816262,-0.2344953792431507,0.7215522241464608,0.5344827586206896,232,-0.1782363621802695,,116.0,3,False,False,,False,3,False
gap_up_chase,152,6.0,3.0,15,7.5,-1.0,-1.1726512996915928,-0.0771444391158209,-0.1997618204955231,0.784647324535905,0.1627906976744186,129,-0.125855445245633,-3.3383435182053263,-0.2265767680143112,-0.2302225414061174,0.5853522448436798,0.1581920903954802,177,-0.1980250496095047,,88.5,2,False,False,,False,2,False
gap_up_chase,153,3.5,2.0,75,8.0,-4.0,1.3958999358607154,0.0609676606349725,-0.2191894799660187,1.1092269935432373,0.4093959731543624,298,0.1440001456051807,-2.6209043115439257,-0.2572189925168406,-0.3239195615896254,0.6556637938870261,0.3495934959349593,246,-0.2480112578149342,-1.8775732014973332,123.0,2,False,False,,False,2,False
gap_up_chase,154,4.0,4.5,90,4.5,-4.0,-1.349111842387916,-0.1367978009697499,-0.3424461436105864,0.7747901326040537,0.4581818181818182,275,-0.2683159851494743,-3.3772551857786244,-0.2345969171319012,-0.2280932286736301,0.7077792394205266,0.4621513944223107,251,-0.1989514209632383,,125.5,3,False,False,,False,3,False
gap_up_chase,155,5.5,4.0,15,5.0,-1.0,-1.4618787410392051,-0.1582606684243567,-0.2703515025621254,0.6638341982502516,0.1878787878787878,165,-0.2238750762291101,-3.222569515083934,-0.3529210636595826,-0.2707472511095171,0.461742815112067,0.1837837837837838,185,-0.2669802582831694,,92.5,2,False,False,,False,2,False
gap_up_chase,156,5.0,2.0,60,4.5,-1.5,-1.3977528912732595,-0.1873584458953999,-0.3741716915372776,0.7188035637030665,0.2620689655172414,290,-0.3113735989060436,-2.962386271468343,-0.4282406934788671,-0.3072077423589109,0.5686746041811862,0.2636363636363636,330,-0.3045644107997699,,165.0,2,False,False,,False,2,False
gap_up_chase,157,5.0,2.5,60,3.0,-1.5,-1.4829967742446857,-0.2861255919397201,-0.4310493283036616,0.6209290748330878,0.3196202531645569,316,-0.4017961149386034,-2.495521258267249,-0.5018949908450923,-0.3847201881882305,0.4851733261308964,0.3351063829787234,376,-0.3847201881882305,,188.0,2,False,False,,False,2,False
gap_up_chase,158,5.5,3.5,75,8.0,-2.0,-0.7939389173079433,-0.0400834116363316,-0.2475010031290929,0.8934498007666934,0.2420382165605095,157,-0.104396637215451,-3.179302782864049,-0.1669644905376337,-0.2202680005011516,0.7441616557771863,0.2163461538461538,208,-0.1661499200277759,,104.0,2,False,False,,False,2,False
gap_up_chase,159,5.0,5.0,60,7.5,-2.0,-0.6465843468208115,-0.0260008561442258,-0.2097099433395005,0.9350906001736112,0.25,184,-0.0708037017131095,-3.424994747504156,-0.2196187684592103,-0.2211348543985406,0.683311272833753,0.25,204,-0.1923014677409327,,102.0,2,False,False,,False,2,False
gap_up_chase,160,3.5,4.0,30,2.5,-3.0,-1.50472435595402,-0.2882749556831611,-0.46313511632784,0.6277756928481745,0.4918032786885246,366,-0.4520480301943905,-3.484652470604543,-0.2989192219287565,-0.2262972352514318,0.6793946906852615,0.5422077922077922,308,-0.2088838133066142,,154.0,3,False,False,,False,3,False
gap_up_chase,161,5.0,3.0,60,6.5,-2.0,-1.0827463362898906,-0.0721629551816502,-0.2708790885690879,0.8518471982120063,0.2621359223300971,206,-0.1604987741611743,-3.1628331992852305,-0.2892542159694041,-0.26513393098789,0.6185575810064362,0.2489451476793249,237,-0.2404309358681596,,118.5,2,False,False,,False,2,False
gap_up_chase,162,6.5,4.5,45,2.0,-2.5,-1.406642180669559,-0.1296424078449392,-0.214331615582281,0.7241077457106385,0.5367647058823529,136,-0.1654187717133686,-3.7766737389214406,-0.1942810843399521,-0.1532721971151641,0.6955136810036103,0.535483870967742,155,-0.1222596923843433,,77.5,3,False,False,,False,3,False
gap_up_chase,163,4.0,2.5,60,3.5,-3.0,-1.409250684701366,-0.199218881868278,-0.4097827069477498,0.7222928449775712,0.4272445820433436,323,-0.3522081136365501,-3.2830695386187587,-0.3528121226580571,-0.255435836037875,0.6394995870579315,0.4536423841059602,302,-0.2404587621255308,,151.0,3,False,False,,False,3,False
gap_up_chase,164,3.5,4.0,45,6.5,-1.5,-1.376043648592039,-0.1600167043730036,-0.3903218971406177,0.7803067635589971,0.2180616740088105,454,-0.3217088136025053,-3.077560081746002,-0.3698254741951184,-0.2857083871293634,0.5952307986087879,0.1987951807228915,332,-0.2729980548397578,,166.0,2,False,False,,False,2,False
gap_up_chase,165,3.5,1.5,75,3.5,-4.0,-1.2665493675964,-0.1336446895397821,-0.3641071449593163,0.8175138586599023,0.5314861460957179,397,-0.2677415188352021,-3.055534029004909,-0.3392278478250631,-0.2874020555907923,0.6349126233256046,0.5246913580246914,324,-0.2719867461879557,,162.0,3,False,False,,False,3,False
gap_up_chase,166,3.0,4.5,60,6.0,-1.0,-1.3610063502475347,-0.367890616290366,-0.6148789507622512,0.640924176543976,0.1578249336870026,754,-0.5989825156057387,-2.438535590534878,-0.4906708489268606,-0.3944080742318656,0.509921057531671,0.1630901287553648,466,-0.3887460946385661,,233.0,2,False,False,,False,2,False
gap_up_chase,167,3.0,5.0,90,7.5,-2.5,-0.2507361570489358,-0.0082035712727698,-0.2738728441066057,0.9849529433986208,0.2975391498881432,447,-0.0352179098305867,-3.070530055055276,-0.3051813623606958,-0.273362063006599,0.6435720645863199,0.2847682119205298,302,-0.2409940893369845,,151.0,2,False,False,,False,2,False
gap_up_chase,168,5.0,1.5,15,4.0,-3.5,-1.436897560400168,-0.1573570434386497,-0.3132506556618296,0.6611983435738833,0.4160583941605839,137,-0.2602114308628761,-3.0870295433121866,-0.1857188959438618,-0.20675350717152,0.6990103366982894,0.4777070063694267,157,-0.1421525710972756,,78.5,3,False,False,,False,3,False
gap_up_chase,169,4.5,3.0,45,7.0,-2.0,-1.2563404859891327,-0.1211544871991796,-0.3506519065118364,0.7918172228200355,0.2346153846153846,260,-0.2537500527951964,-3.1065744567336258,-0.3518344195608514,-0.2789944085389715,0.5682155852934173,0.22265625,256,-0.2620590035784875,,128.0,2,False,False,,False,2,False
gap_up_chase,170,4.0,5.0,75,6.0,-3.0,-1.3835818411315446,-0.1196323803238301,-0.3028066391360274,0.7915744779136078,0.3359375,256,-0.2393792546986441,-2.890657204330791,-0.1496773699819185,-0.2064216330158524,0.7902621557515279,0.3684210526315789,228,-0.1279684764112472,,114.0,3,False,False,,False,3,False
gap_up_chase,171,4.5,4.0,45,7.5,-2.5,-0.8438585634493736,-0.0554644247359829,-0.2788557021961177,0.8855634312663285,0.2727272727272727,209,-0.1264676762568296,-2.9324663323472944,-0.1878800987426122,-0.2231374209614589,0.7200218219323977,0.299492385786802,197,-0.1480175402104836,,98.5,2,False,False,,False,2,False
gap_up_chase,172,3.5,3.5,45,3.5,-4.0,-1.2726246415357203,-0.1326553767343866,-0.3619537083286855,0.8066479436822044,0.5269121813031161,353,-0.2673796769422634,-3.071752626223501,-0.2874236338694211,-0.2720128072077361,0.655889949549133,0.5298507462686567,268,-0.2383061044268329,,134.0,3,False,False,,False,3,False
gap_up_chase,173,7.0,3.0,45,2.5,-1.5,-1.5457110695645475,-0.1410348712626112,-0.1985144902988165,0.7123058938997142,0.4027777777777778,144,-0.1686512950358163,-3.5523209679175,-0.1976726862265102,-0.2011845655311947,0.6489746913090075,0.3957219251336898,187,-0.1723068558394908,,93.5,3,False,False,,False,3,False
gap_up_chase,174,5.5,2.5,30,3.5,-1.5,-1.4591676811197838,-0.2262050098284707,-0.3499950498367008,0.6191060699279208,0.2989690721649484,194,-0.3024825000421872,-3.448844147652016,-0.2217213428633978,-0.2014327797336292,0.7202013932461713,0.3458333333333333,240,-0.163823665372466,,120.0,2,False,False,,False,2,False
gap_up_chase,175,5.0,3.5,90,6.5,-1.0,-1.4890154803227371,-0.1780482697702954,-0.3673175365575445,0.7087479742871238,0.1577380952380952,336,-0.3290152107044759,-2.560536278698326,-0.4061784047362189,-0.3709499809991036,0.5201521409858803,0.1525423728813559,354,-0.3631545244211801,,177.0,2,False,False,,False,2,False
gap_up_chase,176,5.5,3.5,15,3.5,-3.0,-1.1386353353590095,-0.0891347048585914,-0.2197076766419467,0.7793228123171512,0.4513274336283185,113,-0.1350597158929568,-3.724988646377987,-0.1208140100332295,-0.1185852522797386,0.7853266641361509,0.4928571428571429,140,-0.084146779922531,,70.0,4,False,False,,False,4,False
gap_up_chase,177,3.0,4.0,30,4.0,-4.0,-1.5058582153568567,-0.2179628993077909,-0.3940494115035927,0.7026186195239763,0.4760705289672544,397,-0.3646073883574912,-3.112426675713801,-0.2155348227294923,-0.234323615266897,0.7204811802075294,0.5218978102189781,274,-0.1788562605287632,,137.0,3,False,False,,False,3,False
gap_up_chase,178,7.0,2.5,45,2.0,-4.0,-0.075787225146984,-0.0008195441202605,-0.1630614166340034,0.9960997129670676,0.6634615384615384,104,-0.0062472330047254,1.3263688322242155,0.0291012425491681,-0.0958133692941563,1.0559527898870733,0.6896551724137931,145,0.0182036981957944,,72.5,4,False,False,,False,4,False
gap_up_chase,179,5.5,3.5,90,3.0,-1.5,-1.4347325232629768,-0.2645054203189961,-0.420708574355413,0.633848806624753,0.3263157894736842,285,-0.3727079911773316,-2.614952630987055,-0.4477823054086901,-0.3629794521897322,0.5208030169882291,0.3364197530864197,324,-0.3619042101065386,,162.0,2,False,False,,False,2,False
gap_up_chase,180,5.0,2.0,15,6.5,-3.0,-1.3518804273037557,-0.0842862312612078,-0.2185530186779777,0.799543283485677,0.3233082706766917,133,-0.1617953994092379,-3.557251787715717,-0.1987865465453101,-0.1755355685082703,0.6802114640997624,0.3758389261744966,149,-0.1372855029784438,,74.5,3,False,False,,False,3,False
gap_up_chase,181,5.0,5.0,60,4.5,-3.5,-0.931692665749337,-0.0679828374705512,-0.2909945310173122,0.8561982077366603,0.4476744186046512,172,-0.1473245468192072,-3.0028543148199374,-0.1621313095579982,-0.2030681273171051,0.7502792629775809,0.4624277456647399,173,-0.1322963996378384,,86.5,3,False,False,,False,3,False
gap_up_chase,182,1.5,3.5,60,2.5,-1.0,-1.0645461092644943,-1.1547151834748983,-0.9352273505544338,0.4660654948038939,0.2475685234305924,2262,-0.9350258063386648,-1.5264217266101208,-1.0640786112875589,-0.6545224346900193,0.4232005774963865,0.2571157495256167,1054,-0.6513795255009383,,527.0,2,False,False,,False,2,False
gap_up_chase,183,2.0,4.5,60,2.5,-2.0,-1.2765749676802018,-0.5048454922908449,-0.7196617267158486,0.621515154249137,0.3856624319419238,1102,-0.7176976722582458,-2.448222417663217,-0.6076961751929825,-0.391645021180641,0.5608203091754203,0.4217462932454695,607,-0.3818682718918222,,303.5,3,False,False,,False,3,False
gap_up_chase,184,6.5,1.5,30,3.0,-1.0,-1.608549830419266,-0.2631754284597289,-0.3099612791680338,0.5439792109772056,0.2586206896551724,174,-0.2938327260738764,-3.325109752917107,-0.3162970457167866,-0.2531413748461797,0.5464187479092927,0.2846153846153846,260,-0.2426836221214915,,130.0,2,False,False,,False,2,False
gap_up_chase,185,6.0,3.5,15,3.5,-4.0,-1.2278000924371582,-0.1060291012478658,-0.2369155733032373,0.7004665279264379,0.4939759036144578,83,-0.1590581743074727,-2.4596789177125125,-0.0980061699149452,-0.1725898304777298,0.7940671556906849,0.5701754385964912,114,-0.0799433102015556,,57.0,3,False,False,,False,3,False
gap_up_chase,186,5.5,4.5,75,6.5,-1.0,-1.4017825921247034,-0.1524023876260815,-0.3298390710934116,0.7070333675629016,0.1548117154811715,239,-0.2685658687394849,-3.1700366845261376,-0.2954628506485955,-0.2796135823825278,0.5827831554167239,0.1614173228346456,254,-0.2796135823825277,,127.0,2,False,False,,False,2,False
gap_up_chase,187,6.0,3.0,75,5.0,-2.5,-0.5640539618160532,-0.0284946886373545,-0.2106112608981661,0.9254499296839508,0.3582089552238806,134,-0.0617463760401378,-3.9635202946628856,-0.1936565518398764,-0.1684981654528405,0.7156537871871138,0.3546511627906977,172,-0.1531216046286451,,86.0,3,False,False,,False,3,False
gap_up_chase,188,5.0,3.5,75,5.0,-3.0,-1.1315970202240797,-0.0835357116009339,-0.2840792894684648,0.8404956852501767,0.37,200,-0.177533308733122,-3.3479860951763936,-0.187330076263673,-0.2043451083105867,0.7452940915884082,0.3969849246231156,199,-0.1595226419305955,,99.5,3,False,False,,False,3,False
gap_up_chase,189,6.0,1.5,75,7.5,-4.0,0.3066421681349957,0.0191041825717463,-0.2016759637670336,1.0454623576808584,0.3917525773195876,97,0.0307027508139634,-2.374530346825708,-0.095309016885008,-0.2205659491888249,0.8116042071942962,0.3560606060606061,132,-0.1058284193198809,-7.743652353059115,66.0,3,False,False,,False,3,False
gap_up_chase,190,3.0,3.0,45,7.0,-4.0,-0.6750319560561135,-0.0482899884104416,-0.3257065206912689,0.9229248657939344,0.4026666666666667,375,-0.1176157690177999,-2.985261284051963,-0.280777907729225,-0.2800030291705198,0.6462934186688061,0.3720930232558139,258,-0.2385340996325174,,129.0,3,False,False,,False,3,False
gap_up_chase,191,2.5,3.0,30,6.0,-4.0,-0.4550331358867086,-0.0276605354860382,-0.292578198650436,0.955783345515864,0.4233261339092872,463,-0.0694706590071585,-2.78101889391166,-0.248727678807992,-0.2824903639097782,0.6974289720758908,0.4053156146179402,301,-0.2072256849367232,,150.5,3,False,False,,False,3,False
gap_up_chase,192,2.5,1.5,60,5.5,-1.5,-1.3832236592516922,-0.2922548559833528,-0.5557857778154021,0.7220052514377426,0.2181243414120126,949,-0.5219286250026103,-2.078525583324754,-0.7342507222128002,-0.4736685993664824,0.4755554196385886,0.2009419152276295,637,-0.4666934843232498,,318.5,2,False,False,,False,2,False
gap_up_chase,193,6.0,5.0,45,2.0,-3.5,-1.1941887582617423,-0.1050818069490407,-0.2344369556628138,0.7653468706522141,0.6142857142857143,140,-0.1525547192630871,-3.756560798762049,-0.1838131563605205,-0.1616748301828326,0.703581537089585,0.6172839506172839,162,-0.1314795101247382,,81.0,3,False,False,,False,3,False
gap_up_chase,194,3.5,3.5,90,5.5,-4.0,-0.2061822750284611,-0.0051077194332797,-0.2308870672143234,0.9872501665871454,0.4631901840490797,326,-0.0242815090151485,-2.7438685969884653,-0.2269207144171467,-0.298417911588814,0.6979100960480099,0.421455938697318,261,-0.2270918184816794,,130.5,3,False,False,,False,3,False
gap_up_chase,195,6.5,3.0,45,8.0,-1.0,-1.1069328484947427,-0.0523355061565612,-0.1752659776544161,0.8454890913229965,0.1597222222222222,144,-0.1029972957874205,-2.9592760993334832,-0.2250028490036007,-0.2627443635292098,0.6079732246955433,0.1485148514851485,202,-0.2027917899151821,,101.0,2,False,False,,False,2,False
gap_up_chase,196,6.5,3.0,60,2.5,-2.0,-1.5381218470922753,-0.2150840345347253,-0.3105053331733854,0.6098945642765787,0.40625,160,-0.2790840593503749,-3.9980068720425,-0.2697561925261996,-0.1806262445903589,0.659755311956538,0.4265402843601896,211,-0.1756126366163853,,105.5,3,False,False,,False,3,False
gap_up_chase,197,3.0,2.5,45,3.0,-4.0,-1.3315555651634856,-0.2016024393001573,-0.4330828762366301,0.7491115162226166,0.54375,480,-0.3515804995149041,-3.0115882246387624,-0.3818495045005053,-0.2958542530075981,0.6103953815427966,0.5520231213872833,346,-0.2840951185467555,,173.0,3,False,False,,False,3,False
gap_up_chase,198,1.5,2.5,45,6.5,-1.5,-1.3631113727821662,-0.2028242289699809,-0.4465311296077306,0.82505069210982,0.2175761871013465,1411,-0.3767622512829417,-2.1511887779130663,-0.6331726460389308,-0.4537029106043904,0.4930299549256299,0.1797583081570997,662,-0.4301710946502828,,331.0,2,False,False,,False,2,False
gap_up_chase,199,6.0,3.5,60,2.5,-2.5,-1.3726756694122932,-0.1652065096709718,-0.2958930562003254,0.6950847258588045,0.4666666666666667,165,-0.230985248850809,-3.556971557335989,-0.2196384847094958,-0.1836041222144507,0.7135602815940248,0.4951456310679611,206,-0.1475468596131219,,103.0,3,False,False,,False,3,False
