strategy,trial_id,p_ema_period,p_pullback_lookback_bars,p_proximity_pct,p_entry_window_end_bar,p_take_profit_pct,p_stop_loss_pct,train_calmar,train_sharpe,train_mdd,train_profit_factor,train_win_rate,train_total_trades,train_total_return,test_calmar,test_sharpe,test_mdd,test_profit_factor,test_win_rate,test_total_trades,test_total_return,overfit_ratio,monthly_trades,gates_passed,gate_calmar_ok,pass_stage1,error,pass_stage1_v1,gates_passed_v2,pass_stage1_v2
intraday_pullback,0,35,4,0.0,180,1.75,-2.25,-1.3279563533519485,-0.8735134597259702,-0.6650890933201083,0.6716547262765887,0.5317899101589495,5788,-0.6611531956508331,-1.6440997202803338,-1.5074481467677774,-0.6069331670890356,0.4353288949760071,0.4638171815488785,2363,-0.6041919347175426,,1181.5,3,False,False,,False,3,False
intraday_pullback,1,15,14,0.3,360,3.75,-1.0,-1.2302767439216271,-1.1510226092215727,-0.7675337222597205,0.6624468845766084,0.2193227710469089,9657,-0.766636046999033,-1.4282038439652118,-1.3167863435972555,-0.6999341382870453,0.4956754440680241,0.1739669421487603,4840,-0.6986134708111661,,2420.0,2,False,False,,False,2,False
intraday_pullback,2,10,12,1.3,60,1.0,-2.75,-1.2637192062733449,-0.9764271874130914,-0.7338882530426585,0.5647652226701163,0.6880699088145896,5264,-0.7333990235929305,-1.9954677662240543,-1.0951310018502127,-0.495086062216571,0.4079670647119675,0.6195711929631665,1819,-0.4862604808757406,,909.5,3,False,False,,False,3,False
intraday_pullback,3,15,6,0.0,300,1.75,-1.0,-1.0385962819173948,-2.5702006685430803,-0.9613216108708466,0.4784315326644485,0.3147641603842818,14989,-0.9613177862779716,-1.1400046836600697,-3.1983906786662653,-0.8771885781443688,0.3339618697151958,0.2686353211009174,6976,-0.8771885781443689,,3488.0,2,False,False,,False,2,False
intraday_pullback,4,25,6,1.4,330,2.0,-3.0,-1.4622810387391814,-0.4644040622213183,-0.4513857252229182,0.8059886958115149,0.5953746862674794,5578,-0.419441130771754,-1.934201238481168,-1.0360348154882413,-0.511122385631001,0.5778026047087949,0.5103448275862069,2610,-0.4907679902686807,,1305.0,3,False,False,,False,3,False
intraday_pullback,5,40,15,0.5,240,2.25,-2.0,-1.3478763856140068,-0.8139256761131112,-0.6376083269775478,0.7048804602944412,0.460272684532205,6381,-0.6279640895712433,-1.698209428919306,-1.5176176910200372,-0.5871800183678647,0.4650308944397688,0.3781512605042016,2856,-0.5868574051259214,,1428.0,3,False,False,,False,3,False
intraday_pullback,6,15,6,1.0,90,1.25,-1.5,-1.0625275960871972,-1.8442766618359931,-0.9372820639890768,0.4781066708129794,0.4842152567127289,8901,-0.9372584264891528,-1.357613637711668,-2.1557996732129654,-0.7364752292641911,0.3540927715490161,0.4206466923761495,3371,-0.7346041469609899,,1685.5,3,False,False,,False,3,False
intraday_pullback,7,10,8,1.1,330,2.0,-3.0,-1.4831220358600954,-0.4414471325962421,-0.4347393774265782,0.8165271720949494,0.5941901408450704,5680,-0.4064324221544084,-1.92385112444172,-1.0425579396664095,-0.5136154388337018,0.5821539111041217,0.5136430678466076,2712,-0.4874968610197155,,1356.0,3,False,False,,False,3,False
intraday_pullback,8,35,10,0.3,240,1.25,-1.0,-1.0175262813428063,-3.017113436499712,-0.9824517317337302,0.3948355414698159,0.3628268947626726,14263,-0.9824151725875522,-1.0967369987357338,-3.4589953115749297,-0.91179553481352,0.2495950767092643,0.3141831238779174,6684,-0.911785362270934,,3342.0,2,False,False,,False,2,False
intraday_pullback,9,20,13,1.1,330,1.75,-2.75,-1.4066329886403277,-0.614341163731734,-0.5485157734501627,0.760617067639989,0.5954847688263492,6467,-0.5248385980254302,-1.8620310818268777,-1.0517349561465008,-0.5331191939182225,0.5660844307884891,0.5116436044549443,2963,-0.5236332135959928,,1481.5,3,False,False,,False,3,False
intraday_pullback,10,10,13,0.7000000000000001,180,1.25,-2.25,-1.2173880607522076,-1.248672053354685,-0.7807795523523688,0.5792695677633519,0.5962302859340941,7799,-0.7801782304528602,-1.4815482097609662,-1.7623725870041933,-0.6745534339692809,0.3599624409890096,0.4985888993414863,3189,-0.6719428848793609,,1594.5,3,False,False,,False,3,False
intraday_pullback,11,40,4,1.2000000000000002,180,2.75,-1.75,-1.39595978362191,-0.7110471567895225,-0.5915175422308565,0.7382665326940772,0.3910692482121053,5733,-0.5854333224379562,-1.696102109978516,-1.2897638049898488,-0.5878723568660542,0.4898305114907925,0.3186767169179229,2388,-0.5854886863552673,,1194.0,2,False,False,,False,2,False
intraday_pullback,12,15,8,1.1,150,3.5,-2.0,-1.4173323278061458,-0.4492708001557126,-0.4662472439836644,0.8081013457954938,0.3842058562555457,4508,-0.4201081026365943,-2.0013140894795707,-1.0841393951212812,-0.4936615067265855,0.5334804647253816,0.296692607003891,2056,-0.4865397437224119,,1028.0,2,False,False,,False,2,False
intraday_pullback,13,35,13,0.2,330,3.5,-2.5,-1.1686014183076765,-0.2040393653158008,-0.3273608217257387,0.9071410546960332,0.4510678244543534,4261,-0.2157249110179151,-2.2043597786240485,-0.6751493440209243,-0.4377972500167645,0.6503631531385861,0.358472553699284,2095,-0.3969721406127718,,1047.5,3,False,False,,False,3,False
intraday_pullback,14,30,14,0.7000000000000001,120,2.75,-1.5,-1.3227158856661327,-0.7994458096179109,-0.6612192455736158,0.6967171151632991,0.3524296675191816,5865,-0.6487943389384216,-1.7663813008724767,-1.3744947428707297,-0.5637791125485625,0.4572840755356219,0.2791817087845968,2493,-0.562644680615974,,1246.5,2,False,False,,False,2,False
intraday_pullback,15,20,13,0.7000000000000001,360,2.25,-3.0,-1.423911538459069,-0.3259216987414852,-0.3737899206192923,0.861323586853171,0.578836182062608,5207,-0.3181319536503892,-2.1651171760432555,-0.6466836293887404,-0.448027695638108,0.6743575822829336,0.4880478087649402,2510,-0.4107648328693729,,1255.0,3,False,False,,False,3,False
intraday_pullback,16,15,3,1.0,240,2.0,-2.75,-1.414062838871326,-0.5845309573812392,-0.5346462451034818,0.7581405684773921,0.5671140939597316,5662,-0.5088174370497727,-1.8087861394150355,-1.3274199143684955,-0.5496885567796533,0.5289964594896953,0.4849197023110067,2553,-0.5408496777901061,,1276.5,3,False,False,,False,3,False
intraday_pullback,17,15,12,1.0,150,3.5,-1.25,-1.299942616070705,-0.8743801983925895,-0.6890666049368297,0.6886035896118544,0.2653956725677107,6609,-0.6800016698869976,-1.5621105487372269,-1.5932236325806537,-0.6393917317461001,0.4060652967214211,0.2022046159145711,2903,-0.6373163144859338,,1451.5,2,False,False,,False,2,False
intraday_pullback,18,25,13,1.4,120,2.0,-2.5,-1.3911873185508974,-0.5984633223058136,-0.5543120723513397,0.7427670386854192,0.5417675544794189,4956,-0.5244106156491717,-2.098078664388741,-0.9730068914340322,-0.4686061106736369,0.5318230643048859,0.4600301659125188,1989,-0.4598739969369341,,994.5,3,False,False,,False,3,False
intraday_pullback,19,15,14,0.8,330,2.5,-1.5,-1.2560850620136623,-1.0928638135781548,-0.7395682588288295,0.6791988724981279,0.3651160106198776,8663,-0.7362503028319372,-1.4737161822548266,-1.7169604261849256,-0.6781856140273034,0.4625659415045465,0.297713717693837,4024,-0.6778222424775631,,2012.0,2,False,False,,False,2,False
intraday_pullback,20,20,6,0.4,300,2.75,-2.75,-1.4125296422795506,-0.3074495132892781,-0.3620518948674258,0.8667459127254314,0.5175585284280937,4784,-0.3029910206619955,-2.099586444630375,-0.8575960234860049,-0.4662197204262161,0.6000571205383648,0.4285073957866427,2231,-0.4410025812993955,,1115.5,3,False,False,,False,3,False
intraday_pullback,21,40,3,0.3,120,3.5,-2.5,-1.3362764123767754,-0.1950499984554088,-0.2946623156111877,0.8895275942662539,0.4494001845585973,3251,-0.2229243976491832,-2.1923676939998424,-0.9106008445609806,-0.4441513960008213,0.5393929456863088,0.3574115876598946,1329,-0.4223939019121302,,664.5,3,False,False,,False,3,False
intraday_pullback,22,40,13,1.3,330,1.25,-1.5,-1.0781050992161172,-2.074086941130724,-0.9215843640532349,0.5133797973548144,0.4800770712909441,12975,-0.9213706354660538,-1.2138567600609644,-2.5380504924866525,-0.8238117524328944,0.358062663246375,0.4212692967409948,5830,-0.8223984695245798,,2915.0,3,False,False,,False,3,False
intraday_pullback,23,25,12,1.4,300,2.0,-1.0,-1.0628928852707769,-2.245531664671893,-0.9369182076842514,0.5106325793600542,0.2919985385458531,13685,-0.9369182076842514,-1.1806034142632007,-2.788651442576433,-0.847021162595981,0.3423245799197818,0.2459619382696306,6253,-0.8469758134108323,,3126.5,2,False,False,,False,2,False
intraday_pullback,24,40,3,0.3,360,3.0,-2.0,-1.4559465110778405,-0.449872558728434,-0.4547789878407648,0.8187448543236722,0.418075911311537,5322,-0.4212349986931252,-2.049896992287481,-0.770838947291915,-0.4797728268480189,0.6445122778451875,0.3506172839506173,2430,-0.4613980749196036,,1215.0,3,False,False,,False,3,False
intraday_pullback,25,40,13,1.0,90,2.0,-1.5,-1.201025145548368,-1.1182320553706289,-0.7963662601110584,0.6131202663132564,0.403822249844624,6436,-0.7939068449622861,-1.5282415442792403,-1.6106899703735855,-0.6537380935628944,0.3782574742083895,0.3231531159719356,2423,-0.6509508082200093,,1211.5,2,False,False,,False,2,False
intraday_pullback,26,15,10,0.0,180,3.0,-2.5,-1.3545159809557048,-0.2990929655996962,-0.3764143417916028,0.863023387975813,0.476659629368989,4263,-0.3018776793681453,-1.9786352099887003,-1.1276591066287414,-0.4992725021798727,0.5015277312875756,0.3710099424385139,1911,-0.4859393666833305,,955.5,3,False,False,,False,3,False
intraday_pullback,27,30,4,0.9,360,3.0,-2.25,-1.4679701913621004,-0.4151284794500035,-0.4276785046418529,0.8356483444084175,0.448405253283302,5330,-0.3923219231602912,-2.070483621314714,-0.7555131420915084,-0.4738603644972183,0.6559475056912499,0.3736842105263158,2470,-0.4504191166602229,,1235.0,3,False,False,,False,3,False
intraday_pullback,28,15,8,0.5,300,4.0,-1.0,-1.241858538623965,-1.1061400794366023,-0.7543751158124316,0.661474476848494,0.2060290609412275,9222,-0.7513975895320122,-1.3863838964305362,-1.970000413675768,-0.7211425916271276,0.4320451664149453,0.160919540229885,4437,-0.7192506904246061,,2218.5,2,False,False,,False,2,False
intraday_pullback,29,10,12,1.0,270,1.0,-2.75,-1.2416955479583385,-1.2184701290532127,-0.7563017755437914,0.5757573007395625,0.68204833141542,8690,-0.7559391573498405,-1.5693679896391215,-1.6007879725777,-0.6363252554358102,0.4187393747883561,0.615714668812014,3729,-0.629909504862689,,1864.5,3,False,False,,False,3,False
intraday_pullback,30,20,15,0.9,150,1.0,-2.25,-1.1694404002483425,-1.4248352727848048,-0.8295602125623586,0.5251425316276936,0.6342892007321538,8195,-0.8295365666057178,-1.5058644927116052,-1.9579528810273708,-0.6635859390895444,0.3440346180221611,0.5487163625115992,3233,-0.6635164677511176,,1616.5,3,False,False,,False,3,False
intraday_pullback,31,30,4,0.2,270,1.25,-1.0,-1.020840801264384,-3.025531382785396,-0.9791312518898936,0.4037975624906819,0.3589468412391786,13977,-0.9791312518898936,-1.1078987726888658,-3.398026874074923,-0.9026093537562618,0.2784669018857043,0.3239715843383446,6053,-0.9019659518981477,,3026.5,2,False,False,,False,2,False
intraday_pullback,32,40,5,0.4,360,2.75,-1.0,-1.128761619651609,-1.6248338909470832,-0.8706090214773877,0.5833772145027599,0.2556929082628497,10759,-0.8706090214773876,-1.2621058783951005,-2.139423027288462,-0.7923009214682731,0.4149256117548155,0.2123781263247138,4718,-0.7896625259384069,,2359.0,2,False,False,,False,2,False
intraday_pullback,33,15,7,1.3,150,3.0,-2.25,-1.329011135002133,-0.3363204182144028,-0.4275148177459091,0.8599691268788018,0.4429616874730951,4646,-0.345049853243589,-2.1947998597572456,-0.9777494513820638,-0.4449657800189544,0.5846131363189342,0.3632793323514973,2037,-0.4323798757039719,,1018.5,3,False,False,,False,3,False
intraday_pullback,34,35,7,1.2000000000000002,360,3.5,-1.75,-1.4104411314698946,-0.4962293723103012,-0.4979371509013481,0.8148023744185026,0.355506904681711,5938,-0.4570083859986851,-1.7068082459486196,-1.2441063681872386,-0.5838698276085643,0.5337937180841567,0.277183293061788,2897,-0.5747484651506567,,1448.5,2,False,False,,False,2,False
intraday_pullback,35,25,11,1.4,90,1.75,-2.25,-1.339793936166951,-0.761175131843299,-0.6464870198066927,0.6875638837446376,0.5432306255835667,5355,-0.6370656831433237,-1.7811590343087924,-1.3245257655369176,-0.5589677629566577,0.4099997784930168,0.4428429423459245,2012,-0.5589463259898461,,1006.0,3,False,False,,False,3,False
intraday_pullback,36,10,8,0.0,330,3.0,-2.25,-1.4885069464807086,-0.4029728164211227,-0.4142665403562519,0.8419596752400528,0.4470373746581586,5485,-0.3831893974069928,-1.918662240611448,-0.9712755362769896,-0.5155515115539697,0.5846885689419459,0.3629825889477668,2642,-0.4945954161425202,,1321.0,3,False,False,,False,3,False
intraday_pullback,37,30,6,0.0,90,3.75,-3.0,-0.2245011791250762,-0.0202650859693656,-0.2451228939302231,0.9923722487104863,0.4870349492671927,2661,-0.0281228413409541,-2.482744535694199,-0.7261644073625068,-0.3807617284804334,0.5714485543757581,0.3881278538812785,1095,-0.3548574861473202,,547.5,3,False,False,,False,3,False
intraday_pullback,38,15,4,0.1,210,1.25,-1.0,-1.0143288639766357,-3.148151946516343,-0.9856561769964164,0.3878279961491568,0.3637444903099419,14293,-0.9856390290076752,-1.0960472684013471,-3.634745624731344,-0.912369317534276,0.2844948175354758,0.3200601051840721,6655,-0.9117781196645603,,3327.5,2,False,False,,False,2,False
intraday_pullback,39,15,7,1.5,150,3.0,-2.5,-1.2261619309577674,-0.2904715870014102,-0.4131838088617584,0.872846814516388,0.4746317512274959,4277,-0.2995636333104668,-2.285224006505848,-0.8873787232754944,-0.4233338733921818,0.5951639856246422,0.389215162840363,1873,-0.4032710942810762,,936.5,3,False,False,,False,3,False
intraday_pullback,40,35,12,1.5,150,4.0,-1.25,-1.326934620819853,-0.7315377483167906,-0.6430605238235572,0.7150164079621112,0.2492087289688489,6003,-0.6198908487182573,-1.566544441984942,-1.535304627606526,-0.6375274809728043,0.402836579145869,0.1828635014836795,2696,-0.6335335477946881,,1348.0,2,False,False,,False,2,False
intraday_pullback,41,40,9,0.6000000000000001,90,1.25,-1.5,-1.0808662450361437,-1.7295196507794377,-0.9188015284079892,0.4923632052452588,0.4901369518783767,7959,-0.9185672454446536,-1.3615889536164687,-2.144197338563785,-0.73432196707566,0.3160800879981502,0.4077503429355281,2916,-0.7335217354889265,,1458.0,3,False,False,,False,3,False
intraday_pullback,42,20,9,1.3,270,3.75,-3.0,-0.6357418036114875,-0.0648364106569253,-0.229769983033109,0.9692810230017616,0.4845119812974868,3422,-0.0764979192323277,-2.255292631786237,-0.7726874442930667,-0.4256265734979875,0.6236140978265856,0.387683284457478,1705,-0.3843375537917604,,852.5,3,False,False,,False,3,False
intraday_pullback,43,35,13,0.3,60,2.5,-1.75,-1.3380500108694442,-0.6576996397961404,-0.6306758846793503,0.71349719718289,0.4136125654450261,4393,-0.6077757025283944,-2.0656505545450465,-1.0297297467985376,-0.4771763213023446,0.4603605750372462,0.3396464646464646,1584,-0.4728550475557613,,792.0,2,False,False,,False,2,False
intraday_pullback,44,40,4,0.7000000000000001,150,1.75,-1.0,-1.045823658498626,-2.2078805049972905,-0.9540664118402732,0.4719782376048057,0.3150792869102728,10153,-0.9540664118402732,-1.2002438204986017,-2.7079864239653406,-0.8331582107017611,0.3294708079060569,0.2709113607990012,4005,-0.832994555979718,,2002.5,2,False,False,,False,2,False
intraday_pullback,45,25,5,1.3,120,2.0,-1.25,-1.1105479642425435,-1.5642007159109563,-0.8889635879142938,0.551479132171375,0.3556350213404083,8669,-0.8889635879142936,-1.3461709104715034,-2.1443946965666623,-0.7427486103968547,0.3781014163930396,0.2916912197996464,3394,-0.7395578324587991,,1697.0,2,False,False,,False,2,False
intraday_pullback,46,15,4,1.4,300,1.25,-3.0,-1.3352167039559664,-0.8877697453974044,-0.6515616811358271,0.68548715244368,0.668717277486911,7640,-0.6423189649229614,-1.6322378508128932,-1.6137871644644928,-0.6114387289722767,0.4650773669932893,0.6046578493387004,3478,-0.6086449051488207,,1739.0,3,False,False,,False,3,False
intraday_pullback,47,35,11,0.0,90,4.0,-2.25,-1.066684587862387,-0.1915542049671325,-0.3660162937087138,0.8971576902993628,0.397475369458128,3248,-0.2207785705698295,-2.178481696614769,-0.8949553868775562,-0.447947052834983,0.5061873833324184,0.2975018925056775,1321,-0.4296135442252167,,660.5,2,False,False,,False,2,False
intraday_pullback,48,15,9,1.5,270,1.75,-1.5,-1.148846948230113,-1.5802837501202815,-0.8500822716738856,0.589727104735519,0.4214725105728566,10404,-0.8493387343345985,-1.3254785331048669,-2.251277924244996,-0.7543761196275431,0.4063876609421031,0.3562222691738855,4733,-0.7543057681617382,,2366.5,3,False,False,,False,3,False
intraday_pullback,49,10,5,1.2000000000000002,60,2.5,-2.0,-1.366725339722445,-0.6633746170984003,-0.6124714597980132,0.7198161375737394,0.443955075974455,4541,-0.5992627068096303,-2.174696471165105,-0.9867365047363788,-0.4501658860482237,0.5437644738320937,0.3816481589713618,1711,-0.4414245510742353,,855.5,3,False,False,,False,3,False
intraday_pullback,50,40,15,1.4,180,2.5,-1.0,-1.1106469191731556,-1.701060027282666,-0.8887462541309723,0.5448762412336021,0.2642798857609139,9804,-0.8882929607261069,-1.306041328115599,-2.4164509410441,-0.7656210710929915,0.3438388566024548,0.2019521264234255,4303,-0.7651274628373042,,2151.5,2,False,False,,False,2,False
intraday_pullback,51,35,14,1.5,120,1.75,-2.0,-1.3035983580829302,-0.8942732754522587,-0.6895939311917331,0.6617482872686292,0.5156427297779219,6169,-0.6850001916255861,-1.7109341739962898,-1.477238938613164,-0.5826912545481325,0.4205027742165884,0.4168694241686942,2466,-0.5824331015209248,,1233.0,3,False,False,,False,3,False
intraday_pullback,52,15,3,0.1,210,1.0,-3.0,-1.278219131000884,-1.0609977322095694,-0.718367406323381,0.5936907776398563,0.7004364502049993,7561,-0.7168742817317036,-1.65346573861845,-1.5477276230965809,-0.6034231866741829,0.4338175100417596,0.6427244582043343,3230,-0.600948493846102,,1615.0,3,False,False,,False,3,False
intraday_pullback,53,30,10,0.5,60,3.0,-2.75,-1.2121057549511498,-0.2141800116752591,-0.349196851441327,0.8778675797823213,0.5087890625,3072,-0.2422251076855149,-2.5088712849109047,-0.7144519392946918,-0.3768178948971785,0.5540818638800369,0.4006878761822872,1163,-0.3549527260354669,,581.5,3,False,False,,False,3,False
intraday_pullback,54,40,5,0.2,330,1.25,-2.25,-1.2463200747947534,-1.1817259295579263,-0.75138234082827,0.6189450005124338,0.5968819599109132,8531,-0.7506761529242653,-1.515817484281809,-1.7247546044706588,-0.6591426855676391,0.4586783481014753,0.5343595382078065,3638,-0.6550618220975906,,1819.0,3,False,False,,False,3,False
intraday_pullback,55,25,4,0.7000000000000001,330,3.25,-3.0,-0.7671486777678511,-0.0919324075145574,-0.2540527574830517,0.9595604160674528,0.5178433889602054,3895,-0.1034958082547059,-2.24374013718444,-0.6685058348895666,-0.4287613234203415,0.6542738404056667,0.419811320754717,1908,-0.3893527545936168,,954.0,3,False,False,,False,3,False
intraday_pullback,56,30,4,1.3,360,3.25,-1.0,-1.1740037679537632,-1.3288307211873276,-0.8249628463513486,0.6296597835519209,0.2355542736275358,10401,-0.8249628463513486,-1.278512878623643,-2.028872227773885,-0.7821259041693287,0.4201801145536158,0.1913137893593919,4605,-0.7812492597660294,,2302.5,2,False,False,,False,2,False
intraday_pullback,57,20,7,0.6000000000000001,360,3.75,-1.75,-1.4085606626826723,-0.4271935873050111,-0.4602482895015428,0.8346922687090503,0.3475043029259896,5810,-0.4094006354911745,-1.8122809473244184,-0.942713468335002,-0.5483903956530836,0.5750131963641865,0.2748344370860927,3020,-0.5357950760977768,,1510.0,2,False,False,,False,2,False
intraday_pullback,58,15,7,1.2000000000000002,120,3.5,-2.0,-1.3890627470654788,-0.3695863412485303,-0.4328578997436528,0.8328797851502452,0.3905449464368887,4294,-0.3708465034318684,-2.318461419058527,-0.9185146331311972,-0.4175279126929345,0.5925816929538213,0.3133543638275499,1902,-0.4049679785896971,,951.0,2,False,False,,False,2,False
intraday_pullback,59,25,8,0.2,60,2.75,-2.75,-1.3023286101336968,-0.2706888551635522,-0.3884319091496647,0.852970768810249,0.5269406392694064,3285,-0.2990170220424445,-2.502179259655246,-0.7374251908878905,-0.3768961481089793,0.5913792761748986,0.4169976171564734,1259,-0.3508831667059847,,629.5,3,False,False,,False,3,False
intraday_pullback,60,10,11,0.6000000000000001,300,2.0,-2.5,-1.414400780249997,-0.641689516033414,-0.5433585051252302,0.764893991450818,0.5418765743073047,6352,-0.5216688810447743,-1.760097539277147,-1.2057401535217924,-0.5658855768009107,0.5105019358865717,0.4667126595377716,2899,-0.5653102897895665,,1449.5,3,False,False,,False,3,False
intraday_pullback,61,20,4,0.7000000000000001,210,2.0,-2.5,-1.3523765966149122,-0.8157397148602111,-0.6367201340474443,0.6978799737980662,0.5337506344104213,5911,-0.6301955440545131,-1.674598613403669,-1.4393130771239873,-0.5954523231268563,0.4794441241221123,0.4557251908396946,2620,-0.5866167571384244,,1310.0,3,False,False,,False,3,False
intraday_pullback,62,25,11,0.9,330,4.0,-1.0,-1.2501197618253923,-1.072621976772418,-0.7438821933837954,0.6695469425220338,0.2093425605536332,9248,-0.7380925329941161,-1.3948461287670015,-1.8023471994573408,-0.7167517674486193,0.4310884347948282,0.1616093504158237,4449,-0.7151695862290526,,2224.5,2,False,False,,False,2,False
intraday_pullback,63,10,13,0.9,360,1.25,-2.5,-1.2570937931574042,-1.1284210109266746,-0.7404464659421363,0.6370093298035556,0.6240266963292548,8990,-0.7397345103476713,-1.5907351466859982,-1.127092909560487,-0.627694362328905,0.5167564592307186,0.5528395061728395,4050,-0.6247079361531787,,2025.0,3,False,False,,False,3,False
intraday_pullback,64,20,4,0.3,300,1.5,-2.0,-1.2071622639336237,-1.2817191463339963,-0.7902361327058486,0.627991732977904,0.5293614290298427,9349,-0.7879968543649032,-1.4039909431410944,-1.9941490497504477,-0.71206129050109,0.4359508573412547,0.4612546125461255,4065,-0.7099644817369173,,2032.5,3,False,False,,False,3,False
intraday_pullback,65,20,12,0.6000000000000001,210,1.75,-2.0,-1.2693393681625056,-1.074623407928395,-0.7277626060162147,0.649490502083283,0.5054362598532209,7358,-0.7267219397922298,-1.5371829762827856,-1.615719300786968,-0.6498613792780604,0.4298948575339301,0.4209547427154371,3226,-0.644820063880114,,1613.0,3,False,False,,False,3,False
intraday_pullback,66,30,10,0.8,60,1.25,-1.5,-1.0783335130209175,-1.6480050051887825,-0.9213570446932484,0.4839148683321355,0.4862641398560305,6807,-0.9211577144318236,-1.499692650301131,-1.830125307369881,-0.6663377447649395,0.3323297614396698,0.4190836485918453,2379,-0.6657353357487994,,1189.5,3,False,False,,False,3,False
intraday_pullback,67,40,7,0.1,60,2.25,-2.5,-1.421144493200226,-0.4646959658134422,-0.5040702653633757,0.7602069855302157,0.5267045454545455,3520,-0.4700745940402802,-2.487295061699167,-0.8406125815098954,-0.3853301963871319,0.5499599325085772,0.4445288753799392,1316,-0.3809567914067355,,658.0,3,False,False,,False,3,False
intraday_pullback,68,35,7,0.5,270,3.0,-1.5,-1.3284591878213738,-0.7995178115087592,-0.6485279356809045,0.7223171026012943,0.3347529812606473,7044,-0.6308098167602245,-1.549379679787508,-1.6744080671022294,-0.6447062930106802,0.4561662679469113,0.2656397359320968,3181,-0.6417651038296895,,1590.5,2,False,False,,False,2,False
intraday_pullback,69,30,3,0.3,90,3.75,-2.5,-1.2578999561299011,-0.2298446711031076,-0.3592217148613439,0.8692830545161382,0.4341846758349705,3054,-0.2614028719467303,-2.322286237175686,-0.8359836183964404,-0.415276679740136,0.5437317220692763,0.3469899665551839,1196,-0.3952389309013338,,598.0,2,False,False,,False,2,False
intraday_pullback,70,30,3,1.1,330,3.0,-2.5,-1.4777596436369984,-0.2630470665674974,-0.3134746503245432,0.8882384875834137,0.4790658531453818,4753,-0.2691677650337976,-2.13483536535446,-0.7071447464432894,-0.4570902019057714,0.6451348373816562,0.4001831501831502,2184,-0.4294992124876651,,1092.0,3,False,False,,False,3,False
intraday_pullback,71,25,5,0.1,180,2.25,-3.0,-1.388985151629569,-0.319029903114733,-0.3740376832032727,0.8527268579772368,0.5859269282814614,4434,-0.3088558461137932,-2.095181685450247,-1.0089759477955869,-0.4683164256742004,0.5511306342338381,0.4928352098259979,1954,-0.4508056070700977,,977.0,3,False,False,,False,3,False
intraday_pullback,72,20,6,0.7000000000000001,360,1.25,-1.75,-1.1209110607835633,-1.7249689004235234,-0.878415620382846,0.5707058797335891,0.5263539068158043,12427,-0.8780445505401961,-1.3111008014085404,-1.9035131854295235,-0.7626602377263456,0.4593386956310407,0.4721638655462185,5712,-0.7609631297173561,,2856.0,3,False,False,,False,3,False
intraday_pullback,73,40,11,1.3,330,3.75,-2.5,-1.0564051424887129,-0.158108586518913,-0.2986835412279591,0.9272259968164204,0.4378524148075509,4079,-0.1739171834700433,-2.3943101551780144,-0.5732234570649792,-0.3959284829605832,0.6875720741984205,0.3523523523523523,1998,-0.359657695662305,,999.0,3,False,False,,False,3,False
intraday_pullback,74,15,5,0.5,240,1.0,-2.5,-1.178188153955274,-1.4625156989743304,-0.8204216669432983,0.5585303006001613,0.6554046942427113,9501,-0.8197221357031604,-1.4501138344206002,-1.977918565245683,-0.6892862890496507,0.4010574795880011,0.5963346997829756,4147,-0.6864889290067173,,2073.5,3,False,False,,False,3,False
intraday_pullback,75,35,8,1.3,360,3.75,-2.25,-1.365862684057199,-0.2589030647922999,-0.3447180354856097,0.8864355919443572,0.4077669902912621,4532,-0.2743993543550108,-1.968525533607074,-0.8643265233951305,-0.5005875150977626,0.6049597406391919,0.3182601205857019,2322,-0.4714215979213005,,1161.0,2,False,False,,False,2,False
intraday_pullback,76,20,5,0.3,240,1.0,-1.25,-1.022229782781596,-2.9182968592561185,-0.9777365018057972,0.4023786636286005,0.4611485313519894,14401,-0.9776862908674472,-1.1259102417416484,-3.457590880468085,-0.8881698049558534,0.3062865254838198,0.4146747352496218,6610,-0.8871665944691766,,3305.0,3,False,False,,False,3,False
intraday_pullback,77,15,6,1.4,210,2.0,-2.25,-1.3416671776324474,-0.8287417493222191,-0.6394144477720538,0.7087477871914459,0.5127853881278539,6570,-0.6259212841244446,-1.7702014981265697,-1.3684970792091533,-0.5623138097549926,0.5144618563352668,0.4319609211444522,2866,-0.5559477724422335,,1433.0,3,False,False,,False,3,False
intraday_pullback,78,15,3,0.6000000000000001,240,2.25,-2.0,-1.310619239622122,-0.9046020774085366,-0.6779264716716652,0.698185421044063,0.4555050579093974,6821,-0.6689832629122126,-1.5931098761186546,-1.602002394207502,-0.6266510949936552,0.4880132306780647,0.3914590747330961,3091,-0.6185511963843924,,1545.5,3,False,False,,False,3,False
intraday_pullback,79,40,4,0.8,210,3.5,-1.0,-1.1999583723950713,-1.2150814564506356,-0.7984093201201965,0.6212833542841846,0.2188010556742491,7957,-0.7977636772907902,-1.3389078935507366,-1.973730288904973,-0.7467879897431267,0.3904282403796248,0.1762762762762763,3330,-0.7437978655820838,,1665.0,2,False,False,,False,2,False
intraday_pullback,80,25,13,1.0,60,1.25,-2.0,-1.1675722818423224,-1.249948332800258,-0.8310804159757967,0.5146328261130946,0.5682346628510105,5591,-0.8301853704674078,-1.7649456753188402,-1.3236216815153663,-0.564166385792717,0.3638257958000312,0.4854881266490765,1895,-0.5606703739625662,,947.5,3,False,False,,False,3,False
intraday_pullback,81,15,12,0.8,60,1.25,-1.5,-1.0769098194446556,-1.6416077632496462,-0.9228175118845748,0.4692045673282204,0.486249442544968,6727,-0.922777382991379,-1.5155975895054117,-1.794213413885808,-0.6592828090861755,0.3236167528870729,0.4198375374091492,2339,-0.6592828090861755,,1169.5,3,False,False,,False,3,False
intraday_pullback,82,20,14,1.0,240,3.25,-1.0,-1.1667291389884855,-1.4170181320658577,-0.8317026241063323,0.5960877306845876,0.2260718925941966,9236,-0.8302581971789841,-1.3661947002733823,-2.0470068858790875,-0.7318359244936876,0.3845079017221326,0.1789693593314763,4308,-0.7299549520771974,,2154.0,2,False,False,,False,2,False
intraday_pullback,83,10,9,0.6000000000000001,180,1.0,-1.5,-1.0440957399021404,-2.3995191351926977,-0.9557782229992684,0.4383289324833362,0.5159976730657359,12033,-0.9555398609406284,-1.186940044767781,-2.9905582787517164,-0.8424984085371106,0.2831851553785395,0.4461479494059026,5218,-0.8417542547646675,,2609.0,3,False,False,,False,3,False
intraday_pullback,84,10,11,0.6000000000000001,210,2.5,-2.75,-1.388343205858429,-0.3775515036409621,-0.4295079189255949,0.8360052550373512,0.5321841588479163,4583,-0.3669125131541582,-1.971124939998899,-1.014424900240535,-0.5002925050130785,0.535690931119204,0.4450895016932752,2067,-0.4754411023235045,,1033.5,3,False,False,,False,3,False
intraday_pullback,85,35,8,1.0,360,1.25,-2.0,-1.1623553728162106,-1.4425609248442115,-0.8367083629795427,0.5896558588344224,0.5630252100840336,10829,-0.8366740139383919,-1.4402483868913534,-1.4633918526095684,-0.6940463291936113,0.5053331362982508,0.4985367892976589,4784,-0.6925613834463924,,2392.0,3,False,False,,False,3,False
intraday_pullback,86,30,7,1.3,210,2.5,-2.0,-1.3622834035259324,-0.693753346904168,-0.5988131444472343,0.7523593188754857,0.4412402067011168,5999,-0.5736317202940519,-1.7149898355468922,-1.4401283437886516,-0.5812276041318716,0.4927799676164907,0.3631618195376584,2682,-0.5794631520485325,,1341.0,3,False,False,,False,3,False
intraday_pullback,87,30,5,0.6000000000000001,240,3.5,-1.5,-1.369450505749704,-0.7344123354662035,-0.6085045772912164,0.7204017100244927,0.30471186997209,6091,-0.5946239830980491,-1.5592627992075676,-1.4629221051091408,-0.6403249360580398,0.4786627919670837,0.2428977272727272,2816,-0.6224653998169185,,1408.0,2,False,False,,False,2,False
intraday_pullback,88,35,14,0.5,330,3.25,-2.0,-1.4199139706090853,-0.4686807174153604,-0.4703741044294143,0.8132323274749451,0.4004432951606945,5414,-0.4262260866506232,-1.8846961716695976,-0.9285095373562996,-0.5255874429289628,0.5848601376881254,0.3199700262270513,2669,-0.5050619123419465,,1334.5,2,False,False,,False,2,False
intraday_pullback,89,25,11,0.0,180,2.0,-2.25,-1.3666119662384908,-0.7745953827444045,-0.6177814521753242,0.7123973779037633,0.5102683007618417,6038,-0.6082718799921393,-1.6913760346203115,-1.440904019358891,-0.5896256629321049,0.4241372427959551,0.4221085759244689,2542,-0.5896256629321048,,1271.0,3,False,False,,False,3,False
intraday_pullback,90,25,15,1.0,270,2.75,-1.25,-1.2209803507036368,-1.191458277332075,-0.7766979065432031,0.6467228684047549,0.3003970504821327,8815,-0.7753528958972841,-1.4358847860765298,-1.9793374336424547,-0.696173009293744,0.4308653694715063,0.2410343986338131,4099,-0.6955474889262143,,2049.5,2,False,False,,False,2,False
intraday_pullback,91,35,6,1.5,120,3.5,-2.75,-0.813256849162746,-0.1053037883766219,-0.2834474923123827,0.9434934107188444,0.4801365611421477,3222,-0.1237090677479068,-2.337485813650757,-0.808934648094227,-0.4127822020766353,0.5821493585492538,0.3696275071633237,1396,-0.3964784795873615,,698.0,3,False,False,,False,3,False
intraday_pullback,92,20,11,1.0,90,4.0,-2.25,-1.1701500273710177,-0.2018189650570595,-0.3446913200971828,0.8925003116170928,0.3981873111782477,3310,-0.2291439508383403,-2.169020612286357,-0.9096337081969073,-0.4503722396863501,0.5053794885541602,0.3049853372434017,1364,-0.4333205075880517,,682.0,2,False,False,,False,2,False
intraday_pullback,93,35,7,0.7000000000000001,150,1.5,-3.0,-1.408016237635746,-0.6088782544427676,-0.5438386351595191,0.7394585302937446,0.6466836734693877,5488,-0.518768747323495,-1.9433898217580847,-1.172538510548056,-0.5096701096370531,0.5059608513031271,0.5622775800711743,2248,-0.5043920419881396,,1124.0,3,False,False,,False,3,False
intraday_pullback,94,10,6,1.5,330,4.0,-2.75,-0.6175832747103255,-0.0725702052976142,-0.2618877448033498,0.9676251664785052,0.4511237476306526,3693,-0.0850739902560074,-2.305963948172231,-0.6554297140708785,-0.4128352782522971,0.656964328854076,0.3591130340724716,1849,-0.367351655738495,,924.5,3,False,False,,False,3,False
intraday_pullback,95,25,9,0.6000000000000001,240,2.75,-1.5,-1.2763118610298387,-1.025410123918297,-0.7167948274930493,0.6712350964346331,0.343497031840259,7412,-0.7110402100462305,-1.5313770582009152,-1.7264142471100887,-0.6524042153416509,0.4396286642318775,0.2763541059988352,3434,-0.6513557833071129,,1717.0,2,False,False,,False,2,False
intraday_pullback,96,15,5,0.0,90,4.0,-1.5,-1.3993573310780394,-0.5191655213354748,-0.537813134389559,0.767631561913277,0.2938368956214982,4819,-0.5053487449175013,-1.906813493975647,-1.0972046045564,-0.5194246756881784,0.5184433286404435,0.2329659318637274,1996,-0.5040648503672538,,998.0,2,False,False,,False,2,False
intraday_pullback,97,15,5,1.4,60,3.0,-2.25,-1.4848050496929468,-0.4241492083431631,-0.4553201799724521,0.7875066968407263,0.4442666666666666,3750,-0.4333843863253231,-2.3853614885547763,-0.8086639924945916,-0.4027329783973979,0.5732936360143706,0.3686797752808989,1424,-0.3860913939819475,,712.0,3,False,False,,False,3,False
intraday_pullback,98,40,4,1.4,120,4.0,-1.25,-1.394565553496601,-0.6174399734303155,-0.5830984212507886,0.7406877012105163,0.2548112509252405,5404,-0.5706282910279059,-1.5607441618754474,-1.5201978395235172,-0.6399245642749815,0.4337368068965009,0.1877514528386231,2237,-0.6354272919760495,,1118.5,2,False,False,,False,2,False
intraday_pullback,99,35,11,1.0,270,3.25,-1.0,-1.1558756037969995,-1.4487484340125634,-0.843024545023335,0.5973002175985082,0.2257933691574571,9863,-0.8424080778937107,-1.3443198330053068,-2.0826507817753046,-0.7437788483896973,0.3984592479134128,0.1807548002648422,4531,-0.7426259551437443,,2265.5,2,False,False,,False,2,False
intraday_pullback,100,25,11,1.4,120,3.75,-1.25,-1.349619349387272,-0.7040050954303849,-0.6309838401823193,0.7180658896775985,0.2636011453596092,5937,-0.6176626834769038,-1.7428053085822643,-1.30043106117018,-0.5714716752336872,0.4762728206791585,0.2036321483771252,2588,-0.5644933854127941,,1294.0,2,False,False,,False,2,False
intraday_pullback,101,25,7,0.7000000000000001,360,2.0,-1.0,-1.057582654477914,-2.1793978166691037,-0.9422547965581226,0.5297001931002022,0.2954298150163221,14704,-0.9422547965581228,-1.1663552601617757,-2.348277674754082,-0.8573695206526953,0.3932419433545803,0.2505858230814294,6828,-0.8566051129504113,,3414.0,2,False,False,,False,2,False
intraday_pullback,102,25,13,0.7000000000000001,180,2.75,-2.75,-1.3041868099177238,-0.3002850664366938,-0.3910758547707345,0.8577830257219424,0.5148346303501945,4112,-0.302004550592951,-2.188795034462756,-0.8601896604996633,-0.4445978911188019,0.5678044800189006,0.4157488986784141,1816,-0.4203916614808078,,908.0,3,False,False,,False,3,False
intraday_pullback,103,35,7,0.7000000000000001,180,2.25,-1.75,-1.3120653337472137,-0.8302846743291996,-0.6676819642318629,0.716864841106584,0.4259397933203535,6677,-0.6508287086077311,-1.578291173672811,-1.6204558555931856,-0.6327284981792496,0.4500848627745286,0.3437830221909123,2839,-0.6299631210653198,,1419.5,2,False,False,,False,2,False
intraday_pullback,104,30,4,0.4,120,1.75,-1.5,-1.1543295114046257,-1.364118821786532,-0.84482176788288,0.5699952325740892,0.4273481402194273,7474,-0.8448217678828799,-1.36943582104714,-2.1031216212894592,-0.7301001780195987,0.3650524079329268,0.3535042735042735,2925,-0.7287636714114218,,1462.5,3,False,False,,False,3,False
intraday_pullback,105,35,5,0.6000000000000001,90,2.5,-1.5,-1.2715205743589104,-0.910210278875594,-0.724411691797474,0.6517455423590202,0.3700035373187124,5654,-0.7219328414476187,-1.6835397563184746,-1.4275948230735005,-0.5921969370404783,0.45814814140719,0.2931839402427638,2142,-0.583277276558988,,1071.0,2,False,False,,False,2,False
intraday_pullback,106,20,11,1.4,240,1.0,-2.25,-1.1445344032639992,-1.637425922444849,-0.8546878791050998,0.5197730870212757,0.6296975252062328,9819,-0.8546426060747413,-1.417543514460076,-2.006095877051836,-0.70522987296861,0.3724580924777927,0.5642565457602691,4163,-0.7048368610549216,,2081.5,3,False,False,,False,3,False
intraday_pullback,107,40,9,1.2000000000000002,330,3.75,-3.0,-0.1050431881259444,-0.0074460399227445,-0.2259363725108982,1.0018729472736774,0.4887983706720977,3437,-0.0120319660272913,-2.2952822391191825,-0.6788381341583097,-0.4177393289157959,0.6449702409318425,0.3832951945080091,1748,-0.3818581774182952,,874.0,3,False,False,,False,3,False
intraday_pullback,108,40,15,1.2000000000000002,270,1.0,-1.75,-1.0896185724356977,-1.978425644049916,-0.910033913882145,0.473242631665568,0.5633420896534193,11801,-0.9100156760680542,-1.2854205464518589,-2.5982126544780977,-0.7779193812300955,0.340747958701579,0.5015631105900743,5118,-0.7778735203710612,,2559.0,3,False,False,,False,3,False
intraday_pullback,109,20,15,1.2000000000000002,240,3.0,-1.0,-1.1459341935264813,-1.4880721066021232,-0.8529572276395238,0.5830686474601775,0.2372740494494078,9626,-0.852019493865169,-1.3662994537534965,-2.149330998093621,-0.7317819600529295,0.3974732113810313,0.1864216894465606,4463,-0.7306636897849541,,2231.5,2,False,False,,False,2,False
intraday_pullback,110,40,12,0.7000000000000001,270,1.75,-2.0,-1.2719987072912886,-1.0629445320324868,-0.7242282106375468,0.6598335192031779,0.5038937827141581,7833,-0.7221335867558474,-1.5098539095716408,-1.6274955507592552,-0.6617753416330523,0.4356542063364945,0.4247404844290657,3468,-0.6577877782586674,,1734.0,3,False,False,,False,3,False
intraday_pullback,111,25,10,0.0,240,2.25,-1.5,-1.2193338439650805,-1.2347245823118915,-0.7781899237232239,0.6318986695032613,0.374747834341996,8427,-0.7765401926181362,-1.397292988057152,-2.0344991752468937,-0.7154952014615541,0.4009598257363885,0.311284046692607,3855,-0.714815215553353,,1927.5,2,False,False,,False,2,False
intraday_pullback,112,35,5,1.4,120,3.25,-1.0,-1.1744852356454925,-1.2157944824918812,-0.8242395321424218,0.5997357336801971,0.2318454363757495,7505,-0.8237002365502458,-1.4078936022679784,-1.8479614735393084,-0.7100641244027593,0.4169645224412907,0.1788699431628218,2991,-0.7049395632179287,,1495.5,2,False,False,,False,2,False
intraday_pullback,113,10,9,0.0,90,3.5,-1.5,-1.363014477878533,-0.6430453161773377,-0.605539991557287,0.7227832326380009,0.3134507606084868,4996,-0.5849840608268064,-1.7376447173880676,-1.3710900208786212,-0.5734005205444561,0.4339129390565747,0.2328372539606337,2083,-0.5713383917673248,,1041.5,2,False,False,,False,2,False
intraday_pullback,114,15,10,0.5,60,2.0,-1.5,-1.1903008379743183,-1.1225377176897624,-0.8075396752781328,0.602255535872649,0.404228855721393,5628,-0.8055846736861203,-1.7251999808732683,-1.4995844359249983,-0.5777281494894941,0.4055995940986637,0.3347889374090247,2061,-0.5774527827688167,,1030.5,2,False,False,,False,2,False
intraday_pullback,115,20,6,1.4,210,2.25,-1.5,-1.2104787433132802,-1.231654012593915,-0.7867612894595416,0.636380600847179,0.3782608695652174,8280,-0.7843498513583671,-1.4608049401789385,-1.86038177072817,-0.6842118436603176,0.4402644515868415,0.3138784292630446,3718,-0.6821514608758615,,1859.0,2,False,False,,False,2,False
intraday_pullback,116,20,15,1.3,180,1.25,-1.25,-1.0498529641365737,-2.2774502511577714,-0.9500190112633572,0.4616464181705703,0.432481593763534,11545,-0.9500100343295576,-1.215857325241982,-2.90896343305652,-0.8224562307172328,0.2926047497147453,0.357085346215781,4968,-0.8223174826586511,,2484.0,3,False,False,,False,3,False
intraday_pullback,117,10,14,0.1,210,1.75,-2.75,-1.3947151160106674,-0.6656454410867213,-0.5643241844883726,0.726358758587728,0.5948898678414097,5675,-0.5413819020642087,-1.8023599540865989,-1.2768501631921032,-0.5520425958196156,0.4634877524958521,0.5043227665706052,2429,-0.5499221257381894,,1214.5,3,False,False,,False,3,False
intraday_pullback,118,40,13,0.1,60,1.75,-2.25,-1.29888253632885,-0.8179356350496417,-0.6878264868337817,0.6363710143555901,0.536789676250849,4417,-0.676399962711527,-2.233448108713943,-0.92234259325876,-0.4373177727453081,0.4850005633547676,0.452991452991453,1521,-0.4328042527712327,,760.5,3,False,False,,False,3,False
intraday_pullback,119,40,3,0.4,150,1.5,-1.25,-1.076592242045432,-1.859503014268968,-0.9230252232017372,0.4892989863067568,0.3973075211392968,8988,-0.9223432850076464,-1.2592844687926232,-2.434843795264124,-0.7940775656631469,0.3348085920303465,0.3454871488344291,3346,-0.7915684723845136,,1673.0,2,False,False,,False,2,False
intraday_pullback,120,35,4,0.6000000000000001,270,3.75,-2.0,-1.4453735391640092,-0.3617879487589296,-0.4041980462858618,0.8359010458444557,0.3721552878179384,4482,-0.357429407454365,-1.9300805204323237,-1.0643603055359288,-0.5129183290227118,0.5714864764233883,0.3010702652396463,2149,-0.5004432074124288,,1074.5,2,False,False,,False,2,False
intraday_pullback,121,40,8,0.5,330,3.25,-2.75,-1.1517461252943468,-0.1691077399247168,-0.2869725513890743,0.9217196768968836,0.4913604283280604,4109,-0.1830839253223032,-2.19403097396514,-0.7163750714931748,-0.4417488027064485,0.6412532053295535,0.3900960080848913,1979,-0.4083558206977462,,989.5,3,False,False,,False,3,False
intraday_pullback,122,40,5,0.9,90,3.25,-3.0,-0.9494047526942452,-0.1369694926755591,-0.3019198673504878,0.921094109128942,0.5146757679180888,2930,-0.1565273727067117,-2.3971596109885924,-0.699823740209237,-0.394185742706204,0.6020162827432194,0.4093567251461988,1197,-0.3541337723227641,,598.5,3,False,False,,False,3,False
intraday_pullback,123,20,12,1.2000000000000002,240,3.75,-2.25,-1.3510638965304314,-0.2988333288309375,-0.3765465376250886,0.8593819136196694,0.40549662487946,4148,-0.3010735990597805,-2.176530666196105,-0.7609751681018374,-0.4433914471669494,0.6210609985148384,0.3214814814814815,2025,-0.3969524468771722,,1012.5,2,False,False,,False,2,False
intraday_pullback,124,10,12,0.7000000000000001,90,3.75,-2.0,-1.3626830857610186,-0.289717105873267,-0.3888596391352782,0.8526373337904563,0.3782912412681354,3722,-0.3164066850343002,-2.158267755499091,-0.871564150718284,-0.4524919718995049,0.5280233370454872,0.2939276485788114,1548,-0.4323359744552499,,774.0,2,False,False,,False,2,False
intraday_pullback,125,40,13,0.3,330,4.0,-3.0,0.5154914257754408,0.0444820078432013,-0.1992084636162513,1.0322584449767962,0.4805115712545676,3284,0.0504980115055666,-2.388633420499605,-0.516743989720463,-0.3884469892624512,0.6936143100982528,0.3765841882920941,1657,-0.3272983135146792,-4.6337015536319415,828.5,3,False,False,,False,3,False
intraday_pullback,126,20,11,1.3,360,2.25,-2.75,-1.4565337994091088,-0.4066606922851791,-0.4275665405809486,0.8358883325067251,0.5532794249775382,5565,-0.3881769842265563,-1.960905081708908,-0.8026425934909417,-0.5040334156614439,0.6061622853771413,0.4688766114180479,2715,-0.4890851781028995,,1357.5,3,False,False,,False,3,False
intraday_pullback,127,30,13,1.0,60,2.5,-1.25,-1.2003328628688692,-1.064824496768756,-0.7972322356412707,0.6126778639436576,0.3239130434782609,5520,-0.7950744658702878,-1.7598692678818917,-1.300219718998591,-0.5657329155848927,0.4179550081688081,0.2599508599508599,2035,-0.5590295688260971,,1017.5,2,False,False,,False,2,False
intraday_pullback,128,10,9,1.1,360,2.75,-2.5,-1.4698935034673073,-0.3931991719903357,-0.4109726585970065,0.8428718022728174,0.4887190005593884,5363,-0.3730923276212265,-2.045598233073694,-0.7360208040083607,-0.480441615309457,0.6288686614714242,0.408076923076923,2600,-0.458042812593905,,1300.0,3,False,False,,False,3,False
intraday_pullback,129,25,5,0.8,330,4.0,-1.0,-1.2330011764623172,-1.1384205105182483,-0.7638084868724359,0.6485408945102485,0.209772627896808,9148,-0.7614124582460909,-1.3507688766856103,-1.8118202125956195,-0.7402086774306029,0.4444662786309894,0.1645948434622468,4344,-0.7351442313225023,,2172.0,2,False,False,,False,2,False
intraday_pullback,130,40,10,1.4,240,3.75,-2.0,-1.3855669985987322,-0.3707624593372592,-0.4304678590854325,0.8366513991218627,0.3703621908127208,4528,-0.3670213190320821,-1.8460155098239583,-1.1370319225674053,-0.5374526999788114,0.5232780627007488,0.2814614343707713,2217,-0.5185037541512825,,1108.5,2,False,False,,False,2,False
intraday_pullback,131,20,6,0.2,180,2.75,-2.25,-1.4358963317284854,-0.476473353769373,-0.4833020256373974,0.8029725653576286,0.4569102462271644,5036,-0.4493948949932741,-1.8944149772137449,-1.159605137148358,-0.523787019645366,0.5082091389403169,0.3622152746761947,2239,-0.519657417321223,,1119.5,3,False,False,,False,3,False
intraday_pullback,132,40,10,1.2000000000000002,210,1.0,-1.25,-1.025730538631012,-2.800933874500907,-0.9742252732883347,0.3920225049343974,0.4662887377173091,13230,-0.9741579615372064,-1.129414062170146,-3.1838004749418034,-0.8854143482708241,0.2685208012039786,0.4047001900812165,5787,-0.8851743741287308,,2893.5,3,False,False,,False,3,False
intraday_pullback,133,40,8,0.5,270,1.75,-1.75,-1.2245772636468557,-1.2027203323918851,-0.7738226275195583,0.640030936724422,0.4648848779359019,8643,-0.7737647621476741,-1.3856522570488428,-1.957174633721027,-0.7215267905684687,0.4152593061982705,0.391884676988788,3746,-0.7201752212051402,,1873.0,3,False,False,,False,3,False
intraday_pullback,134,40,7,1.0,180,3.25,-2.0,-1.3986957201447308,-0.4037857195823914,-0.4527111491585832,0.8299231793957786,0.4009671993271657,4756,-0.3967697146044311,-1.908974976979637,-1.1658408833757183,-0.5192099348383599,0.5218610913749606,0.3122281295311744,2069,-0.509829549952598,,1034.5,2,False,False,,False,2,False
intraday_pullback,135,30,3,0.6000000000000001,90,1.75,-1.5,-1.1351278860109428,-1.379690849274874,-0.8639112138119509,0.5518466449002892,0.4235956721505854,6747,-0.8630554094985847,-1.4264599386884202,-1.8673516527811311,-0.7007782699963276,0.3728666052285413,0.3549712407559572,2434,-0.6965208471737201,,1217.0,3,False,False,,False,3,False
intraday_pullback,136,25,11,0.7000000000000001,270,3.5,-1.25,-1.2763332886213208,-1.0039502046183943,-0.7171775876993377,0.6746379899417909,0.2640492686682063,7794,-0.7119032850805063,-1.5461065180211673,-1.564323464780089,-0.6460688037118766,0.4726911275767355,0.210239651416122,3672,-0.641587368807276,,1836.0,2,False,False,,False,2,False
intraday_pullback,137,25,15,0.0,90,2.0,-2.25,-1.3754221567843543,-0.6450044485103258,-0.59478490211951,0.7131801143493074,0.5199663724253888,4758,-0.5763542628075178,-1.949069883583129,-1.2275697862810244,-0.5084177483634627,0.4453419437133196,0.416289592760181,1768,-0.5080335834709222,,884.0,3,False,False,,False,3,False
intraday_pullback,138,25,14,0.7000000000000001,180,3.5,-1.75,-1.379460536004474,-0.495761966658626,-0.50878456171744,0.7895176611540528,0.353204476093591,4915,-0.4565831079367065,-1.811091816406218,-1.1880657979484608,-0.5492495014889416,0.4831604055196341,0.2606837606837607,2340,-0.546765234407954,,1170.0,2,False,False,,False,2,False
intraday_pullback,139,25,11,1.1,240,3.75,-1.0,-1.203672635564278,-1.2278098076956547,-0.7937835289952102,0.6268990628344254,0.2076421462075277,8741,-0.7915340855927686,-1.4083026511436538,-1.840148605619213,-0.7098660825610585,0.4195430816128085,0.1682061254253767,4114,-0.7066504295661561,,2057.0,2,False,False,,False,2,False
intraday_pullback,140,20,8,1.4,180,2.0,-2.0,-1.3263496232411724,-0.8865700002533111,-0.6691663328298991,0.7011483646457909,0.4792397660818713,6840,-0.6675574618690867,-1.5988231145937215,-1.6211229984654456,-0.6244833245677497,0.4444533300870819,0.3958545701664968,2943,-0.6225936222718216,,1471.5,3,False,False,,False,3,False
intraday_pullback,141,15,4,0.6000000000000001,210,1.25,-1.0,-1.0134499821604477,-3.1557142396304134,-0.9865364509662512,0.3891831320164874,0.3630915478404629,14517,-0.9865133663382176,-1.0938998142039174,-3.649262735116275,-0.9141604172498266,0.2865195538350408,0.3196333530455352,6764,-0.9134794009422522,,3382.0,2,False,False,,False,2,False
intraday_pullback,142,40,14,0.5,150,1.75,-1.25,-1.113059570305492,-1.6606941301306757,-0.8864333523301687,0.5479935198801553,0.373990741737539,9289,-0.8864333523301688,-1.2898320151642102,-2.404562026860461,-0.7752556810178248,0.3183804742971197,0.300833543824198,3959,-0.7751166510384022,,1979.5,2,False,False,,False,2,False
intraday_pullback,143,20,14,0.9,90,1.75,-2.0,-1.300990595150611,-0.8578427339017402,-0.6920590033255177,0.6503910148268864,0.5174523209787694,5558,-0.6872211075435318,-1.653364139369136,-1.50747700924698,-0.6035120856664146,0.3785242198549254,0.4059971442170395,2101,-0.6032668126965761,,1050.5,3,False,False,,False,3,False
intraday_pullback,144,15,8,0.5,180,1.0,-1.0,-1.008605731841489,-3.318238607838489,-0.991388391214062,0.3443573657236909,0.404635441815548,14497,-0.9913851148397362,-1.0903134702775032,-3.8228853802867655,-0.9171673640673744,0.258031254568812,0.3537260468417317,7045,-0.9168948625807136,,3522.5,3,False,False,,False,3,False
intraday_pullback,145,15,7,0.1,60,3.0,-2.0,-1.389407912293548,-0.4430652088494766,-0.5036784151028757,0.7975703092261949,0.4157135753356539,4022,-0.4547184487778491,-2.3149437222896023,-0.928434556223212,-0.419928244547219,0.5333384631920962,0.3399470899470899,1512,-0.4171149577137832,,756.0,2,False,False,,False,2,False
intraday_pullback,146,35,5,1.5,90,1.0,-2.0,-1.1120927356540329,-1.4825857240940574,-0.8873339156262504,0.4942916501983239,0.6036835828806149,7547,-0.887054563272784,-1.4299554645740131,-1.8832454850996343,-0.6990642925216005,0.3357693493479793,0.5326285089318264,2743,-0.6963565343918612,,1371.5,3,False,False,,False,3,False
intraday_pullback,147,25,10,1.4,210,1.5,-3.0,-1.4005804161293338,-0.6754277755386693,-0.5624772069813555,0.7227342011888964,0.6475562320311179,5913,-0.5421674618200596,-1.881090984675973,-1.2746230544928174,-0.5273363876282959,0.5008973501945095,0.5636640060813379,2631,-0.5168711617175263,,1315.5,3,False,False,,False,3,False
intraday_pullback,148,20,10,0.3,90,2.5,-1.25,-1.2002762625188497,-1.1437159743935252,-0.7973915754441145,0.6234272727094372,0.3268278473638217,6866,-0.7954252710866875,-1.4875415103503689,-1.7174083348322489,-0.6718198025721568,0.3615845622047297,0.2518628912071535,2684,-0.6700803373175208,,1342.0,2,False,False,,False,2,False
intraday_pullback,149,10,12,0.1,120,1.5,-2.0,-1.205809270802939,-1.1980207142341843,-0.7915564414023251,0.5891294448264958,0.5356162404276839,6921,-0.7892132155522912,-1.7002125498955758,-1.4081246740936235,-0.5863357978744469,0.4384260654332575,0.4572697003329634,2703,-0.5813909178706671,,1351.5,3,False,False,,False,3,False
intraday_pullback,150,10,6,0.3,300,4.0,-1.5,-1.3892709915964294,-0.5857580982382826,-0.5463728634363344,0.7836584853717338,0.2915350600126342,6332,-0.5119079454308995,-1.6667023649092827,-1.4212757601561588,-0.5985325843368428,0.4922112647797454,0.2269279393173198,3164,-0.5967141937694291,,1582.0,2,False,False,,False,2,False
intraday_pullback,151,30,12,0.7000000000000001,300,2.5,-1.25,-1.180580999545701,-1.3621699323850829,-0.8183209742628896,0.6313096335450427,0.3152075585485978,9949,-0.8183209742628896,-1.3696958509430823,-2.024367055251934,-0.7299649101536418,0.423162039385455,0.2578958832498366,4591,-0.7298463961506543,,2295.5,2,False,False,,False,2,False
intraday_pullback,152,25,7,1.3,180,3.25,-3.0,-0.969646891393136,-0.141135644956048,-0.3063636646191279,0.928951226453483,0.5100709219858156,3525,-0.1627594838127134,-2.3243218430578514,-0.7871614753028628,-0.4124942554798869,0.6088098712853744,0.4057004244996968,1649,-0.3817218436005277,,824.5,3,False,False,,False,3,False
intraday_pullback,153,30,14,0.3,150,3.5,-2.25,-1.2743464957970925,-0.2915592579827984,-0.3937563685089333,0.8600308928269562,0.4188387096774194,3875,-0.2961032352131443,-2.1284133579845648,-0.9412562253747746,-0.4592945622988217,0.5541875346947833,0.3196629213483146,1780,-0.435947699993695,,890.0,2,False,False,,False,2,False
intraday_pullback,154,20,13,0.2,120,1.75,-2.5,-1.3933203170871646,-0.6845163992072282,-0.5819584492383589,0.7216935626001348,0.570389707253403,5363,-0.5679558652706553,-2.0356502112647963,-1.0491469391384796,-0.4846925651663866,0.5107349375747668,0.4775910364145658,2142,-0.4784893325205818,,1071.0,3,False,False,,False,3,False
intraday_pullback,155,30,4,0.5,60,2.5,-1.25,-1.1669323528507385,-1.1250517193000071,-0.8316286937741162,0.5883193543939261,0.319006166122597,5514,-0.8304972595229912,-1.6666274501464982,-1.4637391248475855,-0.5984844726162336,0.4201086350044788,0.2757033248081841,1955,-0.5936446180054548,,977.5,2,False,False,,False,2,False
intraday_pullback,156,35,12,1.5,180,1.0,-2.25,-1.1587852219872212,-1.4938159021975916,-0.8402931029635499,0.5288875490938718,0.6303200449185851,8905,-0.8402106733932514,-1.4814654558362508,-1.8155017910902196,-0.6745740715415038,0.365190346149205,0.5483050847457627,3540,-0.6699515178573101,,1770.0,3,False,False,,False,3,False
intraday_pullback,157,20,14,0.9,270,1.25,-2.25,-1.2138942892124005,-1.3274093331671928,-0.7846592101331007,0.5820622363663004,0.5963427023366068,8859,-0.7846592101331007,-1.5200636444351454,-1.7829517128015766,-0.6573233534781626,0.4150273370938542,0.5239347711730669,3802,-0.657111368911299,,1901.0,3,False,False,,False,3,False
intraday_pullback,158,20,15,0.6000000000000001,240,1.25,-1.0,-1.018102902346222,-3.0432535211200697,-0.9818752856736416,0.3938842585411112,0.3656071378781542,14346,-0.9818752856736416,-1.120965855438825,-3.54777702702283,-0.8920874851919743,0.2845255977042563,0.3161004431314623,6770,-0.8920031530186361,,3385.0,2,False,False,,False,2,False
intraday_pullback,159,15,13,0.4,180,1.5,-2.75,-1.3851079497366832,-0.7487777985617547,-0.5991479269367167,0.699085118527352,0.6219291014014839,6065,-0.5904383665251405,-1.7745295596019484,-1.2729556397387054,-0.5609178543992759,0.4491757000603285,0.521980198019802,2525,-0.5553168281730226,,1262.5,3,False,False,,False,3,False
intraday_pullback,160,10,5,0.9,330,3.75,-2.0,-1.3958791817488652,-0.3142020171309271,-0.3759186475429366,0.8704412096288363,0.3805275407292475,5156,-0.3126388402491565,-1.939122800557416,-0.9431442588009904,-0.5089580189198353,0.6047626753451208,0.3028700906344411,2648,-0.4800808660374265,,1324.0,2,False,False,,False,2,False
intraday_pullback,161,25,4,1.4,180,3.75,-1.5,-1.41180420457023,-0.637186894848,-0.566478180727268,0.7491268041252007,0.2982362373062533,5613,-0.5553606816825369,-1.5307524046476608,-1.5890969577484346,-0.6526211842627003,0.4235402396088201,0.2295275590551181,2540,-0.6472035488484016,,1270.0,2,False,False,,False,2,False
intraday_pullback,162,20,11,1.5,270,1.25,-3.0,-1.3484127792073486,-0.8320207910924659,-0.6364493553399182,0.6774979447359595,0.6726608597920765,7118,-0.6263394576310837,-1.6667891670949435,-1.4863355314629456,-0.5984051097282195,0.4353064757713161,0.598978288633461,3132,-0.5927964393155623,,1566.0,3,False,False,,False,3,False
intraday_pullback,163,25,14,1.0,330,2.0,-3.0,-1.440802731302702,-0.4100469107479455,-0.4233236317396092,0.8270907516387702,0.5990540294706204,5497,-0.3777696988010638,-1.8459184814323728,-1.0152214226672782,-0.5370893032356242,0.5293558841467808,0.5033770361541517,2517,-0.5120677102570771,,1258.5,3,False,False,,False,3,False
intraday_pullback,164,10,6,0.0,360,2.0,-3.0,-1.4560352176926443,-0.4783178201916124,-0.4626861498946861,0.8088582408974082,0.5936426116838488,5820,-0.4312951329382357,-2.0233297766274028,-0.8373869249000329,-0.4864116583128974,0.6160853195733843,0.5137943389466141,2791,-0.4648343594438631,,1395.5,3,False,False,,False,3,False
intraday_pullback,165,40,15,0.5,270,3.0,-1.25,-1.2521510508510414,-1.0972583942717522,-0.7449165719519162,0.6565782659220563,0.289246133235903,8211,-0.7434332244309055,-1.4771079682312858,-1.8646763522808076,-0.6766057997554279,0.4294370137777699,0.2295507660347961,3851,-0.6749381380944428,,1925.5,2,False,False,,False,2,False
intraday_pullback,166,20,5,1.3,360,2.75,-2.75,-1.4155019965219358,-0.300805301137341,-0.3505531074015795,0.8736845958553097,0.5193081255028158,4972,-0.2921457890609917,-2.0165492527973576,-0.9179841091971936,-0.4875852758662363,0.6053956055912766,0.4318744838976053,2422,-0.4602000060716775,,1211.0,3,False,False,,False,3,False
intraday_pullback,167,25,8,1.3,210,2.25,-2.75,-1.4479580017406009,-0.4840711809399565,-0.472004286445269,0.7953944821639639,0.5475998386446148,4958,-0.4399277522253614,-1.9519643883221505,-1.100719302010498,-0.506552209892692,0.542570540343581,0.4572687224669604,2270,-0.4918420629452882,,1135.0,3,False,False,,False,3,False
intraday_pullback,168,40,5,1.0,240,3.75,-1.25,-1.297885195451495,-0.9062343796754262,-0.6921832274710307,0.6784378256992323,0.253198855938582,6643,-0.6840915983484628,-1.5149009793598005,-1.5225998648848,-0.6594891691141536,0.4648333515770287,0.2036290322580645,2976,-0.6504478605103099,,1488.0,2,False,False,,False,2,False
intraday_pullback,169,20,13,1.2000000000000002,300,1.0,-1.25,-1.0247288406189812,-2.8502570328977,-0.9752295539062202,0.4135115811506146,0.4641258472950505,15638,-0.9751570918037183,-1.1267509871861623,-3.2660913134839653,-0.8875070656749905,0.2977695269204862,0.4188232089348951,7342,-0.886604710701926,,3671.0,3,False,False,,False,3,False
intraday_pullback,170,10,8,0.8,210,1.25,-1.5,-1.0697172816807947,-2.1047000439460355,-0.9300555930179624,0.4927355906342585,0.4786444230937199,11449,-0.9300421346190813,-1.245551773107325,-2.636565915812415,-0.8028393334630759,0.3475332790042165,0.4147648342925183,5039,-0.8014820447128077,,2519.5,3,False,False,,False,3,False
intraday_pullback,171,40,11,0.0,360,3.0,-1.25,-1.2563634604083989,-1.0839579400454151,-0.7407047426500604,0.6782989128244556,0.2918756268806419,8973,-0.7393248099363059,-1.4946749968353412,-1.3372145179884454,-0.668592570285527,0.5152837192866312,0.235907153008053,4222,-0.6677009199466346,,2111.0,2,False,False,,False,2,False
intraday_pullback,172,25,3,0.6000000000000001,300,2.25,-1.25,-1.1415043076414568,-1.524903450724823,-0.8577311902510711,0.5910713382113112,0.3298204527712724,10248,-0.8576469584166543,-1.291978447339551,-2.191997110411802,-0.7739643037799485,0.4027905744342335,0.2857469686570579,4371,-0.7722618604601557,,2185.5,2,False,False,,False,2,False
intraday_pullback,173,35,10,0.1,150,2.0,-1.0,-1.0701383540936875,-1.934615489619828,-0.9295603685632332,0.516893749637716,0.2938681064404165,10372,-0.9290927857146272,-1.2171610802556048,-2.5483559407706244,-0.8215750112484254,0.3004106895047957,0.2332123411978221,4408,-0.8215544336530325,,2204.0,2,False,False,,False,2,False
intraday_pullback,174,15,7,1.4,270,1.25,-3.0,-1.329733152911797,-0.9125979956851394,-0.657865386242803,0.6634971516886535,0.6682548325619385,7346,-0.6490488045392016,-1.6927923756395185,-1.5485684988411077,-0.5890356136517354,0.4586533283558329,0.5951799877974374,3278,-0.5859944040375233,,1639.0,3,False,False,,False,3,False
intraday_pullback,175,35,12,0.7000000000000001,120,2.0,-1.0,-1.0669244461646392,-1.8918882431122108,-0.9328313957145844,0.5037178804399993,0.2960607304062371,9748,-0.932603486971878,-1.2785431212180924,-2.4407680557314024,-0.7821082490105712,0.3136778340041179,0.2381425378693816,4027,-0.7821082490105712,,2013.5,2,False,False,,False,2,False
intraday_pullback,176,10,11,1.3,90,1.75,-2.75,-1.424331315269218,-0.5385964465211036,-0.5204591426845483,0.7566302138435289,0.6014696347525395,4627,-0.4941022484475615,-1.9489213162428265,-1.1560189838824266,-0.5082626207505347,0.4392496167503313,0.5002826455624647,1769,-0.5049923858595641,,884.5,3,False,False,,False,3,False
intraday_pullback,177,25,4,0.4,270,3.75,-2.0,-1.4728819870173848,-0.3537907176929967,-0.3943272726259763,0.8432093315936481,0.3767461852568236,4653,-0.3547714217664965,-1.9223863364253055,-1.0825942985521753,-0.51512592718283,0.5723511815060601,0.2971781305114638,2268,-0.5027060641269203,,1134.0,2,False,False,,False,2,False
intraday_pullback,178,30,14,0.8,240,2.75,-1.25,-1.201948826352409,-1.264694250643208,-0.7951759007810356,0.6230708168799678,0.2983123365818873,8414,-0.7922552080092917,-1.4184033877654472,-1.8874078018475773,-0.7047954392386494,0.4171868402952067,0.238760477520955,3937,-0.7034311390972967,,1968.5,2,False,False,,False,2,False
intraday_pullback,179,15,10,0.4,240,1.75,-1.0,-1.0363564896416266,-2.529719592093468,-0.963551938235378,0.4585506124030601,0.3094425483503982,13185,-0.9633280646525888,-1.15105145043829,-2.957008523768636,-0.8687696581630241,0.3039742865088146,0.259361322742746,6169,-0.8686510394456748,,3084.5,2,False,False,,False,2,False
intraday_pullback,180,35,5,0.2,180,4.0,-1.5,-1.433863688948392,-0.5200387905777489,-0.5075833227499499,0.7729063389086226,0.2904848119090726,4971,-0.4809642228115643,-1.674258694568802,-1.323587250861706,-0.5953526838887092,0.4750803113543316,0.2181266261925412,2306,-0.5789689410575967,,1153.0,2,False,False,,False,2,False
intraday_pullback,181,20,15,0.8,60,2.0,-2.0,-1.324214208033436,-0.7458967831242077,-0.6593329354881378,0.6721358888219612,0.4890395480225988,4425,-0.6466732669464281,-2.110265091374259,-1.1084828149368535,-0.4664874005550813,0.4475407952547939,0.3944954128440367,1526,-0.4660704676618525,,763.0,3,False,False,,False,3,False
intraday_pullback,182,40,12,1.5,120,2.75,-1.0,-1.15042532301385,-1.3552153218424818,-0.8484732220436597,0.5943720513411168,0.2561564461612747,8284,-0.8476938324558885,-1.3752216661012342,-2.0649604306425657,-0.7270158909632275,0.3507010584884047,0.1947368421052631,3420,-0.7248663129118612,,1710.0,2,False,False,,False,2,False
intraday_pullback,183,25,8,1.0,300,4.0,-1.0,-1.243894404238454,-1.1072079576781568,-0.7526856756375936,0.6605837804395642,0.2044035491291488,9129,-0.7502781854656286,-1.3764013745983086,-1.9528353999269183,-0.7263892341852324,0.4302116465817113,0.1600271616115889,4418,-0.7238262890802487,,2209.0,2,False,False,,False,2,False
intraday_pullback,184,25,10,1.0,150,3.75,-2.25,-1.3071050750561002,-0.2713726956966187,-0.3679692323533911,0.8692787188790089,0.4059763008758372,3882,-0.2814381352084356,-2.128587562165702,-0.9765370786833956,-0.4604162950409476,0.5333291495023244,0.3041500852757248,1759,-0.4457741025624758,,879.5,2,False,False,,False,2,False
intraday_pullback,185,30,9,0.7000000000000001,240,1.0,-1.75,-1.0805136941017484,-2.056652965827075,-0.919125617597072,0.4812207305789762,0.5623495012039904,11628,-0.9187236074671924,-1.2476647423038534,-2.6770927684734884,-0.8014791418083368,0.3313199302045536,0.4936336924583741,5105,-0.8005594182464454,,2552.5,3,False,False,,False,3,False
intraday_pullback,186,35,10,1.2000000000000002,240,3.5,-2.5,-1.3587793156223456,-0.261205548073857,-0.3373968330510302,0.8734545839443506,0.4473483887338239,3941,-0.2658865786848574,-2.010975735644519,-0.9879425178506462,-0.4888559762437701,0.5585279532243579,0.3410493827160494,1944,-0.4594153957488545,,972.0,2,False,False,,False,2,False
intraday_pullback,187,25,3,0.4,300,3.25,-1.75,-1.442128171889656,-0.5495816101433627,-0.5102301561527469,0.7871704369089052,0.3662453023573624,5854,-0.4887207451436927,-1.8017596420838653,-1.1711267711078883,-0.5519432122090494,0.5566799002023766,0.3037974683544304,2686,-0.5433020417152721,,1343.0,2,False,False,,False,2,False
intraday_pullback,188,40,4,1.4,90,3.0,-1.25,-1.2444898125632948,-0.9336481021773756,-0.751831613761558,0.6522281478485055,0.2930767909293936,5821,-0.7490673162037886,-1.5379148418069597,-1.636726691798486,-0.649574265741663,0.4065602076229013,0.232695810564663,2196,-0.6465915749170774,,1098.0,2,False,False,,False,2,False
intraday_pullback,189,10,14,0.4,240,3.5,-2.5,-1.3250402952572902,-0.2894253575324876,-0.3704506207216695,0.859589611286906,0.4468518990568442,3923,-0.28836974307488,-2.239432970835308,-0.835069858795743,-0.4330601110738202,0.6098570164311312,0.347871235721703,1926,-0.4101046391953165,,963.0,2,False,False,,False,2,False
intraday_pullback,190,10,10,0.8,210,3.25,-1.5,-1.3228733811903728,-0.8009150505218502,-0.6530963319078317,0.7119487933704752,0.3201637021879427,6353,-0.6340772232393516,-1.5746281619668414,-1.5140273838222018,-0.6341939115826818,0.4343679332827251,0.2491616364855801,2982,-0.6295486157946882,,1491.0,2,False,False,,False,2,False
intraday_pullback,191,35,4,1.0,360,3.0,-1.5,-1.3317815225522789,-0.8832854781187417,-0.6651231742318746,0.7084060198623678,0.3380338436744561,7446,-0.6649604934289639,-1.5063701775246725,-1.34686478456268,-0.6633452894022543,0.4976509557874339,0.2766399525081626,3369,-0.6616712592608993,,1684.5,2,False,False,,False,2,False
intraday_pullback,192,20,13,1.5,300,1.0,-2.75,-1.2460954849687311,-1.1816741679084364,-0.7514491288643047,0.5867668308210608,0.6814740592295703,8982,-0.7505070676393896,-1.541860468817312,-1.6464203106087538,-0.6478930526427513,0.4106873474172199,0.6178882624295233,3902,-0.6450686489866033,,1951.0,3,False,False,,False,3,False
intraday_pullback,193,15,13,0.9,150,3.75,-2.75,-0.759120267296926,-0.1025457916265586,-0.2881867781893855,0.9478503773638884,0.4662538699690402,3230,-0.1169924496221174,-2.3821544084491677,-0.6630184653725831,-0.3978624267422379,0.6213557996318602,0.3556313993174061,1465,-0.3592762627553082,,732.5,3,False,False,,False,3,False
intraday_pullback,194,25,4,0.3,270,1.5,-2.0,-1.2289242231762223,-1.2456592133924445,-0.7688287045285492,0.620543449562644,0.5352276697333178,8587,-0.7678068258236264,-1.4248054560906591,-1.888922260008484,-0.7016079964128752,0.4328315760016694,0.4632952691680261,3678,-0.6994312469848725,,1839.0,3,False,False,,False,3,False
intraday_pullback,195,10,3,1.0,60,2.0,-1.75,-1.2069446163831856,-1.0179087493200496,-0.7912748155954167,0.6292168502123295,0.447887811634349,5776,-0.7905208401051294,-1.70929386786078,-1.4351232083387035,-0.5830503757985265,0.4490833480151203,0.3812233285917496,2109,-0.5756958579261257,,1054.5,3,False,False,,False,3,False
intraday_pullback,196,20,9,0.4,150,3.0,-1.5,-1.3193815189002611,-0.8346216399521026,-0.6663351502271694,0.7103130361745836,0.3341752170481452,6335,-0.6552685253086521,-1.6168783716857509,-1.5922885370610764,-0.6173966371939689,0.4269779526535402,0.2571635836053682,2757,-0.6162307697025938,,1378.5,2,False,False,,False,2,False
intraday_pullback,197,30,13,0.5,120,1.5,-2.75,-1.3832880392518418,-0.6978829871250682,-0.5918867166279195,0.7013765389278914,0.6257363770250368,5432,-0.5771406976302711,-1.978931871614964,-1.101458147898866,-0.4998399070107528,0.4778777002234254,0.5345794392523364,2140,-0.4944541227168786,,1070.0,3,False,False,,False,3,False
intraday_pullback,198,30,9,0.7000000000000001,270,3.25,-2.5,-1.263377975184783,-0.2861833066435403,-0.3823859266042234,0.8745690430491695,0.458675799086758,4380,-0.2829212459829903,-1.999557549262193,-1.074233397476428,-0.493069818589096,0.5510945216022777,0.3636363636363636,2112,-0.4742077746799272,,1056.0,3,False,False,,False,3,False
intraday_pullback,199,15,10,0.8,270,2.0,-3.0,-1.4281146304454009,-0.4462874367851172,-0.4527055977084597,0.8112586266295652,0.59613196814562,5274,-0.4079027904709604,-1.9837986550421844,-1.0543512043874574,-0.4971399706100659,0.5591064158684761,0.5080016413623307,2437,-0.4759364516522153,,1218.5,3,False,False,,False,3,False
