strategy,trial_id,p_chase_threshold_pct,p_limit_proximity_pct,p_vol_lookback_bars,p_volume_mult,p_entry_window_end_bar,p_take_profit_pct,p_stop_loss_pct,train_calmar,train_sharpe,train_mdd,train_profit_factor,train_win_rate,train_total_trades,train_total_return,test_calmar,test_sharpe,test_mdd,test_profit_factor,test_win_rate,test_total_trades,test_total_return,overfit_ratio,monthly_trades,gates_passed,gate_calmar_ok,pass_stage1,error,pass_stage1_v1,gates_passed_v2,pass_stage1_v2
limit_up_chase,0,18.0,24.5,10,8.5,180,3.5,-3.5,-0.2940167651686717,-0.0076548041054857,-0.0082035898166643,0.8579821222673486,0.5,2,-0.0012162959147893,,0.0,0.0,,0.0,0,0.0,,0.0,1,False,False,,False,1,False
limit_up_chase,1,10.0,24.5,30,3.5,240,2.0,-5.0,1.759293202587464,0.052841714590715,-0.0839794889618485,1.163997341701255,0.7302631578947368,152,0.071914386071997,-4.7486345479691945,-0.1741456889651237,-0.071962470520241,0.6700225658389274,0.7160493827160493,81,-0.0611047650063986,-2.699171770222942,40.5,4,False,False,,False,4,False
limit_up_chase,2,9.0,25.5,15,7.0,60,6.0,-3.5,2.242102906655883,0.0563986624235612,-0.0161137253607997,2.1225756197675394,0.6,5,0.0180474080995309,-6.340191595704399,-0.1843478316520919,-0.0159938722763751,0.0,0.0,2,-0.0159938722763751,-2.827787956067036,1.0,1,False,False,,False,1,False
limit_up_chase,3,19.0,29.0,30,6.0,150,5.5,-3.0,1.581194382898062,0.0389000491845147,-0.0168799275101883,1.7777823044789849,0.5,4,0.0133632616314109,23681.60220484454,0.178026964912114,-2.999162304979213e-05,inf,1.0,3,0.0842861135420873,14977.03410850737,1.5,3,True,False,,True,3,False
limit_up_chase,4,20.0,24.0,15,8.5,240,4.5,-3.0,559.6898455954571,0.0708712021400572,-2.9984062687605615e-05,inf,1.0,1,0.008422572313425,,0.0,0.0,,0.0,0,0.0,,0.0,1,False,False,,False,1,False
limit_up_chase,5,10.0,25.5,20,3.5,90,5.0,-4.5,14.16778859044996,0.2122323851374356,-0.0359105038017404,2.387984987473387,0.7222222222222222,54,0.2303273928985627,-1.014731571615619,-0.0284438444419752,-0.0787355536862249,0.9192184994457808,0.4516129032258064,31,-0.0124777809509724,-0.071622438825747,15.5,4,False,False,,False,4,False
limit_up_chase,6,13.0,26.5,30,5.0,60,7.5,-1.5,-1.9641225732998888,-0.1407286961542838,-0.0206115368679639,0.0,0.0,4,-0.020611536867964,47.59326687100633,0.1114685934067468,-0.0078785107852292,6.960227875195497,0.3333333333333333,3,0.0491883443827598,,1.5,1,True,False,,False,1,False
limit_up_chase,7,16.0,24.5,25,3.5,300,4.0,-2.5,-0.5906617487996613,-0.0213821916676049,-0.0718668139054682,0.9090430235485776,0.4181818181818181,55,-0.0216230603999908,3.5512631916737405,0.0503848117793615,-0.0315672292919462,1.2131483494379531,0.4074074074074074,27,0.0161513691003261,,13.5,3,True,False,,True,3,False
limit_up_chase,8,17.0,25.5,10,3.0,150,8.0,-3.0,3.051463457085863,0.0796682984197264,-0.0580870797649471,1.5922686467616705,0.4444444444444444,27,0.085714620873555,26.48486689914921,0.1305802754081424,-0.0260992808003892,1.9969561174869328,0.3157894736842105,19,0.0824597230784802,8.679398351518246,9.5,3,True,False,,True,3,False
limit_up_chase,9,9.0,25.5,10,6.0,180,5.5,-2.5,5.831338798279199,0.1107410682134805,-0.0477422230320824,1.584982587526088,0.4545454545454545,66,0.1317665299039752,4.726777500506232,0.0883788997330614,-0.039174676670157,1.331292724845295,0.4285714285714285,28,0.0259487163744887,0.810581868764182,14.0,4,True,False,,True,4,False
limit_up_chase,10,10.0,26.5,20,4.5,180,7.5,-4.5,24.389582041251213,0.1919993011881329,-0.0328475951718273,1.9041993003139657,0.5625,80,0.3452026234277463,5.271894351797911,0.0718574029275456,-0.0625676763545182,1.2372878618836043,0.4,40,0.0439234744407455,0.2161535340327405,20.0,4,True,False,,True,4,False
limit_up_chase,11,17.0,29.0,15,7.0,150,3.0,-1.5,1.6216716663793964,0.0299760665490656,-0.0082924667408268,1.8190803688528896,0.3333333333333333,3,0.0067547397070411,90.05619537931379,0.1300952012466663,-0.0050504613247824,11.9098504731202,0.6666666666666666,3,0.0581587880876606,55.53294001884892,1.5,3,True,False,,True,3,False
limit_up_chase,12,14.0,26.0,30,4.5,210,8.0,-5.0,0.5516548673086392,0.017668643081758,-0.0607655003100322,1.078583292021351,0.45,40,0.0167556608272843,42.00930744584374,0.2013647252801387,-0.0259276363956959,3.4678472327152785,0.6153846153846154,13,0.1175089735601502,76.15143078641673,6.5,4,True,False,,True,4,False
limit_up_chase,13,11.0,24.0,20,6.0,180,2.5,-3.5,1.3853038273668514,0.0327923983970458,-0.0391665351779116,1.2204329493382209,0.6052631578947368,38,0.0269857523938865,10.116747516402397,0.1004960210510512,-0.0083043890028929,1.7615838148683003,0.7777777777777778,9,0.0122388538960274,7.302908803502,4.5,4,True,False,,True,4,False
limit_up_chase,14,22.0,28.5,20,4.5,270,5.0,-1.5,-1.9079641935304437,-0.18018382303841,-0.062877170158173,0.2004980422926086,0.0555555555555555,18,-0.0623750832650903,93.95411941845796,0.2132314959672325,-0.0129728335167257,7.614475553208079,0.5555555555555556,9,0.1277009082426035,,4.5,3,True,False,,True,3,False
limit_up_chase,15,10.0,26.0,15,4.5,300,6.0,-3.0,7.094037000512802,0.112781822780908,-0.0579821973859526,1.3868904836882112,0.4634146341463415,123,0.1896185234601215,2.7257336748956043,0.0573409202684697,-0.0801322686374155,1.158885597008407,0.3561643835616438,73,0.0302380933224506,0.3842288494828221,36.5,4,False,False,,False,4,False
limit_up_chase,16,19.0,28.5,25,10.0,240,4.5,-3.5,0.1736830235074506,0.0067390192763975,-0.0279905838784512,1.0891751445894895,0.5,4,0.0024470893091661,20872.58620248033,0.1619862078235528,-2.999151447417489e-05,inf,1.0,2,0.0760579393630025,120176.31764445265,1.0,3,True,False,,True,3,False
limit_up_chase,17,10.0,28.0,25,3.5,60,2.5,-4.0,0.4584827373978303,0.027755253162826,-0.0595324051487201,1.162688683023141,0.6875,32,0.0136637297352437,7.300977960104456,0.073976167852047,-0.0149705190034755,1.424348366973731,0.6923076923076923,13,0.0157645955690535,15.924215601970028,6.5,4,True,False,,True,4,False
limit_up_chase,18,18.0,25.0,25,7.5,90,5.0,-2.0,,0.0,0.0,,0.0,0,0.0,,0.0,0.0,,0.0,0,0.0,,0.0,1,False,False,,False,1,False
limit_up_chase,19,17.0,27.5,30,5.0,300,2.0,-4.5,5.275816813960853,0.0996893613177844,-0.0258792410468134,2.247728480337284,0.8,25,0.0666251197874758,31.04250309827453,0.1752860733914887,-0.011394852163972,3.1247911531587054,0.875,16,0.0467282459563034,5.883923607076337,8.0,4,True,False,,True,4,False
limit_up_chase,20,18.0,28.0,20,9.0,210,2.5,-3.0,2.6999310325107584,0.0561091872710029,-0.0070386336233034,2.367190929001876,0.75,4,0.0095326071279324,9382.000144374606,0.1743653187121469,-2.999100552081396e-05,inf,1.0,3,0.0380945856340162,3474.903629538256,1.5,3,True,False,,True,3,False
limit_up_chase,21,14.0,25.0,25,3.0,180,6.0,-4.0,0.1038522378701622,0.0066967058543828,-0.0849665219501933,1.0205492907654512,0.4406779661016949,59,0.0044373078641826,12.127032660864574,0.1501623374387751,-0.0401397452187665,1.7985949677118147,0.4583333333333333,24,0.061630859607062,116.77199172179604,12.0,4,True,False,,True,4,False
limit_up_chase,22,16.0,24.5,20,9.5,300,6.5,-3.5,-1.4095216967128477,-0.0738340334572886,-0.0435155673167236,0.4452435597486752,0.25,8,-0.0313966594010985,4.717317138807694,0.0468066142937301,-0.0081929596125975,1.7124002182533302,0.5,2,0.0057345698192774,,1.0,2,True,False,,False,2,False
limit_up_chase,23,10.0,26.5,15,7.0,300,2.0,-2.5,1.30696129709264,0.038235058270467,-0.0499381491768877,1.218446223739068,0.5932203389830508,59,0.032376822694967,-1.8043328783922643,-0.0388461316751413,-0.0272144162500387,0.8934093646504617,0.5517241379310345,29,-0.0075637762558794,-1.3805557076602324,14.5,3,False,False,,False,3,False
limit_up_chase,24,15.0,24.0,10,10.0,210,8.0,-3.0,-1.9639109219796205,-0.1237197881974273,-0.020828233743447,0.0,0.0,3,-0.0208282337434471,3524.287830333805,0.1296112777743883,-2.991565912500024e-05,inf,1.0,1,0.0152297089422499,,0.5,2,True,False,,False,2,False
limit_up_chase,25,11.0,24.0,15,10.0,90,2.5,-1.5,,0.0,0.0,,0.0,0,0.0,,0.0,0.0,,0.0,0,0.0,,0.0,1,False,False,,False,1,False
limit_up_chase,26,21.0,24.5,30,9.0,120,3.0,-1.5,,0.0,0.0,,0.0,0,0.0,,0.0,0.0,,0.0,0,0.0,,0.0,1,False,False,,False,1,False
limit_up_chase,27,16.0,25.0,20,7.0,240,3.5,-3.5,1.615669478369529,0.0369462586545324,-0.0160936013803271,1.4365572314215185,0.6666666666666666,9,0.0130207235946073,5150.895159665258,0.2226492262108305,-2.999138412386179e-05,inf,1.0,3,0.0218981560431112,3188.087185296922,1.5,3,True,False,,True,3,False
limit_up_chase,28,19.0,26.0,25,8.0,210,5.5,-1.5,-1.970740462878475,-0.122931147601195,-0.0138356312295499,0.0,0.0,3,-0.0138356312295498,10.220257935827547,0.0730455250787604,-0.0041879894697201,2.5502583848604496,0.5,2,0.0063400225962797,,1.0,2,True,False,,False,2,False
limit_up_chase,29,9.0,25.5,15,3.5,210,2.0,-3.5,0.4882815694890284,0.0201691442911804,-0.0929252105205235,1.056640084155644,0.6666666666666666,186,0.0226152208109735,-3.473271023066606,-0.1246956045790189,-0.0681012788481362,0.7852422924637048,0.696969696969697,99,-0.0398802263102623,-7.11325440094181,49.5,4,False,False,,False,4,False
limit_up_chase,30,17.0,25.5,10,3.5,60,3.5,-4.5,2.90839475497085,0.0652114794800211,-0.0121930435524609,2.4496477523932683,0.8,5,0.0177173486792203,-6.442829780332927,-0.1302460099501417,-0.010269367983765,0.0,0.0,1,-0.0102693679837649,-2.2152528535960383,0.5,1,False,False,,False,1,False
limit_up_chase,31,22.0,24.0,20,3.5,300,3.5,-3.0,-0.5692745654031457,-0.0180779314384494,-0.0186762791967285,0.8340188346340159,0.5,8,-0.005372359827175,5533.453477357523,0.3143778946564574,-5.399023752038341e-05,inf,1.0,6,0.0402052902321465,,3.0,3,True,False,,True,3,False
limit_up_chase,32,18.0,27.5,15,7.0,120,7.5,-1.5,,0.0,0.0,,0.0,0,0.0,15006.977432847232,0.1297985943353704,-2.992016925007105e-05,inf,1.0,1,0.0575200273236249,,0.5,2,True,False,,False,2,False
limit_up_chase,33,11.0,27.5,25,4.5,90,2.5,-2.0,-0.5175663513996374,-0.0220168948943238,-0.0339387877710717,0.8846069360687016,0.5,24,-0.0088913997586089,-4.048655145178804,-0.1205225259514095,-0.0205613604413212,0.5110079955645578,0.375,8,-0.013020859442972,,4.0,3,False,False,,False,3,False
limit_up_chase,34,13.0,27.0,25,6.5,60,7.0,-4.5,1903.5088210529727,0.1000637635441334,-2.99953229662776e-05,inf,1.0,2,0.0283784844692218,19798.360981401634,0.1575087374038946,-2.998743446992203e-05,inf,1.0,2,0.0728072761195524,10.40098199831282,1.0,3,True,False,,True,3,False
limit_up_chase,35,8.0,27.0,20,9.0,90,3.5,-3.5,-0.4461048709531252,-0.02109674097434,-0.0244520093873101,0.7835113675311982,0.5,6,-0.0055123206125564,15006.977432847232,0.1297985943353704,-2.992016925007105e-05,inf,1.0,1,0.0575200273236249,,0.5,2,True,False,,False,2,False
limit_up_chase,36,11.0,28.0,25,4.0,240,3.0,-3.0,2.100240187282133,0.0360082811177887,-0.0440311101312071,1.119734226211636,0.5535714285714286,112,0.0455826353887192,62.42578808322285,0.2195450106744493,-0.0206292284804473,2.264239532873734,0.6415094339622641,53,0.1329163431237687,29.72316616986863,26.5,5,True,True,,True,5,True
limit_up_chase,37,15.0,25.5,10,6.5,300,2.5,-5.0,-0.8018761829988197,-0.0356272432169508,-0.0524891216177612,0.7987032445987101,0.64,25,-0.0214381142931047,12.962571467335064,0.1674830580049609,-0.0114105447682517,2.8386220553040613,0.8888888888888888,9,0.0210187602482374,,4.5,3,True,False,,True,3,False
limit_up_chase,38,18.0,28.0,10,3.5,150,3.0,-2.0,1.6917846497897828,0.0490011654989283,-0.0371189930620056,1.4372259862973786,0.4347826086956521,23,0.0311698161041922,73.79365674924365,0.1745789763693964,-0.0100945108514164,4.952162346412539,0.6,10,0.0875716312225285,43.61882391970697,5.0,4,True,False,,True,4,False
limit_up_chase,39,15.0,27.5,15,9.5,240,2.0,-4.0,-1.6075482282179463,-0.0877015392515449,-0.0350130493358394,0.3354631467029285,0.5,8,-0.0287734348333396,1570.9063627882535,0.18161623964046,-2.992016925007105e-05,inf,1.0,2,0.0069500888344997,,1.0,2,True,False,,False,2,False
limit_up_chase,40,14.0,24.0,25,5.0,270,4.0,-2.0,-1.6694308558176485,-0.107069775161244,-0.0939009859184454,0.5771004993671985,0.25,48,-0.0823407576672474,46.54602797333966,0.2764852762924162,-0.0092557543563649,4.824725327433674,0.75,12,0.0555071181308197,,6.0,3,True,False,,True,3,False
limit_up_chase,41,19.0,28.0,25,4.0,150,4.0,-3.5,2.0765412900798137,0.0397239114601599,-0.0166674101636328,1.4604509546315916,0.5555555555555556,9,0.0172954289596973,86.2887928750653,0.1709506871338777,-0.0081440025107208,6.625045683086186,0.7142857142857143,7,0.0835664597059124,41.55409443929175,3.5,4,True,False,,True,4,False
limit_up_chase,42,8.0,28.5,30,3.0,210,2.0,-5.0,1.9514335588838048,0.048223582290311,-0.0819385359215124,1.1103680692622857,0.7352941176470589,272,0.0776195460428357,-1.408916705224605,-0.0364077530113628,-0.0713682253822995,0.9419784720522713,0.75,136,-0.015853186813332,-0.7219906098317216,68.0,4,False,False,,False,4,False
limit_up_chase,43,17.0,27.5,30,10.0,300,3.0,-5.0,-0.5954404833349602,-0.0302629507202343,-0.0417325981795992,0.7043642032199638,0.625,8,-0.0126013999327764,15006.977432847232,0.1297985943353704,-2.992016925007105e-05,inf,1.0,1,0.0575200273236249,,0.5,2,True,False,,False,2,False
limit_up_chase,44,16.0,24.5,15,3.5,90,7.0,-3.5,4.250717721812696,0.0915855735326222,-0.0265461178074749,2.1922526923668366,0.5833333333333334,12,0.0553600036928125,1.6991225874627394,0.0237085496619225,-0.0156048918222251,1.1749049003628498,0.3333333333333333,6,0.0039539461118898,0.3997260459671637,3.0,2,False,False,,False,2,False
limit_up_chase,45,14.0,24.5,30,4.5,60,6.5,-4.5,0.5506637879906449,0.0104636943799972,-0.0116660504804468,1.1527331240664231,0.5,4,0.0032323863184073,6399.089041603234,0.1825965820354221,-2.9995338000059128e-05,inf,1.0,2,0.0268306759641749,11620.682494763842,1.0,3,True,False,,True,3,False
limit_up_chase,46,14.0,29.0,30,7.5,300,4.5,-3.0,-0.985569904010638,-0.0432096083109391,-0.0683248841887338,0.7835313651576589,0.4516129032258064,31,-0.0345233460468369,178.62275675119523,0.2369629004259162,-0.0072353277955171,9.586184493470096,0.7777777777777778,9,0.1332594231597936,,4.5,3,True,False,,True,3,False
limit_up_chase,47,11.0,29.0,20,4.5,180,5.0,-4.0,0.6771775174277087,0.0233238258928119,-0.0798060555818174,1.0803949181319192,0.4864864864864865,74,0.0268803516956275,10.92152492843386,0.0957371656517706,-0.0391752402655508,1.4001330165268762,0.4848484848484848,33,0.0551769754398057,16.128008753036866,16.5,5,True,True,,True,5,True
limit_up_chase,48,18.0,29.0,20,6.5,210,8.0,-4.5,1.7159695172487504,0.0421815888536625,-0.0325977464279519,1.424768162142558,0.5454545454545454,11,0.027809793302328,63.3212019949292,0.217601101278837,-0.0193828570063185,7.299279109187105,0.7142857142857143,7,0.1283508727605318,36.90112286869373,3.5,4,True,False,,True,4,False
limit_up_chase,49,8.0,27.5,30,7.5,90,2.5,-3.5,2.3050152744279457,0.0746410615623255,-0.0234732549391934,1.867401995616953,0.7142857142857143,14,0.0269114522223421,4.18890653094151,0.0595855549770287,-0.00806714435849,1.636781938858202,0.75,4,0.0050240686148159,1.8173009859906912,2.0,3,True,False,,True,3,False
limit_up_chase,50,16.0,26.0,15,10.0,210,2.5,-3.5,1.341829451141374,0.0347631222670967,-0.0082037702206918,1.691097214078288,0.75,4,0.0055326493835508,1010.3410978865808,0.1290057087704463,-2.991565912500024e-05,inf,1.0,1,0.0045003155175,752.957909089843,0.5,3,True,False,,True,3,False
limit_up_chase,51,13.0,26.0,15,6.5,300,7.5,-3.0,0.0606925071280413,0.0048306154696851,-0.075788095255388,1.0187663340040616,0.3846153846153846,39,0.0023154992897695,55.04258612622835,0.2069328681210895,-0.0175624878558693,4.16646007770091,0.5833333333333334,12,0.1073714829522411,906.909085335798,6.0,4,True,False,,True,4,False
limit_up_chase,52,17.0,29.0,30,3.0,300,4.0,-4.5,5.24482206703504,0.0823779616526935,-0.0384864794736566,1.3914872422096922,0.6206896551724138,58,0.0970915313484457,49.36634593635807,0.1816070076857422,-0.0212368280373791,2.106703356821104,0.6451612903225806,31,0.1141890276496466,9.412396703910575,15.5,5,True,True,,True,5,True
limit_up_chase,53,22.0,25.0,20,3.5,90,7.5,-4.0,-0.536395494943634,-0.0180883738098967,-0.0188887295024723,0.7366250643505947,0.3333333333333333,3,-0.0051190165563532,6584.616231539419,0.1297248230489112,-2.999096317872405e-05,inf,1.0,1,0.0275484355113626,,0.5,2,True,False,,False,2,False
limit_up_chase,54,12.0,26.0,30,4.5,210,3.5,-3.0,2.179947275925254,0.0652842729467693,-0.0637795877235773,1.343237931325778,0.5689655172413793,58,0.0678078439956304,41.71995155682996,0.2115146162087518,-0.02364594665195,3.433332553137544,0.7083333333333334,24,0.1090474282690705,19.138055317930743,12.0,4,True,False,,True,4,False
limit_up_chase,55,16.0,27.5,20,10.0,60,2.5,-2.0,,0.0,0.0,,0.0,0,0.0,998.8294371690748,0.1289959483574375,-2.992016925007105e-05,inf,1.0,1,0.0044503373971249,,0.5,2,True,False,,False,2,False
limit_up_chase,56,21.0,26.0,10,3.0,210,8.0,-4.0,1.616174007384332,0.0630323628897768,-0.0696465522092744,1.5277057597896226,0.5294117647058824,17,0.0552266001719903,145.1290529315702,0.254949592169063,-0.0149350940263478,5.894491669827653,0.6363636363636364,11,0.1898856296554554,89.79791301460894,5.5,4,True,False,,True,4,False
limit_up_chase,57,18.0,26.0,15,8.5,270,6.0,-2.0,-1.959343189588308,-0.1597433235964632,-0.0255047341203449,0.0,0.0,5,-0.0255047341203449,9.182048340518792,0.0692675575898086,-0.0052349204245688,2.3843731884383077,0.5,2,0.0071045476741811,,1.0,2,True,False,,False,2,False
limit_up_chase,58,16.0,24.0,10,3.5,120,6.0,-5.0,4.174493397446762,0.0837401708777799,-0.0330535949663511,1.7160960361271895,0.6,20,0.0673097051198554,-3.2322167039154137,-0.0700250477829727,-0.0339151317495256,0.6594837730304779,0.375,8,-0.0173559873929449,-0.7742775939931607,4.0,3,False,False,,False,3,False
limit_up_chase,59,21.0,26.5,30,7.0,120,5.0,-4.0,,0.0,0.0,,0.0,0,0.0,15006.977432847232,0.1297985943353704,-2.992016925007105e-05,inf,1.0,1,0.0575200273236249,,0.5,2,True,False,,False,2,False
limit_up_chase,60,8.0,26.0,20,10.0,60,4.5,-3.5,2.0024364465291526,0.0414697062262467,-0.0082525207012807,2.01482349802616,0.6666666666666666,3,0.0082942955958738,,0.0,0.0,,0.0,0,0.0,,0.0,1,False,False,,False,1,False
limit_up_chase,61,18.0,25.5,10,5.5,300,5.0,-4.0,6.637715603171707,0.1599415752741937,-0.0269618856645992,3.897917480872784,0.7857142857142857,14,0.0865113090395006,17.884287155812643,0.1275259482637428,-0.0254005169422938,2.857267746577213,0.5,8,0.058097885275667,2.6943436906617357,4.0,4,True,False,,True,4,False
limit_up_chase,62,22.0,25.5,15,9.0,120,5.0,-5.0,,0.0,0.0,,0.0,0,0.0,,0.0,0.0,,0.0,0,0.0,,0.0,1,False,False,,False,1,False
limit_up_chase,63,10.0,26.5,25,9.0,150,4.0,-4.0,7.755501886622639,0.0873129730889021,-0.0188344036243964,3.266965161433973,0.6666666666666666,9,0.0711260593256801,20.03983682553874,0.1069903767463276,-0.0185483966020884,3.506851919715273,0.5,4,0.0488131725771749,2.583950996144451,2.0,3,True,False,,True,3,False
limit_up_chase,64,20.0,24.5,25,9.5,60,5.5,-3.5,,0.0,0.0,,0.0,0,0.0,,0.0,0.0,,0.0,0,0.0,,0.0,1,False,False,,False,1,False
limit_up_chase,65,11.0,27.5,20,5.0,150,3.5,-5.0,25.623750576276784,0.2414918177983901,-0.0221647971552845,6.06196336899862,0.8611111111111112,36,0.2544130609427648,64.62115993685985,0.2000817950213167,-0.0135250142575829,5.455337226014583,0.8333333333333334,12,0.0993399119984905,2.521924327373371,6.0,4,True,False,,True,4,False
limit_up_chase,66,18.0,25.5,25,5.5,180,2.5,-3.0,-0.94786836230242,-0.0556143100518871,-0.0330289023720962,0.5287331472308638,0.4285714285714285,7,-0.0159022196720489,1955.681590471892,0.1823542478706237,-2.9993300926834343e-05,inf,1.0,2,0.0086325038990831,,1.0,2,True,False,,False,2,False
limit_up_chase,67,13.0,29.0,30,6.0,300,4.5,-5.0,0.3073260120760095,0.0120237063793242,-0.0617345222766647,1.0494481601809311,0.5555555555555556,45,0.009517028943315,344.53052695874567,0.3451860861493977,-0.0088856200777942,24.59630410796027,0.9333333333333332,15,0.2353326342371779,1121.0587891061252,7.5,4,True,False,,True,4,False
limit_up_chase,68,9.0,26.0,15,7.5,180,2.0,-4.5,3.949741124162772,0.0654722945337787,-0.0315999332233647,1.5416944080412236,0.717948717948718,39,0.0610664487207737,-0.2207707624493048,-0.0026851622499447,-0.0239400831168911,0.9907855941990544,0.7333333333333333,15,-0.0007987796168,-0.0558949955222955,7.5,3,False,False,,False,3,False
limit_up_chase,69,17.0,27.0,20,8.5,210,5.0,-4.5,0.0111890267018655,0.0013049070777594,-0.0200221763526895,1.0086544309961205,0.6,5,0.0001128970630526,34.6676422804428,0.1051418108531454,-0.0102036199198833,5.349092388235837,0.5,2,0.0467294949071499,3098.3608498014214,1.0,3,True,False,,True,3,False
limit_up_chase,70,14.0,28.5,15,5.0,60,7.5,-2.0,1.4484156969893989,0.0384198195686387,-0.0171567357351787,1.7284031734289889,0.4,5,0.0124474100659706,138.96400857985518,0.1752443642800038,-0.0051663919694605,16.19921563983295,0.75,4,0.085020165533153,95.94207579267368,2.0,3,True,False,,True,3,False
limit_up_chase,71,8.0,28.0,30,8.0,150,4.5,-2.0,-0.0083345662942634,0.0017743493866111,-0.0557123378517581,1.0056749988675826,0.2903225806451613,31,-0.0002340386542023,27.622680963451884,0.1245618322715089,-0.0164057589281129,3.163228906487614,0.4444444444444444,9,0.0579772600641141,,4.5,3,True,False,,True,3,False
limit_up_chase,72,9.0,29.0,20,7.5,210,7.0,-4.5,4.142018104177664,0.1070446305121916,-0.0759610419147262,1.5783621529269336,0.5434782608695652,46,0.1478193629835442,117.76907556266464,0.276277337503953,-0.0165458003497215,3.6214821177167584,0.6521739130434783,23,0.177103703700981,28.4327766322127,11.5,4,True,False,,True,4,False
limit_up_chase,73,19.0,26.0,30,5.0,240,4.5,-2.0,-1.4678856126836255,-0.0745746054689458,-0.032496337512688,0.5247229578927387,0.25,12,-0.0243311201635254,7.168797157587545,0.0841913218275281,-0.0090990232316564,2.0745219722266115,0.5,4,0.0095741698174547,,2.0,2,True,False,,False,2,False
limit_up_chase,74,19.0,26.0,30,4.0,150,5.0,-2.0,-1.9617093176924505,-0.1422088794572389,-0.0230822923531281,0.0,0.0,4,-0.0230822923531281,42.739098419550686,0.1194568732919128,-0.0099371758443917,4.808345369285589,0.4,5,0.0548259106916937,,2.5,2,True,False,,False,2,False
limit_up_chase,75,18.0,25.0,30,7.5,180,5.0,-5.0,-0.4481956872859527,-0.0120061839759827,-0.0154381480731526,0.7767178663135839,0.5,2,-0.0034931182478964,,0.0,0.0,,0.0,0,0.0,,0.0,1,False,False,,False,1,False
limit_up_chase,76,12.0,26.0,15,6.0,210,5.5,-1.5,-0.1550174544360349,-0.0020543683495332,-0.0456127377848522,0.9826907995338244,0.25,40,-0.0035697150766909,27.351112618417496,0.1583305239531344,-0.0089882515875124,2.1924397422635504,0.4285714285714285,14,0.0337012346225029,,7.0,3,True,False,,True,3,False
limit_up_chase,77,15.0,29.0,15,7.0,270,8.0,-4.0,-1.2063512736996251,-0.0440359283382474,-0.056701345510661,0.7481559509416401,0.3636363636363636,22,-0.0350779611682611,132.7365044412589,0.2807259688701708,-0.0180415089836597,7.622632836709299,0.7272727272727273,11,0.2023828424095841,,5.5,3,True,False,,True,3,False
limit_up_chase,78,18.0,24.5,20,7.0,210,2.5,-3.5,0.5400565535108862,0.019180223064555,-0.0160935420934606,1.2781197679405372,0.6,5,0.0043707999056143,,0.0,0.0,,0.0,0,0.0,,0.0,1,False,False,,False,1,False
limit_up_chase,79,18.0,26.0,15,9.0,150,3.0,-5.0,,0.0,0.0,,0.0,0,0.0,,0.0,0.0,,0.0,0,0.0,,0.0,1,False,False,,False,1,False
limit_up_chase,80,8.0,25.5,25,7.5,90,5.5,-2.0,1.5378016722723191,0.0422628774954353,-0.0214956651329743,1.4420594394890944,0.4166666666666667,12,0.016524836432374,8.259360285929198,0.0654216596031617,-0.0051820556823777,2.227907925578937,0.5,2,0.0063397508048785,5.370887829589121,1.0,3,True,False,,True,3,False
limit_up_chase,81,22.0,29.0,30,4.5,240,5.5,-2.0,-1.5523153848283604,-0.1126474935538127,-0.0610980873994412,0.3856847313931634,0.1333333333333333,15,-0.048979003072707,18.941175653960872,0.1060130801190704,-0.0198761756800354,2.5324215770609,0.3333333333333333,9,0.0493624800486696,,4.5,2,True,False,,False,2,False
limit_up_chase,82,11.0,25.0,10,10.0,90,8.0,-2.0,1044.2154723174408,0.0709878844408549,-2.9990857942551376e-05,inf,1.0,1,0.0156620243008189,,0.0,0.0,,0.0,0,0.0,,0.0,1,False,False,,False,1,False
limit_up_chase,83,11.0,25.0,30,6.5,60,6.0,-3.5,3.350859424471063,0.0558439151311523,-0.0088821487494982,2.6979326360946003,0.6666666666666666,3,0.0148904145352555,,0.0,0.0,,0.0,0,0.0,,0.0,1,False,False,,False,1,False
limit_up_chase,84,22.0,24.5,25,4.0,270,7.0,-2.5,-1.9490045985191624,-0.1065778601294363,-0.0338221445281672,0.2874233429807044,0.125,8,-0.0337831059820138,166.60706589569813,0.2116635934109945,-0.0060179752407738,18.6112921256114,0.8,5,0.1104006534321022,,2.5,2,True,False,,False,2,False
limit_up_chase,85,20.0,27.5,30,9.5,300,5.0,-1.5,-0.6449951525126085,-0.0254410538435934,-0.0146096926456049,0.6797056017127908,0.25,4,-0.004760135350005,15006.977432847232,0.1297985943353704,-2.992016925007105e-05,inf,1.0,1,0.0575200273236249,,0.5,2,True,False,,False,2,False
limit_up_chase,86,22.0,25.0,25,6.5,180,8.0,-3.5,-1.9763512027594448,-0.0713880199954722,-0.0080905414444625,0.0,0.0,1,-0.0080905414444625,,0.0,0.0,,0.0,0,0.0,,0.0,1,False,False,,False,1,False
limit_up_chase,87,21.0,29.0,20,9.0,300,5.5,-3.5,0.2858151243874128,0.0120421112338844,-0.0357572651798736,1.1429406451655129,0.5,6,0.005137549992912,96.95633458131084,0.1794104378972413,-0.0082634975419011,11.70996072495001,0.75,4,0.0927908769390462,339.2274456753023,2.0,3,True,False,,True,3,False
limit_up_chase,88,12.0,27.5,10,8.5,180,3.5,-3.0,5.453715493056383,0.0761116523689425,-0.0209096040488465,2.500050845889,0.6153846153846154,13,0.0559309764798603,17153.780140086466,0.1436679713050416,-2.992016925007105e-05,inf,1.0,2,0.0644594679461749,3145.3382857845245,1.0,3,True,False,,True,3,False
limit_up_chase,89,13.0,26.5,30,3.5,120,3.0,-3.5,2.0695134027830653,0.0576478009903089,-0.0327937062234842,1.3392991925928206,0.6571428571428571,35,0.0336458117747875,8.569442498853276,0.0832894097954995,-0.0338381662686839,1.6436861710042188,0.5294117647058824,17,0.0391420452529891,4.140800676781874,8.5,4,True,False,,True,4,False
limit_up_chase,90,14.0,25.0,15,3.5,240,5.0,-2.5,-0.1098051786125635,-0.0012375663868825,-0.0788428869870921,0.993326043450842,0.4050632911392405,79,-0.0043724420398759,3.790510672857191,0.0742002018420893,-0.0361670330802127,1.2732441632080924,0.4285714285714285,28,0.0195618941762223,,14.0,3,True,False,,True,3,False
limit_up_chase,91,16.0,27.5,25,3.0,150,5.0,-2.0,-1.1538384170058984,-0.044722916853827,-0.0500214439715106,0.7981676491335489,0.3333333333333333,36,-0.0295161756100059,15.21132128189156,0.1007026481886851,-0.0245561493260212,1.9226774332607743,0.2941176470588235,17,0.049023429769111,,8.5,2,True,False,,False,2,False
limit_up_chase,92,22.0,28.5,10,9.5,240,5.5,-5.0,0.6975816567067178,0.0153792928095308,-0.0112394237189094,1.3518018372386171,0.5,2,0.003943667034471,20872.58620248033,0.1619862078235528,-2.999151447417489e-05,inf,1.0,2,0.0760579393630025,29921.35186154376,1.0,3,True,False,,True,3,False
limit_up_chase,93,13.0,26.0,25,9.5,240,6.0,-3.5,-0.3489400915922679,-0.0135028923265534,-0.0467308229359827,0.878535321328061,0.4545454545454545,11,-0.0082513438817639,2505.791874555949,0.1295121252383963,-2.991565912500024e-05,inf,1.0,1,0.010959848293625,,0.5,2,True,False,,False,2,False
limit_up_chase,94,15.0,25.5,20,6.0,270,2.0,-2.0,-1.5651159186133718,-0.1329056690882353,-0.0645456719479459,0.4351936672032048,0.4074074074074074,27,-0.0522558155366333,3.265244255789167,0.0543120801308349,-0.0106982995821802,1.3462104071853218,0.6666666666666666,9,0.0051911183696031,,4.5,3,True,False,,True,3,False
limit_up_chase,95,13.0,29.0,25,8.5,120,5.5,-4.0,-1.0731049367610068,-0.0315700557943112,-0.0193637446888124,0.6629753210622819,0.4,5,-0.0105266584351284,24037.28943343236,0.179554053924098,-2.9993363148682907e-05,inf,1.0,3,0.0853072490616919,,1.5,2,True,False,,False,2,False
limit_up_chase,96,17.0,28.0,10,10.0,240,6.5,-5.0,2.509682127948034,0.0476125469554169,-0.0112507028640002,2.2358166982723624,0.6666666666666666,3,0.0141316187351312,15006.977432847232,0.1297985943353704,-2.992016925007105e-05,inf,1.0,1,0.0575200273236249,5979.632745409569,0.5,3,True,False,,True,3,False
limit_up_chase,97,9.0,29.0,25,4.0,270,3.0,-5.0,4.660138353111188,0.0952280584753892,-0.0776879241062157,1.2574020329541329,0.6833333333333333,180,0.168495015006177,16.28705200545637,0.1543460174574192,-0.0516157732408407,1.4561028432117895,0.6847826086956522,92,0.0963687421859293,3.494971773656217,46.0,5,True,True,,True,5,True
limit_up_chase,98,12.0,27.0,20,4.5,270,4.5,-2.5,-0.3248111035534942,-0.0051095626312949,-0.0640182404832237,0.974698122709324,0.4125,80,-0.0105340452223724,210.2604855837064,0.2972786276415674,-0.0121823090823179,3.914898135254929,0.5833333333333334,36,0.2111055045586654,,18.0,4,True,False,,True,4,False
limit_up_chase,99,20.0,27.0,20,9.0,240,4.0,-4.5,-0.5725977848597155,-0.0176101132510182,-0.02001780817592,0.7163440749697298,0.6666666666666666,3,-0.0057930771668186,34.6676422804428,0.1051418108531454,-0.0102036199198833,5.349092388235837,0.5,2,0.0467294949071499,,1.0,2,True,False,,False,2,False
limit_up_chase,100,15.0,24.0,30,3.0,210,3.5,-4.5,0.3958283759371269,0.0129723963507494,-0.0570852525077709,1.0482331406329262,0.609375,64,0.0113245388694209,16.111639386928395,0.1645422791614479,-0.0186523146816459,1.7868285028332895,0.76,25,0.0404185638056275,40.70359874727009,12.5,4,True,False,,True,4,False
limit_up_chase,101,20.0,29.0,10,9.0,60,3.5,-3.5,,0.0,0.0,,0.0,0,0.0,15006.977432847232,0.1297985943353704,-2.992016925007105e-05,inf,1.0,1,0.0575200273236249,,0.5,2,True,False,,False,2,False
limit_up_chase,102,21.0,24.0,30,4.0,150,3.0,-1.5,-1.968299731445745,-0.1208182424000818,-0.016334697097468,0.0,0.0,3,-0.016334697097468,-2.5878494352504062,-0.0542872743911476,-0.0092966020721364,0.6151180902578108,0.3333333333333333,3,-0.0036654428623333,,1.5,1,False,False,,False,1,False
limit_up_chase,103,18.0,24.5,30,4.5,270,7.5,-3.0,-0.0784608251576611,-0.0016945960925132,-0.0450359366210465,0.9820915586775856,0.3333333333333333,15,-0.0017823638358275,71.7448997342888,0.1937767267610108,-0.0133463582737256,4.581424461205117,0.5555555555555556,9,0.1065929104713734,,4.5,3,True,False,,True,3,False
limit_up_chase,104,20.0,26.5,15,7.5,90,8.0,-4.0,,0.0,0.0,,0.0,0,0.0,15006.977432847232,0.1297985943353704,-2.992016925007105e-05,inf,1.0,1,0.0575200273236249,,0.5,2,True,False,,False,2,False
limit_up_chase,105,12.0,24.5,30,3.0,180,6.5,-2.0,6.607514013562631,0.0974588255121928,-0.0479316487091637,1.431880663811275,0.3406593406593406,91,0.1487329399828796,0.8198905244062618,0.0291368309102569,-0.0733311493076853,1.0879392988934886,0.2608695652173913,46,0.0088430218305914,0.1240845683752389,23.0,3,False,False,,False,3,False
limit_up_chase,106,14.0,25.5,10,7.5,150,2.5,-3.0,-1.1611437905957755,-0.0716216078633218,-0.0315628749018161,0.4866710912077824,0.4444444444444444,9,-0.0186409744541035,983.4406014665408,0.1289825209743401,-2.9993300926834343e-05,inf,1.0,1,0.0043931893871043,,0.5,2,True,False,,False,2,False
limit_up_chase,107,21.0,29.0,30,9.0,90,8.0,-5.0,,0.0,0.0,,0.0,0,0.0,15006.977432847232,0.1297985943353704,-2.992016925007105e-05,inf,1.0,1,0.0575200273236249,,0.5,2,True,False,,False,2,False
limit_up_chase,108,13.0,28.0,25,8.0,210,2.5,-2.5,0.3499292655115665,0.0115211777604903,-0.0172776075858414,1.1029807674093866,0.6153846153846154,13,0.0030424069301728,17.689416202352785,0.1755952904940492,-0.0061512126415463,3.538185133960786,0.8333333333333334,6,0.0156971909793355,50.55140551474704,3.0,4,True,False,,True,4,False
limit_up_chase,109,8.0,27.0,25,3.5,240,4.5,-1.5,-0.0926767079178377,0.0005678068304476,-0.1104738743709337,1.0024374508229006,0.3141762452107279,261,-0.0051729753757189,0.6113449140819806,0.0184520225648845,-0.0872791150483743,1.040279580275473,0.3134328358208955,134,0.0078694817115203,,67.0,3,False,False,,False,3,False
limit_up_chase,110,19.0,25.0,25,4.0,300,7.0,-3.0,-1.4103467972775603,-0.0522384083215041,-0.0469970157004858,0.7091661111381544,0.2857142857142857,21,-0.0339721372328181,74.29887233201676,0.2222899847717188,-0.0175992191188665,4.483803494236424,0.5384615384615384,13,0.1343899303786158,,6.5,3,True,False,,True,3,False
limit_up_chase,111,17.0,28.0,25,6.5,240,7.5,-3.0,-0.4354557088274031,-0.0122058460115554,-0.0334662102667578,0.8877914786406389,0.3636363636363636,11,-0.0073710954709071,60.76828306392113,0.1723560267153162,-0.0125856632128916,7.775480899743364,0.6,5,0.0894328177270218,,2.5,2,True,False,,False,2,False
limit_up_chase,112,13.0,25.5,10,5.0,270,3.5,-1.5,-1.7520503039741953,-0.1853314742088501,-0.1218489522018255,0.5073416514696437,0.2571428571428571,70,-0.1139881990623107,6.6673190349868605,0.1247428864750699,-0.0242420116145665,1.5312729070177304,0.5217391304347826,23,0.0228495781503814,,11.5,3,True,False,,True,3,False
limit_up_chase,113,17.0,28.5,25,5.5,60,5.5,-2.5,,0.0,0.0,,0.0,0,0.0,15006.977432847232,0.1297985943353704,-2.992016925007105e-05,inf,1.0,1,0.0575200273236249,,0.5,2,True,False,,False,2,False
limit_up_chase,114,10.0,27.5,15,5.5,180,4.5,-3.0,1.075872114662971,0.0319147665580795,-0.0618905802021223,1.143923908486744,0.4915254237288136,59,0.0330208944202361,0.9443311398209652,0.0210227742463722,-0.0641484050012816,1.0789017515410495,0.3448275862068966,29,0.0089081331888627,0.8777354919332467,14.5,3,False,False,,False,3,False
limit_up_chase,115,22.0,28.5,20,7.0,60,6.0,-3.5,,0.0,0.0,,0.0,0,0.0,15006.977432847232,0.1297985943353704,-2.992016925007105e-05,inf,1.0,1,0.0575200273236249,,0.5,2,True,False,,False,2,False
limit_up_chase,116,9.0,25.5,25,6.5,300,8.0,-3.5,4.079981130736877,0.0756654011461607,-0.0686647448651304,1.3084014489827769,0.4216867469879518,83,0.1325469536251071,30.583710279948217,0.2011389379105797,-0.0380011318416445,1.993888429961683,0.4390243902439024,41,0.123312631539602,7.49604208939676,20.5,5,True,True,,True,5,True
limit_up_chase,117,19.0,27.5,25,6.5,60,2.5,-3.0,,0.0,0.0,,0.0,0,0.0,998.8294371690748,0.1289959483574375,-2.992016925007105e-05,inf,1.0,1,0.0044503373971249,,0.5,2,True,False,,False,2,False
limit_up_chase,118,11.0,27.0,15,5.0,210,5.5,-2.5,0.905740218016316,0.0305844578718776,-0.0739466719456754,1.1271367862845043,0.3939393939393939,66,0.0332113006115613,12.867219769018655,0.1333226178153118,-0.0493825158577734,1.7438809520307532,0.3939393939393939,33,0.0769952054859144,14.206302771008083,16.5,5,True,True,,True,5,True
limit_up_chase,119,14.0,28.0,20,5.5,270,4.0,-3.0,-1.3743020063735594,-0.089147622736651,-0.0963743120071775,0.6639059103902786,0.4444444444444444,45,-0.0690999634558728,212.2715402258,0.2833213502094094,-0.010105401056532,8.59038530859349,0.75,16,0.1886113929698938,,8.0,3,True,False,,True,3,False
limit_up_chase,120,12.0,25.5,10,8.5,150,4.5,-4.5,4.153004788633604,0.0565546733773284,-0.0198154756136916,2.275584248088947,0.5714285714285714,7,0.0406600161621548,,0.0,0.0,,0.0,0,0.0,,0.0,1,False,False,,False,1,False
limit_up_chase,121,19.0,28.0,15,4.5,150,7.5,-1.5,1.3753803644438536,0.0379932208201683,-0.0170365385789343,1.6847776414075,0.3333333333333333,6,0.0117410073234003,25.47217634866184,0.0996709382071133,-0.0129254379343465,4.239667256799272,0.25,4,0.0438511178461249,18.520095972841464,2.0,2,True,False,,False,2,False
limit_up_chase,122,12.0,28.5,30,7.5,180,2.5,-3.5,8.785804446018062,0.1000928573268967,-0.0198216332347286,2.576241088466335,0.6842105263157895,19,0.0842721040377736,7100.748165413251,0.2819581628718861,-5.335518419108687e-05,inf,1.0,7,0.0496362917327615,808.2069444001204,3.5,4,True,False,,True,4,False
limit_up_chase,123,12.0,25.5,20,4.0,180,2.0,-4.0,2.48828021834845,0.0497953632619596,-0.0391709163214123,1.2568898038376242,0.6811594202898551,69,0.0479878829314692,1.1050383398630037,0.0268240582568452,-0.0323678950441731,1.1060273607709592,0.7857142857142857,28,0.0053134005895947,0.444097224948584,14.0,3,False,False,,False,3,False
limit_up_chase,124,12.0,24.0,10,7.0,180,7.5,-4.0,0.2268624607008221,0.0075788263639626,-0.0441311985204865,1.041813428348392,0.375,24,0.0050331188153041,4.451894809309107,0.0625564981105622,-0.0177780144900168,1.659232330877484,0.5,4,0.0115521461762833,19.62376144363568,2.0,3,True,False,,True,3,False
limit_up_chase,125,18.0,27.5,10,9.5,60,6.5,-3.0,,0.0,0.0,,0.0,0,0.0,15006.977432847232,0.1297985943353704,-2.992016925007105e-05,inf,1.0,1,0.0575200273236249,,0.5,2,True,False,,False,2,False
limit_up_chase,126,15.0,27.5,25,5.5,120,2.0,-3.0,6.9690903248497325,0.0976474830031987,-0.0068762074543766,4.528300311205498,0.8333333333333334,6,0.0238702449187162,3639.32191524948,0.2559890621154532,-2.9993839097545623e-05,inf,1.0,4,0.0157449605987529,522.2090324002152,2.0,3,True,False,,True,3,False
limit_up_chase,127,21.0,27.5,10,9.5,90,5.0,-1.5,,0.0,0.0,,0.0,0,0.0,15006.977432847232,0.1297985943353704,-2.992016925007105e-05,inf,1.0,1,0.0575200273236249,,0.5,2,True,False,,False,2,False
limit_up_chase,128,9.0,28.5,10,4.0,120,8.0,-3.0,12.801532390268871,0.2012611029989622,-0.0678615484200877,2.1537248618007365,0.5194805194805194,77,0.3704116960733501,14.72448045928399,0.1235154811501842,-0.0410219765001063,1.5000805140741154,0.3658536585365853,41,0.0738524923665795,1.1502123347730506,20.5,5,True,True,,True,5,True
limit_up_chase,129,9.0,25.5,10,7.0,240,6.5,-3.5,4.481529104382604,0.0889426944053619,-0.0549209463915782,1.4082657562273797,0.4848484848484848,66,0.117277013369953,5.441395609939456,0.0844921624116198,-0.0321805204121303,1.3149939447861416,0.4814814814814814,27,0.0246303737467432,1.2141828119822258,13.5,4,True,False,,True,4,False
limit_up_chase,130,20.0,28.0,25,6.5,270,4.0,-2.0,-1.4815445614274425,-0.1035624717984589,-0.0278882220509926,0.2471039072117567,0.1666666666666666,6,-0.0210406740271551,168.54279998524137,0.1878613224943274,-0.0055994765692352,10.811841356284756,0.6666666666666666,6,0.1054145834386321,,3.0,3,True,False,,True,3,False
limit_up_chase,131,12.0,28.5,30,3.0,90,8.0,-3.5,5.948494230267639,0.0998267284692626,-0.0427693604236352,1.5564243717769255,0.4666666666666667,45,0.1210138064177444,6.057662044310015,0.0888050242284577,-0.0580757598625576,1.51248578315466,0.3333333333333333,21,0.0465040808687005,1.0183521761670205,10.5,3,True,False,,True,3,False
limit_up_chase,132,18.0,25.5,20,8.0,90,3.0,-3.5,,0.0,0.0,,0.0,0,0.0,,0.0,0.0,,0.0,0,0.0,,0.0,1,False,False,,False,1,False
limit_up_chase,133,10.0,28.0,10,4.0,60,5.0,-1.5,-1.0135129038141948,-0.0358555285707204,-0.0381703659624008,0.834418045160738,0.2857142857142857,35,-0.0196873596961583,8.474197946616522,0.0845464898298584,-0.0336295821257362,1.9637351833845396,0.25,12,0.0385348419181226,,6.0,2,True,False,,False,2,False
limit_up_chase,134,19.0,28.5,25,5.0,60,3.5,-3.0,,0.0,0.0,,0.0,0,0.0,15006.977432847232,0.1297985943353704,-2.992016925007105e-05,inf,1.0,1,0.0575200273236249,,0.5,2,True,False,,False,2,False
limit_up_chase,135,19.0,26.0,25,3.5,150,4.0,-3.5,-0.9342763633157756,-0.0377338061387803,-0.0303907039242899,0.6998793493160519,0.4444444444444444,9,-0.0144115488153114,95.03523731035614,0.1590955979527173,-0.0065550932855356,6.747542401525618,0.7142857142857143,7,0.0757547662212754,,3.5,3,True,False,,True,3,False
limit_up_chase,136,14.0,24.5,30,4.5,120,4.0,-4.0,1.927413622761973,0.075105964685676,-0.0391614435533019,1.774672933358126,0.6875,16,0.0373531650931751,11.176618580080772,0.1159680720909847,-0.0091735677974456,2.6400554136580783,0.75,4,0.0148273752724708,5.798764960509484,2.0,3,True,False,,True,3,False
limit_up_chase,137,9.0,24.0,15,9.0,180,6.5,-3.0,3.4116423653634373,0.0540057335357385,-0.0281431948728347,1.5278139660955503,0.4,20,0.0472880649243381,29.561426721393904,0.15065170627149,-0.0075654895117901,2.734953359744621,0.5714285714285714,7,0.0309034020985436,8.66486681649727,3.5,4,True,False,,True,4,False
limit_up_chase,138,15.0,24.5,25,8.5,180,7.5,-2.0,-1.9577312266889588,-0.1589206952999075,-0.027155025644775,0.0,0.0,5,-0.027155025644775,7011.251511792495,0.1832808902327501,-2.999138412386179e-05,inf,1.0,2,0.0291969867116237,,1.0,2,True,False,,False,2,False
limit_up_chase,139,12.0,28.0,30,6.5,270,2.5,-5.0,1.4389440316272748,0.0397843266121449,-0.0498192559828466,1.2841323814208832,0.6666666666666666,36,0.035507677783777,15299.16856570912,0.3996760151294443,-5.397482556943685e-05,inf,1.0,16,0.0950259349303572,10632.219342407348,8.0,4,True,False,,True,4,False
limit_up_chase,140,22.0,27.0,20,7.5,180,2.0,-4.5,409.7722699949426,0.0995872127033054,-2.999088800996542e-05,inf,1.0,2,0.0061747219515149,1419.348698285463,0.1818834754367597,-2.99922078240114e-05,inf,1.0,2,0.0063061229485048,3.463749995340047,1.0,3,True,False,,True,3,False
limit_up_chase,141,11.0,29.0,30,7.5,60,8.0,-3.0,6.99749165707037,0.0743674835599502,-0.0071415783753484,4.525866750576444,0.6666666666666666,3,0.0248802734138817,15006.977432847232,0.1297985943353704,-2.992016925007105e-05,inf,1.0,1,0.0575200273236249,2144.6224116157337,0.5,3,True,False,,True,3,False
limit_up_chase,142,17.0,24.0,15,6.5,300,7.0,-1.5,-1.0688969529466503,-0.0508512490524967,-0.0381815230745874,0.6574791380416134,0.1875,16,-0.020780548322843,-6.484454806806085,-0.1850476972238312,-0.0079764397748813,0.0,0.0,2,-0.0079764397748812,,1.0,1,False,False,,False,1,False
limit_up_chase,143,22.0,26.0,15,7.5,240,7.0,-1.5,-1.9712292787259396,-0.1227494178403523,-0.0133351245245951,0.0,0.0,3,-0.0133351245245951,19.273959541996344,0.0929008560402613,-0.0041879894697201,3.866655319257765,0.5,2,0.0117743906945297,,1.0,2,True,False,,False,2,False
limit_up_chase,144,9.0,27.5,20,6.0,210,4.5,-4.5,8.19666930834018,0.1031730612314693,-0.0363077890594803,1.4824938239239376,0.6285714285714286,70,0.1403019997531454,46.41367573582782,0.2134353382097231,-0.0259216086734304,2.4316794541703795,0.6666666666666666,30,0.1264914256814162,5.662504364864582,15.0,5,True,True,,True,5,True
limit_up_chase,145,21.0,25.0,20,6.0,270,4.0,-2.0,-1.1512711021959658,-0.0574450327236289,-0.0166117871042001,0.420010227732969,0.25,4,-0.0096843842929126,90.6977321044242,0.1481794744780289,-0.0054981555223476,11.922097588997088,0.75,4,0.0629072311026675,,2.0,2,True,False,,False,2,False
limit_up_chase,146,21.0,28.0,10,6.5,90,4.5,-3.0,,0.0,0.0,,0.0,0,0.0,15006.977432847232,0.1297985943353704,-2.992016925007105e-05,inf,1.0,1,0.0575200273236249,,0.5,2,True,False,,False,2,False
limit_up_chase,147,13.0,24.5,25,9.5,300,2.0,-1.5,-1.3923778789308623,-0.0956010564933185,-0.0410498566663962,0.4388155330045777,0.4,15,-0.0292256789341465,-0.9714597383698048,-0.0142182170023552,-0.0043711105015125,0.8650466201932779,0.5,2,-0.0006414813507125,,1.0,2,False,False,,False,2,False
limit_up_chase,148,14.0,24.0,15,7.0,210,6.5,-1.5,-1.2554963939511568,-0.0708194801602351,-0.0433249940270503,0.5726688288315053,0.1764705882352941,17,-0.0277932432200904,30.926565334668325,0.1208356382860409,-0.0040415904506895,3.260297064520657,0.5,4,0.0179185754901001,,2.0,2,True,False,,False,2,False
limit_up_chase,149,18.0,27.5,10,4.5,180,6.0,-4.0,-0.7286780521779883,-0.0308637248538788,-0.0521366518176717,0.7846751490342693,0.4285714285714285,14,-0.01933007676843,29.28322904464131,0.163565218892626,-0.0257367023305418,4.2323027716054415,0.5714285714285714,7,0.0883916053125604,,3.5,3,True,False,,True,3,False
limit_up_chase,150,22.0,26.0,25,10.0,270,2.5,-5.0,281.3479759403279,0.0706230790935527,-2.999088800996542e-05,inf,1.0,1,0.0042435595446899,,0.0,0.0,,0.0,0,0.0,,0.0,1,False,False,,False,1,False
limit_up_chase,151,18.0,28.5,15,8.5,120,4.0,-5.0,,0.0,0.0,,0.0,0,0.0,15006.977432847232,0.1297985943353704,-2.992016925007105e-05,inf,1.0,1,0.0575200273236249,,0.5,2,True,False,,False,2,False
limit_up_chase,152,16.0,27.0,10,4.5,90,5.5,-4.5,7.569465662180046,0.0813006177668736,-0.0104973000454469,2.2482510517597936,0.6666666666666666,9,0.0392854245431,44.86214967595935,0.128210648795656,-0.010265887099353,6.377086645287629,0.6666666666666666,3,0.0587855909829766,5.92672609641495,1.5,3,True,False,,True,3,False
limit_up_chase,153,18.0,25.0,25,10.0,180,6.0,-3.0,-1.977407798183884,-0.071428949864921,-0.0070086066472798,0.0,0.0,1,-0.0070086066472798,,0.0,0.0,,0.0,0,0.0,,0.0,1,False,False,,False,1,False
limit_up_chase,154,14.0,27.5,25,4.5,270,6.0,-4.0,-0.0936498397633923,0.0001802740775147,-0.0722730733038414,0.993146595083871,0.4339622641509434,53,-0.003416784833245,36.1021986627018,0.2017397486756953,-0.0360800470414215,2.9886302175863078,0.5555555555555556,18,0.1340164882352683,,9.0,3,True,False,,True,3,False
limit_up_chase,155,14.0,25.5,30,7.0,120,2.5,-3.0,1.616993291026371,0.0474120997955994,-0.0150690890731237,1.8267784214526104,0.6666666666666666,6,0.0122066773370326,2025.4590541839868,0.1824083216297744,-2.999206064254045e-05,inf,1.0,2,0.008932568394395,1252.6081990719615,1.0,3,True,False,,True,3,False
limit_up_chase,156,20.0,27.0,20,10.0,300,4.0,-5.0,-1.5344251391250974,-0.0725196569943378,-0.0314318000329938,0.2178321791073046,0.3333333333333333,3,-0.0246042157060187,17886.993976911443,0.1480439026693673,-2.998476185390166e-05,inf,1.0,2,0.0668933041469872,,1.0,2,True,False,,False,2,False
limit_up_chase,157,12.0,26.0,30,7.5,270,3.0,-1.5,-0.8166805347429363,-0.0175751515756458,-0.0361412594846345,0.8635596845833838,0.3103448275862069,29,-0.0149855823182736,14.058655694111575,0.129573355280946,-0.0075437038235282,1.969051736303584,0.6,10,0.0153159588875164,,5.0,3,True,False,,True,3,False
limit_up_chase,158,16.0,27.5,20,5.5,300,8.0,-2.0,-1.367607003308776,-0.0651733836454342,-0.0624634524275332,0.6488286929892965,0.1851851851851851,27,-0.0440049085246582,42.37741346180606,0.2004891804850412,-0.0283396657915745,3.719438743469936,0.375,16,0.1263251676232886,,8.0,3,True,False,,True,3,False
limit_up_chase,159,15.0,26.5,15,8.5,150,6.5,-2.0,-1.9686099882527377,-0.1238370307115481,-0.016017028711736,0.0,0.0,3,-0.016017028711736,15006.977432847232,0.1297985943353704,-2.992016925007105e-05,inf,1.0,1,0.0575200273236249,,0.5,2,True,False,,False,2,False
limit_up_chase,160,11.0,27.0,10,5.5,270,7.5,-2.0,-1.3878293312291656,-0.0550802569744028,-0.0977656166203845,0.8063485916068023,0.2093023255813953,86,-0.0708507389769118,75.66430859076671,0.2538862465478128,-0.0277795716513947,2.822055338922891,0.4054054054054054,37,0.1861368976909518,,18.5,4,True,False,,True,4,False
limit_up_chase,161,14.0,29.0,15,6.5,60,3.0,-2.5,433.21248294561127,0.0707978867926455,-2.999233125001192e-05,inf,1.0,1,0.0065271204022498,16671.385578224937,0.1409968746309118,-2.998743446992203e-05,inf,1.0,2,0.0630421346753122,38.4831606533323,1.0,3,True,False,,True,3,False
limit_up_chase,162,21.0,24.5,25,3.5,300,5.5,-5.0,0.3357728318816556,0.0117067359573967,-0.0342503363233816,1.088159021228827,0.5384615384615384,13,0.0057793654160156,72.82252848857657,0.2248391729867938,-0.0166126720667245,8.179110342102136,0.7777777777777778,9,0.1270042489465606,216.88034758643948,4.5,4,True,False,,True,4,False
limit_up_chase,163,19.0,25.0,25,9.5,120,2.5,-1.5,,0.0,0.0,,0.0,0,0.0,,0.0,0.0,,0.0,0,0.0,,0.0,1,False,False,,False,1,False
limit_up_chase,164,20.0,26.0,20,7.5,240,7.0,-4.5,-1.3086976128648988,-0.0669770734478745,-0.0396209098489551,0.3422813720566675,0.25,4,-0.0264766922261437,2.747914664783771,0.031737839028001,-0.0108916199523751,1.4168242153201644,0.5,2,0.0044568225132497,,1.0,2,False,False,,False,2,False
limit_up_chase,165,21.0,26.5,30,6.0,210,7.0,-1.5,-1.9606386822221304,-0.1560744997159227,-0.0241784166369362,0.0,0.0,5,-0.0241784166369362,72.21314507471905,0.1429720019535882,-0.0073516788836799,9.64365088607832,0.5,4,0.0663217975325562,,2.0,2,True,False,,False,2,False
limit_up_chase,166,21.0,28.0,10,7.5,90,3.5,-3.0,,0.0,0.0,,0.0,0,0.0,15006.977432847232,0.1297985943353704,-2.992016925007105e-05,inf,1.0,1,0.0575200273236249,,0.5,2,True,False,,False,2,False
limit_up_chase,167,11.0,24.5,25,3.5,90,5.5,-4.0,14.087987945616474,0.1328890964487438,-0.0182647905600427,1.9243214087686973,0.5945945945945946,37,0.1223195284227687,-1.7055552339193645,-0.04233834847415,-0.0518252267642102,0.8602782666740716,0.3809523809523809,21,-0.013858108718648,-0.1210645012263837,10.5,3,False,False,,False,3,False
limit_up_chase,168,19.0,26.0,10,3.0,210,8.0,-5.0,3.034809089488101,0.0679288395299102,-0.0514033244171697,1.492613693913934,0.5217391304347826,23,0.0757927488113705,72.06969169297736,0.2475528527257098,-0.0291674938386999,4.214719825739993,0.5625,16,0.1861467118459374,23.74768546153715,8.0,4,True,False,,True,4,False
limit_up_chase,169,12.0,26.5,20,6.0,120,3.5,-2.0,5.857579950930552,0.0622398268599138,-0.0157173601281278,1.9944478983100864,0.4666666666666667,15,0.0453847562602824,49.44778771188156,0.1369550606815072,-0.0099751999125139,6.872749127086161,0.6,5,0.0623268240665402,8.441675252597474,2.5,3,True,False,,True,3,False
limit_up_chase,170,17.0,29.0,15,4.0,120,2.5,-2.0,-0.7325748441594587,-0.0304305597358633,-0.0234443050839348,0.7975920059482573,0.4285714285714285,14,-0.0086926958728219,41.59874240772612,0.1467065198725241,-0.005379326442612,4.081598522259273,0.6,5,0.0309194786239848,,2.5,2,True,False,,False,2,False
limit_up_chase,171,17.0,29.0,15,6.5,120,3.5,-1.5,2.0478186202565283,0.0326147489871669,-0.004092729247975,2.059994018536718,0.5,2,0.0042150987433249,79.43479239577083,0.1179536121178477,-0.0050502664944985,10.839979843181816,0.5,2,0.0521792693623712,38.78995513080163,1.0,3,True,False,,True,3,False
limit_up_chase,172,18.0,26.0,25,5.0,60,8.0,-1.5,,0.0,0.0,,0.0,0,0.0,,0.0,0.0,,0.0,0,0.0,,0.0,1,False,False,,False,1,False
limit_up_chase,173,22.0,26.0,30,4.0,90,5.5,-2.5,0.8114313981769172,0.0171251532313012,-0.0068307692417099,1.415016493908373,0.5,2,0.0027895157897253,66.42984207284319,0.1158219647053952,-0.0059891387501967,9.225318725142134,0.5,2,0.051804159179005,81.86747791876722,1.0,3,True,False,,True,3,False
limit_up_chase,174,17.0,26.0,25,8.5,180,5.5,-3.0,-1.9513414607997024,-0.10865277925867,-0.03369643737199,0.0,0.0,3,-0.0336964373719901,-6.498510688851161,-0.130407775860521,-0.007205830083495,0.0,0.0,1,-0.007205830083495,,0.5,1,False,False,,False,1,False
limit_up_chase,175,11.0,27.0,25,3.5,150,5.0,-2.5,6.831858221045531,0.1074959201207241,-0.0411190725639194,1.500043292811586,0.4805194805194805,77,0.1328896842390869,5.783075502413063,0.0840585480649259,-0.0557139477511842,1.379221386989414,0.3846153846153846,39,0.0430154456281846,0.8464864631701966,19.5,5,True,True,,True,5,True
limit_up_chase,176,17.0,26.0,20,3.0,240,4.0,-5.0,13.282546427060492,0.1367422350040343,-0.0248504483796347,1.8544259530684255,0.6938775510204082,49,0.1545958838541454,27.373818835346533,0.1700173435121761,-0.0323472061006327,2.2945313951416804,0.64,25,0.1003514282775912,2.0608863658536087,12.5,4,True,False,,True,4,False
limit_up_chase,177,17.0,29.0,10,10.0,270,4.0,-3.5,4.6659740888949175,0.0533909660600264,-0.0091620212877006,1.8337820290332816,0.5714285714285714,7,0.0213208341193988,26312.40777003607,0.1879172616786339,-2.999151447417489e-05,inf,1.0,3,0.0916853646052162,5639.210006043531,1.5,3,True,False,,True,3,False
limit_up_chase,178,17.0,26.5,15,8.0,150,6.5,-3.0,910.834751565996,0.0709681329687555,-2.999233125001192e-05,inf,1.0,1,0.0136754045930249,56.67307059826674,0.1136867590747035,-0.0067928660702893,8.046830181630135,0.5,2,0.0503364354113669,0.0622210236278632,1.0,2,True,False,,False,2,False
limit_up_chase,179,18.0,29.0,15,8.0,90,7.0,-5.0,,0.0,0.0,,0.0,0,0.0,15006.977432847232,0.1297985943353704,-2.992016925007105e-05,inf,1.0,1,0.0575200273236249,,0.5,2,True,False,,False,2,False
limit_up_chase,180,12.0,27.5,10,7.5,210,7.5,-4.0,2.7193615221626155,0.0441994435872385,-0.0308295711102446,1.367311469028012,0.4545454545454545,22,0.0414074537308446,40.35613805216055,0.1701286410648829,-0.018042177940108,5.5370967573415655,0.6666666666666666,6,0.0859863227423116,14.840298990502257,3.0,4,True,False,,True,4,False
limit_up_chase,181,9.0,26.0,20,8.5,240,3.0,-3.5,-0.2319443152092264,-0.0046759361761011,-0.0582310223166845,0.9656631573466968,0.5641025641025641,39,-0.0068297300886228,16.91187006113381,0.1927553089437027,-0.0158822264601601,2.3848447160206767,0.7333333333333333,15,0.0365269880509018,,7.5,3,True,False,,True,3,False
limit_up_chase,182,10.0,28.0,20,7.0,300,4.0,-4.0,3.815621082664351,0.0840359139021733,-0.056171541603835,1.4389799215813062,0.603448275862069,58,0.1028156204243517,28.432144329396436,0.1700846233460112,-0.0352531676326842,1.9822652913194625,0.5454545454545454,33,0.1103743940522443,7.451511487493667,16.5,5,True,True,,True,5,True
limit_up_chase,183,12.0,27.5,20,8.5,210,8.0,-4.5,2.448791124980576,0.062799574849309,-0.0506322004391152,1.705042069254079,0.5,14,0.0606747023149139,162.94177918709062,0.2677673533498114,-0.01023326036918,15.8436450926174,0.875,8,0.1594499788907146,66.53968054885983,4.0,4,True,False,,True,4,False
limit_up_chase,184,15.0,24.5,15,9.0,150,7.0,-2.0,-1.9738125163043552,-0.1010977988060372,-0.0106900603579235,0.0,0.0,2,-0.0106900603579235,,0.0,0.0,,0.0,0,0.0,,0.0,1,False,False,,False,1,False
limit_up_chase,185,21.0,28.0,20,3.5,240,2.0,-3.0,-0.2741070851277555,-0.0101328543781554,-0.0372093720282693,0.9386465760769632,0.6521739130434783,23,-0.005153218961195,275.4400761277565,0.3574617445583163,-0.0023824729789002,34.55471591668834,0.9375,16,0.0790509328635424,,8.0,3,True,False,,True,3,False
limit_up_chase,186,16.0,24.5,25,5.5,180,6.5,-2.0,-1.9491532444424036,-0.1276184663058908,-0.0359364799894575,0.2512877242177492,0.1,10,-0.0359364799894575,10.242476003731314,0.101469148247552,-0.0104541634482373,2.502877723660043,0.5,4,0.0154573969619877,,2.0,2,True,False,,False,2,False
limit_up_chase,187,21.0,29.0,20,3.5,150,5.5,-5.0,15.81944820768152,0.1728271974067176,-0.012472926658448,7.908076322870328,0.9,10,0.0950010337554088,114.30008578838896,0.2438230204151864,-0.0115327681136398,11.251896856205123,0.875,8,0.1351737383673648,7.22528904218592,4.0,4,True,False,,True,4,False
limit_up_chase,188,17.0,28.0,20,10.0,150,7.0,-4.5,,0.0,0.0,,0.0,0,0.0,15006.977432847232,0.1297985943353704,-2.992016925007105e-05,inf,1.0,1,0.0575200273236249,,0.5,2,True,False,,False,2,False
limit_up_chase,189,18.0,27.5,20,8.0,240,2.5,-4.0,-0.7368639989118729,-0.0237646261311643,-0.0183578392350355,0.7674134038405487,0.5714285714285714,7,-0.0068403223101191,8791.854054771084,0.1670944092643442,-2.999436044853746e-05,inf,1.0,3,0.0359232506331723,,1.5,2,True,False,,False,2,False
limit_up_chase,190,8.0,24.0,20,6.5,90,2.5,-3.5,0.8791742196064518,0.0342604173143308,-0.0325533693375578,1.2489679454219629,0.6818181818181818,22,0.0143226667372382,-2.0350124057448387,-0.0471552277754386,-0.0184248874934086,0.7550135421300872,0.5714285714285714,7,-0.0057461406525602,-2.314686168409009,3.5,3,False,False,,False,3,False
limit_up_chase,191,22.0,28.0,15,6.0,270,4.5,-2.0,-1.1139460574905615,-0.0468867005859031,-0.0256135045486795,0.5996205362387507,0.25,8,-0.0144824811678132,199.84389057556123,0.199159361784787,-0.0052519911420133,11.13392961939645,0.6666666666666666,6,0.1142869166850806,,3.0,3,True,False,,True,3,False
limit_up_chase,192,17.0,25.0,25,8.0,90,5.5,-2.0,,0.0,0.0,,0.0,0,0.0,,0.0,0.0,,0.0,0,0.0,,0.0,1,False,False,,False,1,False
limit_up_chase,193,12.0,24.0,20,4.5,270,5.5,-3.5,4.29325437954169,0.078860670951984,-0.0543408560144879,1.3504557647873197,0.4861111111111111,72,0.1114644926601549,8.371422785749527,0.0959064171824699,-0.0275750981072466,1.3433282680391057,0.5483870967741935,31,0.0318153347476033,1.9499014140977096,15.5,5,True,True,,True,5,True
limit_up_chase,194,21.0,26.5,10,8.0,210,6.0,-2.5,-1.978752985032016,-0.0715036579169451,-0.0056311415230751,0.0,0.0,1,-0.005631141523075,73.38733502123483,0.1379401801863749,-0.006822114156804,9.83853623169518,0.6666666666666666,3,0.0631195679997418,,1.5,2,True,False,,False,2,False
limit_up_chase,195,8.0,27.0,20,4.5,90,5.5,-4.5,5.421180766899724,0.1185936862273679,-0.0505809515094141,1.602299617320242,0.6140350877192983,57,0.1298944275225269,6.805184672663035,0.0576478687717773,-0.0283628030358579,1.2409417349605627,0.4761904761904761,21,0.0269697868993463,1.255295657029861,10.5,4,True,False,,True,4,False
limit_up_chase,196,18.0,25.5,30,3.0,60,8.0,-2.5,2.5452580802502887,0.0515493536133913,-0.0137878831805465,2.246590817254564,0.5,4,0.017534821246838,9.77377831430016,0.0713233032351677,-0.0060830176510649,2.462113592543893,0.5,2,0.0087469305890757,3.839995004883377,1.0,3,True,False,,True,3,False
limit_up_chase,197,11.0,25.0,30,4.5,90,8.0,-3.5,8.092368236512687,0.1093194602705905,-0.0225752381449083,2.205943621113992,0.5555555555555556,18,0.0882385426326599,-2.3286261969457183,-0.0586657827285008,-0.0389289053141847,0.7019985442624429,0.25,8,-0.0142271675347642,-0.2877558372144979,4.0,2,False,False,,False,2,False
limit_up_chase,198,17.0,25.5,15,5.5,120,8.0,-5.0,4.120568428794272,0.0718250776412478,-0.0153681589627899,2.963625088216967,0.75,4,0.0314280625335747,,0.0,0.0,,0.0,0,0.0,,0.0,1,False,False,,False,1,False
limit_up_chase,199,12.0,25.0,15,7.0,180,8.0,-4.0,0.8883377166100569,0.0274381195591961,-0.0534279069007406,1.2242856824209294,0.4,20,0.0236442640884517,28.33430281107045,0.1554027707564744,-0.010695951090855,3.027814667391791,0.6666666666666666,6,0.0407250787970825,31.89586829566984,3.0,4,True,False,,True,4,False
