strategy,trial_id,p_fast_period,p_slow_period,p_signal_period,p_entry_hhmm_min,train_calmar,train_sharpe,train_mdd,train_profit_factor,train_win_rate,train_total_trades,train_total_return,test_calmar,test_sharpe,test_mdd,test_profit_factor,test_win_rate,test_total_trades,test_total_return,overfit_ratio,monthly_trades,gates_passed,gate_calmar_ok,pass_stage1,error
macd_cross,0,8,20,12,1470,2.6152017630412505,0.059505841568823166,-0.09761748239891192,1.2767329911180945,0.4645161290322581,155,0.12140831918857198,0.43557787152738686,0.011731218368015365,-0.06168081193089095,1.0368023889989266,0.43859649122807015,57,0.004005876793182539,0.16655612491666721,28.5,4,False,False,
macd_cross,1,10,26,8,1440,0.9150843149015829,0.034702399759326076,-0.14334380687753343,1.1439823488341123,0.4472049689440994,161,0.0640858657736354,-0.599511191287399,-0.006657212179063256,-0.08037508267458535,0.9558985468064997,0.375,56,-0.007419343168051595,-0.6551431179889432,28.0,4,False,False,
macd_cross,2,16,22,11,1490,0.5495311644404908,0.018633956647785173,-0.10407868881155063,1.0792015424445063,0.43410852713178294,129,0.028426589936161317,7.645344590596793,0.07682376294333607,-0.04783890991496102,1.4560770326026993,0.47619047619047616,42,0.0481245095927092,13.91248592494469,21.0,5,True,True,
macd_cross,3,8,20,7,1460,1.7023330385859796,0.0454136936633973,-0.08345999207987108,1.1727448218767,0.45698924731182794,186,0.0692434180686301,1.0294456217477772,0.02732532826814158,-0.10061792540652446,1.0986864503567846,0.390625,64,0.014973223316519846,0.604726336394712,32.0,5,False,False,
macd_cross,4,10,36,11,1430,6.424643073653272,0.09917529663311025,-0.07887250309857406,1.6322204479456408,0.4552238805970149,134,0.2294868006041384,1.8101758290828482,0.029216227041078725,-0.06089155381147351,1.1500977341944423,0.4883720930232558,43,0.01589227192513265,0.28175508091744006,21.5,4,False,False,
macd_cross,5,16,26,12,1490,1.2806387040458238,0.0416077380688484,-0.1040571525900163,1.1982615671387422,0.4482758620689655,116,0.06507526661809537,13.121462257503715,0.09273362477524455,-0.034364007332970424,1.6344425696380873,0.5128205128205128,39,0.05772843036038777,10.246029747539321,19.5,5,True,True,
macd_cross,6,10,34,11,1470,2.381884996128843,0.04822440582104429,-0.08171564750062214,1.2513959073018106,0.4186046511627907,129,0.09376626165235447,2.0934461065094894,0.04123765978109674,-0.08067054396418695,1.2121256361452843,0.45454545454545453,44,0.02380970779955427,0.8789030998187828,22.0,5,False,False,
macd_cross,7,8,24,12,1490,1.6317444540643373,0.048431963658094476,-0.1029858323319998,1.1962556614377067,0.46357615894039733,151,0.08142841465657802,-2.8158455749901967,-0.05860841873881782,-0.07871217042975659,0.76562350997118,0.41818181818181815,55,-0.03707912691250037,-1.7256657854583228,27.5,4,False,False,
macd_cross,8,12,28,8,1460,1.9114079572573925,0.06019197627833678,-0.11019198951868103,1.2429712087346985,0.47586206896551725,145,0.10111746743458072,24.004366202120202,0.1606572703325443,-0.056810036552113044,2.144960212107803,0.5660377358490566,53,0.13850527773675902,12.55847351214503,26.5,5,True,True,
macd_cross,9,12,22,7,1490,1.210259980141965,0.04234722082112556,-0.1365991428305751,1.1811060795701842,0.4620253164556962,158,0.08015569784569965,-0.45643624696513757,-0.002915859812109448,-0.06985794805599915,0.9738618961918325,0.4,60,-0.004874566864888519,-0.3771390068699099,30.0,4,False,False,
macd_cross,10,8,30,9,1470,0.8014672819645836,0.033476729351110325,-0.15732673037025385,1.1391510182345839,0.4382716049382716,162,0.061675117534364166,0.6137903323112754,0.016372601524239475,-0.07718583870877266,1.0585216218444093,0.4444444444444444,54,0.007004339959395756,0.7658332986553511,27.0,5,False,False,
macd_cross,11,8,34,11,1440,1.8137142333827503,0.05372671501907663,-0.1061459240626837,1.2173201969659888,0.45454545454545453,143,0.09278813842585687,39.065249050803686,0.1876362468684941,-0.04832449057880566,2.8833134238870914,0.62,50,0.17341269795388214,21.538811534793584,25.0,5,True,True,
macd_cross,12,14,22,11,1470,3.632339402354145,0.07521486425945006,-0.09103232640177936,1.4496211254495657,0.4796747967479675,123,0.15485093724891308,1.8653357037308593,0.031323546490019644,-0.05746954793625037,1.143414059519989,0.5116279069767442,43,0.01547447539613378,0.513535630101615,21.5,5,False,False,
macd_cross,13,16,30,11,1460,1.918914132081055,0.056885821760042005,-0.10200424083814227,1.2735072992631413,0.43859649122807015,114,0.09427375043440733,21.65108324635946,0.11780907007576058,-0.02834303486587763,1.8605633497580587,0.5675675675675675,37,0.07482220493382408,11.282987020830861,18.5,5,True,True,
macd_cross,14,8,20,12,1460,2.6152017630412505,0.059505841568823166,-0.09761748239891192,1.2767329911180945,0.4645161290322581,155,0.12140831918857198,0.43557787152738686,0.011731218368015365,-0.06168081193089095,1.0368023889989266,0.43859649122807015,57,0.004005876793182539,0.16655612491666721,28.5,4,False,False,
macd_cross,15,12,22,8,1440,0.7939198918463477,0.03397184319078135,-0.1500768981819906,1.1360074711896633,0.44155844155844154,154,0.05837107439619893,-3.1307952408477737,-0.05651733669063291,-0.06984037592404427,0.7604215780662833,0.4107142857142857,56,-0.03652310710757567,-3.943464917558327,28.0,4,False,False,
macd_cross,16,14,28,10,1480,0.9418625700233245,0.028268708087302672,-0.10648130022073399,1.1361563323495807,0.421875,128,0.04934535234286086,10.392691454177418,0.08233353832841286,-0.0386307653650838,1.4958479646672072,0.47619047619047616,42,0.05221445452242235,11.034190958368853,21.0,5,True,True,
macd_cross,17,10,30,9,1460,1.579348583811763,0.048889307527241896,-0.10576984078183356,1.1932549396389946,0.46258503401360546,147,0.08096213404220642,29.280512881204995,0.16945918536809246,-0.05032165897184081,2.280072964846139,0.5660377358490566,53,0.1463241881948678,18.539613851766898,26.5,5,True,True,
macd_cross,18,12,40,12,1440,2.4040268425265814,0.06285473620197339,-0.10229548763619443,1.3492414581006509,0.4336283185840708,113,0.11718269721585761,23.980893819464985,0.1432742191051744,-0.035494327340187815,2.0938671106938807,0.5142857142857142,35,0.09731106804819678,9.975302020447314,17.5,5,True,True,
macd_cross,19,16,40,8,1460,3.91781385840241,0.08695304204869433,-0.08010412993087312,1.4388642884582938,0.4491525423728814,118,0.14746776010957352,25.871139966286506,0.12588914071570598,-0.028782298391562704,1.9144841542059274,0.5128205128205128,39,0.08754531320923165,6.603463283688556,19.5,5,True,True,
macd_cross,20,10,34,10,1470,1.3846652705083664,0.035772193565088685,-0.09868005103427836,1.1719733790269011,0.42857142857142855,133,0.06667464062454997,19.59734049876118,0.1447674010238966,-0.0607773652442432,2.1794945622650266,0.5434782608695652,46,0.12556075237654563,14.153124885963383,23.0,5,True,True,
macd_cross,21,16,26,12,1480,1.2806387040458238,0.0416077380688484,-0.1040571525900163,1.1982615671387422,0.4482758620689655,116,0.06507526661809537,13.121462257503715,0.09273362477524455,-0.034364007332970424,1.6344425696380873,0.5128205128205128,39,0.05772843036038777,10.246029747539321,19.5,5,True,True,
macd_cross,22,8,26,7,1480,2.9869957990519023,0.06480057577912929,-0.0908356748181466,1.29989180887768,0.4426229508196721,183,0.12860545323249228,1.9381903771855649,0.03904795911923769,-0.08766600632660203,1.1681593693248598,0.3898305084745763,59,0.023946222370948567,0.6488761644059771,29.5,5,False,False,
macd_cross,23,14,28,7,1460,1.731103047058227,0.052135358682389436,-0.10570404585603307,1.2181218547761072,0.47183098591549294,142,0.08837647072261534,40.9213563029232,0.18647514560253461,-0.047298454448661424,2.9919525781357623,0.5918367346938775,49,0.17631562596534756,23.638891036823864,24.5,5,True,True,
macd_cross,24,16,30,8,1500,3.4396222383393256,0.06442659869176252,-0.07395119328712674,1.3706793249648996,0.43410852713178294,129,0.12099168169233909,1.833520201900007,0.030595418457477347,-0.06250011827430645,1.139354236050116,0.4418604651162791,43,0.016494355950035233,0.5330585962210908,21.5,5,False,False,
macd_cross,25,14,40,10,1450,1.5396549902131684,0.04883350581695112,-0.11017758702592356,1.2336713165788527,0.41379310344827586,116,0.08216954382118047,20.85245076651832,0.1239459720357258,-0.032409594583475164,1.9553138485945343,0.5,36,0.08096602228771466,13.543586647052178,18.0,5,True,True,
macd_cross,26,12,24,8,1470,1.6317444540643373,0.048431963658094476,-0.1029858323319998,1.1962556614377067,0.46357615894039733,151,0.08142841465657802,-2.8158455749901967,-0.05860841873881782,-0.07871217042975659,0.76562350997118,0.41818181818181815,55,-0.03707912691250037,-1.7256657854583228,27.5,4,False,False,
macd_cross,27,16,32,11,1490,3.0463286288303606,0.07163179834262931,-0.0888370273001934,1.3909642298904583,0.43636363636363634,110,0.12829268359724,64.6053010525865,0.18244325361555402,-0.018913511752970832,2.9164592550765103,0.6666666666666666,36,0.12793543673272767,21.207594099062035,18.0,5,True,True,
macd_cross,28,12,26,8,1500,2.542548185157843,0.06781152647702349,-0.09702118446142413,1.2853761829554184,0.4797297297297297,148,0.11752605706274588,3.776242747186507,0.05990213486399879,-0.07754039346195125,1.277239820219129,0.4727272727272727,55,0.03948635610502982,1.4852197371245004,27.5,5,True,True,
macd_cross,29,8,20,7,1450,3.8219820625997034,0.07257295339490784,-0.08245712132653102,1.3391736853877314,0.45989304812834225,187,0.14804710739530602,1.5419205692541271,0.03579185281436329,-0.09285150386738393,1.1397443675511225,0.40625,64,0.02038184318192271,0.40343480005903437,32.0,4,False,False,
macd_cross,30,10,40,10,1440,7.697876521597514,0.08836171342401102,-0.052663507594177,1.5146965778723227,0.44776119402985076,134,0.18709655036221773,4.824977715912247,0.06533628089029535,-0.06040793296464499,1.392493382905322,0.5333333333333333,45,0.03932327905064992,0.6267933374061107,22.5,5,True,True,
macd_cross,31,14,32,11,1500,2.103353799231193,0.061776811507503325,-0.10232716260905583,1.3069628002139182,0.44166666666666665,120,0.10322787937175493,3.712944271117295,0.053624948282041146,-0.06103982546847838,1.3057105313425559,0.5128205128205128,39,0.03128296437381928,1.765249513645508,19.5,5,True,True,
macd_cross,32,16,28,11,1430,2.3252152561836286,0.06471477835695548,-0.10179571964660566,1.3370970641324251,0.475,120,0.11300667994059865,36.54330655617628,0.11955055910572268,-0.017161379012223928,2.138851307509348,0.5263157894736842,38,0.07617097714475296,15.716096158836814,19.0,5,True,True,
macd_cross,33,8,40,11,1470,1.7796770511152669,0.03825750596173101,-0.08527015767877963,1.1755528089949816,0.42142857142857143,140,0.0737995823280635,21.193228414648427,0.1446621830107798,-0.06310130808249693,2.2255181078772677,0.5,46,0.1365809482026059,11.908468674902172,23.0,5,True,True,
macd_cross,34,12,22,9,1490,3.3843636036398475,0.07052209358834503,-0.07823928621112687,1.3000782746883681,0.48,150,0.1256777447797952,-1.585295638130792,-0.021720797595907948,-0.0664567520152089,0.8994419193644596,0.42592592592592593,54,-0.016647240192295798,-0.46841764768591154,27.0,4,False,False,
macd_cross,35,10,34,7,1470,0.9303360102863436,0.03588327115431174,-0.13830936089952853,1.1423323490605368,0.4528301886792453,159,0.06290120731829796,12.91950483045028,0.11537866390521646,-0.06524055854011124,1.7608000591269903,0.49056603773584906,53,0.09656686352508048,13.886923313302523,26.5,5,True,True,
macd_cross,36,16,24,11,1440,2.201825405997981,0.04529877903467609,-0.08085990819629606,1.2468580495588915,0.44,125,0.08608118007289045,3.2731933804001745,0.04629060052129889,-0.05792925081056536,1.2674473581870618,0.48717948717948717,39,0.02652784967365207,1.486581711467079,19.5,5,True,True,
macd_cross,37,12,40,11,1460,2.800353198753271,0.0749783154046907,-0.09736644918002377,1.3824155527439903,0.4482758620689655,116,0.12920241812533684,12.763875187163844,0.10164615734160767,-0.04037605188814996,1.6941607976873776,0.5263157894736842,38,0.06468324216453825,4.557951901512414,19.0,5,True,True,
macd_cross,38,10,30,8,1430,2.264098162714731,0.06254930786482706,-0.11393322205837815,1.276767610802624,0.45962732919254656,161,0.12260823330319814,2.9752219189879896,0.05121242812592682,-0.08172723678354181,1.2335573691065618,0.42857142857142855,56,0.03336536182476224,1.3140869808491857,28.0,5,False,False,
macd_cross,39,16,30,10,1430,2.4268929863438413,0.06630233939120288,-0.1060864403608272,1.3698381190456939,0.4634146341463415,123,0.12238533578729727,6.942879043184317,0.061397668090999016,-0.03904059528684308,1.4438536373251867,0.4864864864864865,37,0.0368293365522816,2.8608097193621593,18.5,5,True,True,
macd_cross,40,8,30,9,1460,0.8014672819645836,0.033476729351110325,-0.15732673037025385,1.1391510182345839,0.4382716049382716,162,0.061675117534364166,0.6137903323112754,0.016372601524239475,-0.07718583870877266,1.0585216218444093,0.4444444444444444,54,0.007004339959395756,0.7658332986553511,27.0,5,False,False,
macd_cross,41,8,26,11,1440,0.876893072818907,0.03494405319555182,-0.1377320137081698,1.1364547571044887,0.4423076923076923,156,0.05914632364132788,-0.8438207610220597,-0.011545898125720681,-0.07860172003815859,0.9311993083649429,0.3888888888888889,54,-0.010295256365688288,-0.9622846697938537,27.0,4,False,False,
macd_cross,42,8,34,7,1450,3.195136175359574,0.07596436718051258,-0.10925730570970663,1.3409952423842484,0.4585635359116022,181,0.16288512839943015,-0.16405765198400238,0.002404611392990861,-0.08934519730986645,0.992870362671082,0.4262295081967213,61,-0.0022241795421642507,-0.05134605944159474,30.5,4,False,False,
macd_cross,43,10,40,10,1450,8.206796913297424,0.09848600976270035,-0.05825553631472195,1.5888591519789712,0.44029850746268656,134,0.2176544389417332,5.523062339663008,0.07385874983748364,-0.06304405926856636,1.4678305034147285,0.4888888888888889,45,0.046082524142894155,0.6729863548486283,22.5,5,True,True,
macd_cross,44,12,36,11,1490,0.6247440533418553,0.025153234448187678,-0.10758411697888376,1.1071000046387647,0.4274193548387097,124,0.03332649749867089,2.5261202925316573,0.04168241201535237,-0.06721359042163877,1.219094540619847,0.5121951219512195,41,0.023929883211882386,4.043448319386216,20.5,5,False,False,
macd_cross,45,10,36,12,1460,2.168712543139695,0.05276971756753908,-0.0901964958321671,1.2722153609289542,0.4251968503937008,127,0.09421512639992424,1.098824418630816,0.021172307750804996,-0.06419531900031399,1.0887384129813718,0.47619047619047616,42,0.010331495254139789,0.5066713069497087,21.0,5,False,False,
macd_cross,46,12,32,12,1480,1.0440933535465282,0.03431156552801116,-0.1140141327350161,1.174771123700632,0.408,125,0.058319773678072284,1.1394562249657716,0.02388696837093933,-0.07318513814110496,1.1131648077970056,0.48717948717948717,39,0.012151228641710254,1.0913355794243103,19.5,5,False,False,
macd_cross,47,14,36,10,1440,2.1301136214372693,0.06658380888116361,-0.10808379574270488,1.326114426244037,0.45689655172413796,116,0.11007003981437324,2.8271011563189803,0.0423678009955974,-0.059450426493409175,1.2457693332999138,0.5263157894736842,38,0.023703080266408216,1.3272067404608336,19.0,5,False,False,
macd_cross,48,10,26,7,1480,1.3364028698681822,0.04229950187038647,-0.12639794603693927,1.1744239776342287,0.44508670520231214,173,0.08183521882964273,-3.346056318377577,-0.08896984855746783,-0.10356914116714568,0.6833064391157702,0.38333333333333336,60,-0.06214568702880552,-2.5037781598805005,30.0,4,False,False,
macd_cross,49,8,38,11,1460,0.3595125750272509,0.01471524963010798,-0.11244502950179004,1.052329275415362,0.4142857142857143,140,0.02017287231528231,23.145958035967553,0.1545297719909119,-0.06257311714578602,2.31762354056134,0.5652173913043478,46,0.14456038961685636,64.38149773818927,23.0,5,True,True,
macd_cross,50,16,26,7,1440,1.2463378481874874,0.0397806610616088,-0.11348402675078544,1.1683269752441638,0.45323741007194246,139,0.0689426968042115,30.795181953755417,0.1711110729399523,-0.050626151578209266,2.7141997400861553,0.5714285714285714,49,0.15222016487904333,24.708534687075378,24.5,5,True,True,
macd_cross,51,8,26,7,1430,5.609841194026102,0.09045434507727168,-0.0754693687431078,1.4480901397814672,0.44502617801047123,191,0.19472372623419143,0.31028916536146534,0.011667286886187254,-0.09035789351276113,1.0333117925272661,0.3559322033898305,59,0.004178335211328932,0.05531157739222477,29.5,4,False,False,
macd_cross,52,12,22,11,1460,4.206596907030557,0.07513167057773554,-0.07413300293438296,1.4026439880526902,0.4732824427480916,131,0.14659354875697872,14.248610789838324,0.13539788165633204,-0.062331002568632284,1.858763500094715,0.5490196078431373,51,0.10058569476535473,3.3872061204686332,25.5,5,True,True,
macd_cross,53,12,40,10,1460,4.483427635729723,0.08762516077064052,-0.06769612187586879,1.4337914144038713,0.448,125,0.1429154355975195,12.085601861405133,0.09013962724704808,-0.03922901245492294,1.5469336673762857,0.5238095238095238,42,0.06026169137249027,2.6956165780599424,21.0,5,True,True,
macd_cross,54,16,24,12,1500,1.2380403046607613,0.03990259402660644,-0.11578343092292512,1.211429226723813,0.42276422764227645,123,0.06984146269138436,1.0033383977578965,0.021785631984102775,-0.0725938068111279,1.100675494649167,0.47368421052631576,38,0.01065805787547891,0.8104246638665159,19.0,5,False,False,
macd_cross,55,10,34,10,1460,1.3846652705083664,0.035772193565088685,-0.09868005103427836,1.1719733790269011,0.42857142857142855,133,0.06667464062454997,19.59734049876118,0.1447674010238966,-0.0607773652442432,2.1794945622650266,0.5434782608695652,46,0.12556075237654563,14.153124885963383,23.0,5,True,True,
macd_cross,56,8,22,12,1490,1.0082644285911473,0.03809064334925961,-0.13343907891992,1.1551171895550711,0.45394736842105265,152,0.06568243368909443,-1.9011952897427407,-0.03204836822521415,-0.07316012325755897,0.8571392297778,0.44642857142857145,56,-0.022330843893224483,-1.8856117857884662,28.0,4,False,False,
macd_cross,57,12,32,10,1500,2.5733761907041726,0.05297554523054029,-0.08176383881844736,1.2901006687403505,0.42857142857142855,126,0.10101995163048771,2.083521791688706,0.04079141437286494,-0.07989175300546598,1.2094811885400376,0.4418604651162791,43,0.02348936908023913,0.8096452431692763,21.5,5,False,False,
macd_cross,58,8,40,12,1440,4.87239239663639,0.07324216982016193,-0.06798364014396906,1.4031434532608442,0.4338235294117647,136,0.1551057574620729,4.9792802428420915,0.06942408960859463,-0.06395304276131672,1.4133579752988212,0.5434782608695652,46,0.04256789644768655,1.0219374462285695,23.0,5,True,True,
macd_cross,59,8,32,12,1480,0.593913158011071,0.022914919757328695,-0.12208265162027374,1.0880308478848904,0.43884892086330934,139,0.03590659918678618,40.8707325846575,0.1717170949619699,-0.04264510716570145,2.5850498701977416,0.5957446808510638,47,0.16434091751791113,68.81600791861163,23.5,5,True,True,
macd_cross,60,8,26,8,1460,3.572288063250378,0.07095956623438493,-0.084375980648351,1.3232320635337318,0.45714285714285713,175,0.14198917416177115,3.684093960753797,0.06111785684370492,-0.08383000772189668,1.3123081172208042,0.423728813559322,59,0.041419324526344115,1.0312981191672679,29.5,5,True,True,
macd_cross,61,16,34,8,1490,2.514962223284286,0.05281605890196688,-0.07953992126441005,1.2747722999294302,0.421875,128,0.09625632256732208,1.660893802591373,0.0288901173837154,-0.06477733240729036,1.1275752874216793,0.46511627906976744,43,0.015528165655998682,0.6604050697916305,21.5,5,False,False,
macd_cross,62,10,28,10,1460,2.154005342753229,0.06003687340080782,-0.10583933390593035,1.265539621654765,0.48226950354609927,141,0.10904536585564362,31.84005662524562,0.17567243878478936,-0.05650583408081845,2.479987024697787,0.5961538461538461,52,0.1679081364953654,14.781790923762502,26.0,5,True,True,
macd_cross,63,8,34,11,1440,1.8137142333827503,0.05372671501907663,-0.1061459240626837,1.2173201969659888,0.45454545454545453,143,0.09278813842585687,39.065249050803686,0.1876362468684941,-0.04832449057880566,2.8833134238870914,0.62,50,0.17341269795388214,21.538811534793584,25.0,5,True,True,
macd_cross,64,8,40,11,1430,4.610100257422908,0.07720641689332298,-0.0817841373517783,1.408029856077544,0.4482758620689655,145,0.17496127203769318,35.10554723973382,0.16819388766269514,-0.045632206163757995,2.5715070559382953,0.5652173913043478,46,0.15511249710776376,7.614920561263059,23.0,5,True,True,
macd_cross,65,8,26,8,1490,3.572288063250378,0.07095956623438493,-0.084375980648351,1.3232320635337318,0.45714285714285713,175,0.14198917416177115,3.684093960753797,0.06111785684370492,-0.08383000772189668,1.3123081172208042,0.423728813559322,59,0.041419324526344115,1.0312981191672679,29.5,5,True,True,
macd_cross,66,14,34,8,1490,3.8463215510299484,0.07144649897997774,-0.0820795912169374,1.4107379820412538,0.43609022556390975,133,0.14829118460467017,1.933052331055344,0.035915048213157,-0.07313984683663131,1.1818355358644232,0.4318181818181818,44,0.020141227130138217,0.5025716923063078,22.0,5,False,False,
macd_cross,67,8,24,10,1430,2.2895373079313988,0.06056004112942814,-0.1168527707197855,1.274165877226588,0.4444444444444444,171,0.1269099247158969,-1.7886286244646792,-0.025851672632300173,-0.06614360977600911,0.8833613152192493,0.3728813559322034,59,-0.01880741386661633,-0.7812183790447637,29.5,4,False,False,
macd_cross,68,14,28,10,1470,0.9418625700233245,0.028268708087302672,-0.10648130022073399,1.1361563323495807,0.421875,128,0.04934535234286086,10.392691454177418,0.08233353832841286,-0.0386307653650838,1.4958479646672072,0.47619047619047616,42,0.05221445452242235,11.034190958368853,21.0,5,True,True,
macd_cross,69,14,36,12,1500,6.2131031611007135,0.10053045156390959,-0.06076076858901151,1.5790374309973962,0.45871559633027525,109,0.1751675966294184,30.958750375998548,0.16995997360938092,-0.039588816604993686,2.845334235124242,0.6363636363636364,33,0.12821901652944634,4.982816086142998,16.5,5,True,True,
macd_cross,70,10,26,9,1460,1.5695107374493262,0.04727967877443898,-0.10661112211611075,1.1937189351408188,0.45394736842105265,152,0.08109275977373831,-2.8158455749901967,-0.05860841873881782,-0.07871217042975659,0.76562350997118,0.41818181818181815,55,-0.03707912691250037,-1.7940913099876834,27.5,4,False,False,
macd_cross,71,8,38,12,1430,3.6375057688581065,0.06239504071429482,-0.07868909502529067,1.323496820632096,0.42657342657342656,143,0.13525511718453864,7.572397729681993,0.09083880011720592,-0.061433743815618086,1.5927370442513367,0.5652173913043478,46,0.059293320720863685,2.081755524489281,23.0,5,True,True,
macd_cross,72,12,20,7,1500,3.197071995720391,0.06862480473654371,-0.09280777553590114,1.3218092927819602,0.4528301886792453,159,0.13990786242451336,-2.0898787279582676,-0.035278392240927936,-0.07583896661821532,0.8544911993847119,0.4067796610169492,59,-0.025685680970406133,-0.6536852253423711,29.5,4,False,False,
macd_cross,73,16,36,8,1430,4.237025197897031,0.0889307225035798,-0.07813840755966164,1.482762549380801,0.47244094488188976,127,0.1550320416857458,7.890371657823758,0.0775770274181324,-0.04795120083117803,1.4855468831721375,0.5238095238095238,42,0.04957786285752808,1.862243269579798,21.0,5,True,True,
macd_cross,74,16,22,8,1440,1.560574513557507,0.04951460066884826,-0.12100959440022296,1.2204263540569398,0.45925925925925926,135,0.09109016152712535,40.180711065184525,0.19455288520200456,-0.04622902008926853,3.136254731016148,0.58,50,0.17154822712251505,25.74738387440919,25.0,5,True,True,
macd_cross,75,16,22,12,1460,1.9771633551414556,0.04528293617972711,-0.08966439706389008,1.2480275505955791,0.43548387096774194,124,0.08572882403173909,1.471728812983348,0.028885278810700677,-0.0725938068111279,1.1418120886637677,0.48717948717948717,39,0.015424458393194174,0.7443637922765636,19.5,5,False,False,
macd_cross,76,14,22,11,1460,3.632339402354145,0.07521486425945006,-0.09103232640177936,1.4496211254495657,0.4796747967479675,123,0.15485093724891308,1.8653357037308593,0.031323546490019644,-0.05746954793625037,1.143414059519989,0.5116279069767442,43,0.01547447539613378,0.513535630101615,21.5,5,False,False,
macd_cross,77,16,38,7,1440,7.0709523696498735,0.10028172658759114,-0.0682138080429547,1.6216453527140937,0.4573643410852713,129,0.21941567822107166,7.050717933823621,0.06640172740169674,-0.04133288586008449,1.411597180028562,0.5365853658536586,41,0.039318375011330176,0.9971383719238297,20.5,5,True,True,
macd_cross,78,14,40,11,1480,2.1883745602478974,0.06204802074846242,-0.10197840474143652,1.3059220121170936,0.46017699115044247,113,0.10685322293630506,15.396039138407458,0.12312016847448447,-0.0477091239175146,2.0812484993357585,0.5757575757575758,33,0.08659363646977924,7.035376584099664,16.5,5,True,True,
macd_cross,79,12,26,12,1480,2.1325808578376075,0.04516819179573071,-0.08319482476653518,1.2382615892094555,0.448,125,0.08579320796396472,13.341679912327525,0.0977312615624851,-0.0386307653650838,1.6223813444248079,0.5116279069767442,43,0.06468794821503332,6.256119135316496,21.5,5,True,True,
macd_cross,80,10,28,10,1450,3.6285065135642025,0.0790490458706586,-0.10464342474761246,1.4030740978241436,0.49295774647887325,142,0.17610725721505482,29.119089758046883,0.1706095452961062,-0.055943962180165174,2.4939331351223255,0.5769230769230769,52,0.1569182796225217,8.025089564864482,26.0,5,True,True,
macd_cross,81,12,34,9,1440,3.199779870196535,0.059460650832226895,-0.07976012197150106,1.3103877196520874,0.42748091603053434,131,0.12137474171242868,5.347731384952703,0.0712419313764093,-0.06032255085934676,1.4335325033753543,0.5227272727272727,44,0.04306193064582953,1.6712810261614146,22.0,5,True,True,
macd_cross,82,8,34,11,1440,1.8137142333827503,0.05372671501907663,-0.1061459240626837,1.2173201969659888,0.45454545454545453,143,0.09278813842585687,39.065249050803686,0.1876362468684941,-0.04832449057880566,2.8833134238870914,0.62,50,0.17341269795388214,21.538811534793584,25.0,5,True,True,
macd_cross,83,8,36,8,1470,0.18425845827621026,0.012606824041178284,-0.16630448829876363,1.0388353106921622,0.44785276073619634,163,0.015327496599595314,2.2887920630923575,0.03925745445637184,-0.0676139976266392,1.1753556319010992,0.45454545454545453,55,0.021934445325627827,12.421639063436498,27.5,5,False,False,
macd_cross,84,10,30,7,1460,0.6113875552506526,0.02804505933024236,-0.1641773004378669,1.1108704032239354,0.4431137724550898,167,0.04938630503013197,0.09152665688343753,0.007240214855969875,-0.09124195312783724,1.0152845020842365,0.40350877192982454,57,0.0012548460245140891,0.14970317288501897,28.5,4,False,False,
macd_cross,85,12,28,8,1500,1.9114079572573925,0.06019197627833678,-0.11019198951868103,1.2429712087346985,0.47586206896551725,145,0.10111746743458072,24.004366202120202,0.1606572703325443,-0.056810036552113044,2.144960212107803,0.5660377358490566,53,0.13850527773675902,12.55847351214503,26.5,5,True,True,
macd_cross,86,16,28,11,1430,2.3252152561836286,0.06471477835695548,-0.10179571964660566,1.3370970641324251,0.475,120,0.11300667994059865,36.54330655617628,0.11955055910572268,-0.017161379012223928,2.138851307509348,0.5263157894736842,38,0.07617097714475296,15.716096158836814,19.0,5,True,True,
macd_cross,87,16,28,12,1440,3.8873841000540366,0.08651393347941037,-0.07954620997106207,1.4883722806179271,0.4672897196261682,107,0.14543847470281857,28.187122457011622,0.12147358961616042,-0.022745241033010514,1.9740952184447742,0.5526315789473685,38,0.07756111879250382,7.250922916678032,19.0,5,True,True,
macd_cross,88,10,28,7,1440,1.6777414289219874,0.04891652806735305,-0.11878238052580335,1.213335483450083,0.4411764705882353,170,0.09590924239180176,-3.644144213843667,-0.07646426070286086,-0.08354890053308386,0.7020977734562748,0.3442622950819672,61,-0.05327733160836756,-2.1720535423537632,30.5,3,False,False,
macd_cross,89,16,24,9,1470,2.12480811025804,0.044434236095168424,-0.08590523521752756,1.232917095502154,0.4461538461538462,130,0.08816666362372572,11.218675345288528,0.09737482884296836,-0.045322622431317613,1.6309844294503952,0.5116279069767442,43,0.06395131090128237,5.279853409410281,21.5,5,True,True,
macd_cross,90,16,26,12,1480,1.2806387040458238,0.0416077380688484,-0.1040571525900163,1.1982615671387422,0.4482758620689655,116,0.06507526661809537,13.121462257503715,0.09273362477524455,-0.034364007332970424,1.6344425696380873,0.5128205128205128,39,0.05772843036038777,10.246029747539321,19.5,5,True,True,
macd_cross,91,10,40,12,1470,4.483427635729723,0.08762516077064052,-0.06769612187586879,1.4337914144038713,0.448,125,0.1429154355975195,12.085601861405133,0.09013962724704808,-0.03922901245492294,1.5469336673762857,0.5238095238095238,42,0.06026169137249027,2.6956165780599424,21.0,5,True,True,
macd_cross,92,16,34,9,1430,2.8399539338567084,0.0768955235236532,-0.099652752425558,1.4041312181605559,0.48360655737704916,122,0.13382067754156113,5.969070796585612,0.06510647880140161,-0.05014983338378823,1.432870158037553,0.5128205128205128,39,0.04027719008582187,2.1018195842632936,19.5,5,True,True,
macd_cross,93,8,40,10,1470,0.2974012999738492,0.014219681987121396,-0.11789361833224438,1.0453991688215802,0.4295774647887324,142,0.017518964876689358,21.70849341439938,0.15179188672594257,-0.06488852550388542,2.2644886819726078,0.5531914893617021,47,0.14174354173579218,72.99394258299554,23.5,5,True,True,
macd_cross,94,8,20,9,1450,9.717021799265487,0.10727185262629554,-0.0559105932613963,1.5696014761564803,0.46987951807228917,166,0.24443091656902527,-0.8021286177837519,-0.014190897960485425,-0.09562653597372411,0.927365966777946,0.3684210526315789,57,-0.011962153278798016,-0.0825488132427968,28.5,4,False,False,
macd_cross,95,12,24,12,1500,3.227844473546338,0.06494897092897636,-0.08595333248411204,1.370151687262713,0.4603174603174603,126,0.13133943386733504,6.141610160865808,0.07510332531350454,-0.05797290782364018,1.4777783179684614,0.5238095238095238,42,0.04699881774229908,1.9026970509883958,21.0,5,True,True,
macd_cross,96,16,32,11,1430,3.9199029609242486,0.08341973110401288,-0.09030207368905759,1.5078697113814221,0.45535714285714285,112,0.16500461673363143,62.941566846797166,0.1890232419916931,-0.01953218954422494,3.3142312700752568,0.6388888888888888,36,0.1285067107298774,16.056919641693522,18.0,5,True,True,
macd_cross,97,8,22,12,1450,1.4250759844802416,0.05186886741632129,-0.14951210994279204,1.227542524162004,0.44155844155844154,154,0.10223731908065115,-1.7203865479816667,-0.026124424596441393,-0.06784459424132472,0.8772230115268003,0.42857142857142855,56,-0.01854123016403675,-1.2072244334460045,28.0,4,False,False,
macd_cross,98,16,20,9,1450,6.131471379686786,0.09176971747428606,-0.07213625731423313,1.5311431120484198,0.48120300751879697,133,0.20270519480201998,23.46525120453651,0.14893429518518858,-0.04146106361835884,2.010399389365827,0.5384615384615384,52,0.10789800719263098,3.827017978470151,26.0,5,True,True,
macd_cross,99,14,24,7,1470,2.1174188065268758,0.056934999899760835,-0.09609282139904214,1.233094842354703,0.47368421052631576,152,0.09783379092362154,2.663010014178738,0.04848785528727917,-0.08482726239425419,1.2178832945351707,0.45454545454545453,55,0.03118891882644448,1.2576680654625787,27.5,5,False,False,
macd_cross,100,12,20,9,1460,1.9408703097603697,0.05312517329164234,-0.10443740301421232,1.2405838352438527,0.47297297297297297,148,0.09748006629054462,-0.7728678876939707,-0.0060887189767506586,-0.05584989450485988,0.9625909597937645,0.4727272727272727,55,-0.006631515912102426,-0.3982068682319084,27.5,4,False,False,
macd_cross,101,10,40,7,1480,0.626260774991807,0.027822279840504463,-0.14360978005075176,1.1031070544805563,0.42857142857142855,154,0.04435740562062107,53.61241542178571,0.19818111091021465,-0.0367333208506693,2.8959515605219877,0.5961538461538461,52,0.1783508046322948,85.60717445937293,26.0,5,True,True,
macd_cross,102,16,32,11,1450,2.8758463724802867,0.07151283515888303,-0.09805608391354331,1.4034965791171647,0.42727272727272725,110,0.13336854467504566,72.43011746889813,0.19953673728870044,-0.018692832376599907,3.6512972048534174,0.6388888888888888,36,0.13779478831044045,25.18566991686362,18.0,5,True,True,
macd_cross,103,10,24,8,1490,1.1391829894107814,0.04118019088491236,-0.14061922275658234,1.173046188674765,0.4567901234567901,162,0.07775692119197708,0.8714765995936962,0.01937834488251964,-0.06806997310286236,1.0687514614931903,0.4067796610169492,59,0.008727880241670372,0.7650014156588216,29.5,5,False,False,
macd_cross,104,8,24,12,1480,1.6317444540643373,0.048431963658094476,-0.1029858323319998,1.1962556614377067,0.46357615894039733,151,0.08142841465657802,-2.8158455749901967,-0.05860841873881782,-0.07871217042975659,0.76562350997118,0.41818181818181815,55,-0.03707912691250037,-1.7256657854583228,27.5,4,False,False,
macd_cross,105,14,40,12,1460,3.9933832004528864,0.08700914898190391,-0.07688312466686718,1.4540805851838614,0.45871559633027525,109,0.14446676858399,15.209208615071647,0.1255411593358148,-0.04768737811702107,2.146217694273708,0.6129032258064516,31,0.0857184009612677,3.808602343333037,15.5,5,True,True,
macd_cross,106,12,24,12,1440,3.8384314457585624,0.07348343751094083,-0.0839474231057156,1.4198521487439524,0.47244094488188976,127,0.15115628547082416,17.308985814791278,0.11570695038801145,-0.03437073884352219,1.9233946897225092,0.5952380952380952,42,0.07293113358251757,4.509390374528526,21.0,5,True,True,
macd_cross,107,14,20,10,1460,4.5847027351124785,0.08088343407839177,-0.07421637227220286,1.436189411303075,0.4772727272727273,132,0.1590421967598883,16.885277847254518,0.13613848178512283,-0.05157181109563677,1.787784492168446,0.5272727272727272,55,0.0990568351394967,3.682960231627812,27.5,5,True,True,
macd_cross,108,10,34,9,1470,0.6115755422882304,0.02474584249628361,-0.11935127245170127,1.0892022067518015,0.45,140,0.03614305817607577,44.16244591867955,0.18013646296281205,-0.04267053915736417,2.6683274418065954,0.6122448979591837,49,0.17320593054110112,72.21094184611157,24.5,5,True,True,
macd_cross,109,10,26,7,1460,1.3364028698681822,0.04229950187038647,-0.12639794603693927,1.1744239776342287,0.44508670520231214,173,0.08183521882964273,-3.346056318377577,-0.08896984855746783,-0.10356914116714568,0.6833064391157702,0.38333333333333336,60,-0.06214568702880552,-2.5037781598805005,30.0,4,False,False,
macd_cross,110,14,30,9,1440,3.681320588787703,0.06834832656895588,-0.0796569502358225,1.3879672778078482,0.4375,128,0.13836937746194744,7.1444595034590535,0.07511781471387693,-0.04752953485814512,1.499500824438421,0.5,42,0.04507080818646725,1.9407327699791008,21.0,5,True,True,
macd_cross,111,12,30,12,1490,0.5012061250137939,0.01730336194689912,-0.09494027554858296,1.0733194990532413,0.4140625,128,0.023704655135054153,6.990767651557922,0.0691854302026271,-0.04626114302692088,1.3917564517341472,0.5128205128205128,39,0.04315848383523524,13.947889506269554,19.5,5,True,True,
macd_cross,112,16,30,7,1440,2.9889459670109066,0.056426623353752016,-0.0796109092882951,1.2911792460927638,0.44029850746268656,134,0.11357609651048861,11.25009586922865,0.11038843581197366,-0.05160814323863998,1.6908092359717106,0.574468085106383,47,0.07147230313728148,3.7639007173084833,23.5,5,True,True,
macd_cross,113,12,24,11,1470,2.138822876873146,0.05423444456363961,-0.10564160587996088,1.292280431818467,0.453125,128,0.10812110470927339,14.200441126430382,0.1096167740933011,-0.05000750082662745,1.7541654268674876,0.5217391304347826,46,0.08427453432889132,6.639372189243987,23.0,5,True,True,
macd_cross,114,8,22,11,1490,2.2410972532585096,0.05605437501497616,-0.10569762887750894,1.2519574026608575,0.46496815286624205,157,0.11308909179886739,0.9476300416836547,0.01927968424342544,-0.06168081193089095,1.0694262245571484,0.42105263157894735,57,0.008602797165334186,0.4228419986262622,28.5,4,False,False,
macd_cross,115,12,30,10,1440,3.2795492932166015,0.060153095000258325,-0.08088503558272038,1.3274044533117288,0.43846153846153846,130,0.12589134918814748,13.946778019901279,0.11479201580703804,-0.04265958542926031,1.8234319573014046,0.5581395348837209,43,0.07293530656426017,4.252650828804039,21.5,5,True,True,
macd_cross,116,14,38,8,1470,6.318965199960633,0.09051519849317675,-0.0652948228714649,1.5348916111803794,0.4351145038167939,131,0.1901569884847083,0.5640322977268755,0.014904104890632578,-0.0745184639960788,1.0590748247876915,0.46511627906976744,43,0.006227716057483068,0.08926023168008416,21.5,4,False,False,
macd_cross,117,8,32,7,1460,2.004775356900944,0.056960399106407995,-0.1169381002797368,1.2538932237002,0.45251396648044695,179,0.11198010078326859,-0.8940066340791301,-0.012356545855763226,-0.08725237030862511,0.9355906855671047,0.4032258064516129,62,-0.012171962314579288,-0.44593855915164415,31.0,4,False,False,
macd_cross,118,12,32,7,1480,0.8197087027843557,0.03149256655281197,-0.12236363488039188,1.1182305773950305,0.4489795918367347,147,0.049351016754050514,42.2159060432597,0.186555446432329,-0.04142124994988071,2.7783912601896255,0.5882352941176471,51,0.16470537757943382,51.50110752742078,25.5,5,True,True,
macd_cross,119,16,30,12,1440,6.428774261190646,0.10972923200510831,-0.06662649956421061,1.6795019107429596,0.4807692307692308,104,0.19681817629506138,44.76943354417157,0.16971152475036733,-0.018937408703363807,2.7843308780449383,0.6285714285714286,35,0.09700973098235433,6.963914383249788,17.5,5,True,True,
macd_cross,120,12,36,9,1490,3.590936815850776,0.06778999584314445,-0.08191338538850833,1.3848128752891458,0.42424242424242425,132,0.1387699015829269,1.640020903391926,0.035130431642471864,-0.08496593428539946,1.1759200178309948,0.45454545454545453,44,0.01986644775414459,0.4567111557498589,22.0,4,False,False,
macd_cross,121,12,32,12,1470,1.0440933535465282,0.03431156552801116,-0.1140141327350161,1.174771123700632,0.408,125,0.058319773678072284,1.1394562249657716,0.02388696837093933,-0.07318513814110496,1.1131648077970056,0.48717948717948717,39,0.012151228641710254,1.0913355794243103,19.5,5,False,False,
macd_cross,122,16,24,8,1490,1.06954069678942,0.032198731912684096,-0.11088196886217792,1.1500004183863362,0.44696969696969696,132,0.0581059303433098,58.02312315654049,0.18532443031739834,-0.03163655187394382,2.848212008591424,0.5957446808510638,47,0.17019214253821469,54.25050522220994,23.5,5,True,True,
macd_cross,123,14,40,12,1450,3.700531189359751,0.08725775542150663,-0.08602351637498032,1.4699538917200163,0.44954128440366975,109,0.14944660771159946,25.33063847648005,0.14883823613770963,-0.03498864549935395,2.657508271125657,0.5806451612903226,31,0.1004234161498434,6.845135787346963,15.5,5,True,True,
macd_cross,124,16,38,9,1490,1.314829830822761,0.0417885061346948,-0.1019508971640883,1.1906213898408289,0.41025641025641024,117,0.06544865510380804,11.530405578520845,0.10229324446659356,-0.046944569263438686,1.6958000704280967,0.5405405405405406,37,0.06741122461159188,8.769504089594346,18.5,5,True,True,
macd_cross,125,16,20,9,1470,3.8187837757498633,0.07171544369216798,-0.0741416752938334,1.3741634678597308,0.4696969696969697,132,0.13387492213214958,23.889212829653093,0.15634032990343863,-0.046208011441157465,2.0289343148931023,0.5576923076923077,52,0.11868880841759011,6.255712350449107,26.0,5,True,True,
macd_cross,126,10,32,11,1480,1.500363072703306,0.03355002367790301,-0.08600135310815463,1.1671117762322443,0.4122137404580153,131,0.06307161096408964,5.291692209010965,0.07614631906984191,-0.07018282896298528,1.441991199820104,0.5111111111111111,45,0.048776168544438114,3.5269411153105525,22.5,5,True,True,
macd_cross,127,14,34,10,1460,1.6575432266280696,0.05296732147170279,-0.10310351060364584,1.2505745247946691,0.43902439024390244,123,0.08275832456317911,4.724641521024275,0.06249410772745008,-0.05908831985951745,1.3713910231618955,0.5384615384615384,39,0.03782507936388302,2.8503881196725023,19.5,5,True,True,
macd_cross,128,16,34,12,1450,5.522727006710177,0.10041181944301025,-0.07281992341459058,1.6485568712343144,0.4666666666666667,105,0.18571968047793574,34.9985635661537,0.16526958690640875,-0.022586782910515017,2.9238407602823657,0.59375,32,0.09181008965472448,6.337188769901181,16.0,5,True,True,
macd_cross,129,8,28,11,1480,1.610807336511298,0.04743998956153382,-0.10278363570985566,1.1915689140345482,0.46621621621621623,148,0.08026974740124948,2.5065361490590674,0.046869912095457766,-0.08610483431630535,1.2074800136569912,0.45454545454545453,55,0.02990700464070728,1.5560744554887287,27.5,5,False,False,
macd_cross,130,8,26,12,1470,2.542548185157843,0.06781152647702349,-0.09702118446142413,1.2853761829554184,0.4797297297297297,148,0.11752605706274588,3.776242747186507,0.05990213486399879,-0.07754039346195125,1.277239820219129,0.4727272727272727,55,0.03948635610502982,1.4852197371245004,27.5,5,True,True,
macd_cross,131,10,26,8,1430,1.7439589026844364,0.05142556195284419,-0.12597166941518503,1.2285878879231171,0.4431137724550898,167,0.10526619269030513,-1.3435912464492097,-0.023888904045713005,-0.08792717499818903,0.8860612721859951,0.375,56,-0.018779195241822144,-0.7704259798674442,28.0,4,False,False,
macd_cross,132,8,26,10,1440,0.9150843149015829,0.034702399759326076,-0.14334380687753343,1.1439823488341123,0.4472049689440994,161,0.0640858657736354,-0.599511191287399,-0.006657212179063256,-0.08037508267458535,0.9558985468064997,0.375,56,-0.007419343168051595,-0.6551431179889432,28.0,4,False,False,
macd_cross,133,14,32,12,1460,2.4930035880781563,0.06260985187052706,-0.09307027545097869,1.3270351001488347,0.4424778761061947,113,0.11088544895549601,24.012762144643045,0.12613287391685446,-0.02834303486587763,1.9669598400682113,0.5945945945945946,37,0.08142992148244144,9.632060803873275,18.5,5,True,True,
macd_cross,134,14,34,10,1460,1.6575432266280696,0.05296732147170279,-0.10310351060364584,1.2505745247946691,0.43902439024390244,123,0.08275832456317911,4.724641521024275,0.06249410772745008,-0.05908831985951745,1.3713910231618955,0.5384615384615384,39,0.03782507936388302,2.8503881196725023,19.5,5,True,True,
macd_cross,135,10,40,12,1430,6.119673414976736,0.10012903062540343,-0.06307701812176053,1.5561350783794592,0.4765625,128,0.1788155751873579,11.176036072511058,0.09556148966768738,-0.045423037514556654,1.6202526278458906,0.5476190476190477,42,0.06386511118433535,1.8262471401104243,21.0,5,True,True,
macd_cross,136,8,32,8,1450,2.187685635472456,0.060013079454192764,-0.12072429467945459,1.2613238539159097,0.4425287356321839,174,0.1253711788499956,-3.234964374746551,-0.08336038596840817,-0.1044587876842305,0.6885106208611222,0.3770491803278688,61,-0.060288826900447456,-1.4787153703863503,30.5,4,False,False,
macd_cross,137,16,34,7,1460,9.198481199006117,0.10737645930732978,-0.05881793670285533,1.6678778291267229,0.45985401459854014,137,0.2435167406084413,2.465012006844859,0.04423529067461439,-0.074851031984079,1.238868747431482,0.4666666666666667,45,0.02586237450844564,0.2679803277862002,22.5,4,False,False,
macd_cross,138,8,34,8,1500,0.828321064164169,0.032012174632536944,-0.14227740928673888,1.1298116576219122,0.45454545454545453,165,0.05775243299036514,0.3802592905364686,0.012568854227725598,-0.08255546676284108,1.0390227816787545,0.41379310344827586,58,0.0046718831741050515,0.4590723416169255,29.0,4,False,False,
macd_cross,139,16,36,11,1480,5.719689989540515,0.10005082535013014,-0.06413330542190479,1.5354439683986523,0.4642857142857143,112,0.17056253463639726,26.1095482021518,0.15512953774910063,-0.039588816604993686,2.6844812940007605,0.625,32,0.11297643779007904,4.564853733313837,16.0,5,True,True,
macd_cross,140,14,38,12,1490,5.871255278148744,0.10335435957586915,-0.06517235241616892,1.5565343908641278,0.4690265486725664,113,0.1773714078913109,14.946773078955218,0.12082703652050472,-0.0477091239175146,2.0513805065309487,0.5757575757575758,33,0.0845581733239753,2.5457542503020005,16.5,5,True,True,
macd_cross,141,16,34,8,1500,2.514962223284286,0.05281605890196688,-0.07953992126441005,1.2747722999294302,0.421875,128,0.09625632256732208,1.660893802591373,0.0288901173837154,-0.06477733240729036,1.1275752874216793,0.46511627906976744,43,0.015528165655998682,0.6604050697916305,21.5,5,False,False,
macd_cross,142,14,28,8,1470,0.6858606818609988,0.023942690056938144,-0.11920944088156643,1.1055389006909797,0.4444444444444444,135,0.040401849637929255,40.32390638870011,0.17244540074210363,-0.04112780162538578,2.60572715675725,0.5957446808510638,47,0.15885974666859348,58.79314481081805,23.5,5,True,True,
macd_cross,143,16,34,12,1460,5.114211780016957,0.10140460883729026,-0.0766344727677262,1.634740815696979,0.4666666666666667,105,0.181347889178477,17.237381546110413,0.14220426329069139,-0.039489268495778475,2.244085633476733,0.625,32,0.08143933666727188,3.370486457651791,16.0,5,True,True,
macd_cross,144,12,34,7,1470,1.098575980027164,0.03788224045663095,-0.11699690299412217,1.1501316548053535,0.4383561643835616,146,0.06283277183694969,50.951760520954615,0.19139220726245196,-0.03986222620115111,2.7831702965653533,0.5769230769230769,52,0.18201012000960248,46.379823924144745,26.0,5,True,True,
macd_cross,145,10,28,9,1480,2.2263608576471934,0.06055880640178258,-0.09711692688906043,1.2510540028138053,0.4697986577181208,149,0.10367940544074061,6.485047928096348,0.07861379697864215,-0.06438891700938897,1.3763234377168805,0.4909090909090909,55,0.05402698396499872,2.912846722857728,27.5,5,True,True,
macd_cross,146,16,22,8,1450,2.160126809791332,0.060945346360415084,-0.1253502578589464,1.294809450722312,0.4666666666666667,135,0.12835787252154374,45.721428572636924,0.20405914092903202,-0.04504461775880351,3.3787618145362277,0.58,50,0.18367669486790938,21.166085419334063,25.0,5,True,True,
macd_cross,147,10,32,12,1450,4.442625593486126,0.07680347913879387,-0.07826706136958388,1.4443272509649299,0.4330708661417323,127,0.16228517942960563,5.876908179908514,0.07704481000853208,-0.061782296721209363,1.4859591829458447,0.46511627906976744,43,0.04781688282499874,1.3228457037940278,21.5,5,True,True,
macd_cross,148,10,22,10,1490,1.3641724510630127,0.04502463573254827,-0.11862049088704513,1.1887934111899332,0.45695364238410596,151,0.07851871767545382,-0.7865246812329615,-0.00631277243220389,-0.05596149539218343,0.9618607008976312,0.4642857142857143,56,-0.006764714072053923,-0.5765581035008241,28.0,4,False,False,
macd_cross,149,12,36,10,1490,2.168712543139695,0.05276971756753908,-0.0901964958321671,1.2722153609289542,0.4251968503937008,127,0.09421512639992424,1.098824418630816,0.021172307750804996,-0.06419531900031399,1.0887384129813718,0.47619047619047616,42,0.010331495254139789,0.5066713069497087,21.0,5,False,False,
macd_cross,150,8,26,10,1490,0.8192556172351348,0.03191993653795516,-0.1430353775322412,1.1310379406947633,0.4528301886792453,159,0.057433434291024765,-0.028858915876968316,0.004767659506183273,-0.08874193533537227,1.0041797711708842,0.4107142857142857,56,-0.0003866025446295218,-0.035225777241983204,28.0,4,False,False,
macd_cross,151,16,20,11,1490,1.9632898445041604,0.043536982233164906,-0.08583789771725311,1.2277422456665816,0.4634146341463415,123,0.08165147710267062,14.101248509487567,0.10165587801251247,-0.033935231706029786,1.5767855065750234,0.5581395348837209,43,0.06074078764554436,7.182458845269948,21.5,5,True,True,
macd_cross,152,14,20,9,1470,4.156447203561133,0.07794258608947831,-0.07632981331477605,1.3639212085552066,0.4864864864864865,148,0.14897552717587192,3.5142412569860206,0.0494834836247338,-0.06701759477249511,1.2100177494532969,0.4727272727272727,55,0.03240512419527608,0.8454916145633011,27.5,5,True,True,
macd_cross,153,14,32,11,1460,2.103353799231193,0.061776811507503325,-0.10232716260905583,1.3069628002139182,0.44166666666666665,120,0.10322787937175493,3.712944271117295,0.053624948282041146,-0.06103982546847838,1.3057105313425559,0.5128205128205128,39,0.03128296437381928,1.765249513645508,19.5,5,True,True,
macd_cross,154,14,26,9,1490,1.9577213362038575,0.04495506276353144,-0.09103526014735662,1.2358261541207112,0.4461538461538462,130,0.08616586506098622,45.25852272857906,0.16760938090799393,-0.03274621186540299,2.609625939681833,0.5555555555555556,45,0.1469244029139265,23.117959584757926,22.5,5,True,True,
macd_cross,155,14,20,10,1480,4.5847027351124785,0.08088343407839177,-0.07421637227220286,1.436189411303075,0.4772727272727273,132,0.1590421967598883,16.885277847254518,0.13613848178512283,-0.05157181109563677,1.787784492168446,0.5272727272727272,55,0.0990568351394967,3.682960231627812,27.5,5,True,True,
macd_cross,156,14,24,10,1450,4.312578966982437,0.08162297229689133,-0.08823519642521947,1.4653995446387789,0.4566929133858268,127,0.17646029612120118,23.757294255742135,0.1350375488536588,-0.03087588314590188,2.2093058694661742,0.5714285714285714,42,0.08649876168653314,5.508836925104562,21.0,5,True,True,
macd_cross,157,16,36,7,1490,8.024912800668371,0.1055848150002699,-0.06544158244026296,1.6635924354728395,0.4393939393939394,132,0.237045218205449,0.5640322977268755,0.014904104890632578,-0.0745184639960788,1.0590748247876915,0.46511627906976744,43,0.006227716057483068,0.07028516218642263,21.5,4,False,False,
macd_cross,158,16,38,12,1430,5.0982773857980295,0.10360548021131158,-0.08270069902156552,1.6642099722437662,0.4727272727272727,110,0.19398743272350005,23.548769405120737,0.14413971557555302,-0.029056724593486405,2.5558307899058486,0.5806451612903226,31,0.08178430274411141,4.618965902231831,15.5,5,True,True,
macd_cross,159,8,40,10,1450,1.2449705508047872,0.0399385736449745,-0.11858842005467532,1.159649782667822,0.43356643356643354,143,0.07186475098998857,28.22354312943095,0.16910872039734015,-0.0569296746585126,2.5197318388335157,0.574468085106383,47,0.15543448153717,22.670048790460452,23.5,5,True,True,
macd_cross,160,14,24,7,1470,2.1174188065268758,0.056934999899760835,-0.09609282139904214,1.233094842354703,0.47368421052631576,152,0.09783379092362154,2.663010014178738,0.04848785528727917,-0.08482726239425419,1.2178832945351707,0.45454545454545453,55,0.03118891882644448,1.2576680654625787,27.5,5,False,False,
macd_cross,161,14,30,8,1500,2.1978438440208126,0.04896391448045025,-0.08844366336858593,1.2577416040955978,0.4393939393939394,132,0.09365001885216873,13.657993522389878,0.11346796114463921,-0.044002603488179644,1.7242282919208973,0.5217391304347826,46,0.07354534850641015,6.214269298315328,23.0,5,True,True,
macd_cross,162,12,30,10,1470,2.2936935019988125,0.0463246130126166,-0.08295605535162862,1.2431751632557522,0.4263565891472868,129,0.09175197042324923,5.505811027563663,0.0755723859218574,-0.06591372897419792,1.4456658784492462,0.4883720930232558,43,0.04779597625922305,2.4004127067394525,21.5,5,True,True,
macd_cross,163,14,28,7,1500,1.731103047058227,0.052135358682389436,-0.10570404585603307,1.2181218547761072,0.47183098591549294,142,0.08837647072261534,40.9213563029232,0.18647514560253461,-0.047298454448661424,2.9919525781357623,0.5918367346938775,49,0.17631562596534756,23.638891036823864,24.5,5,True,True,
macd_cross,164,8,36,7,1480,0.7565314811406193,0.03236322734304362,-0.15948877980964482,1.130795994975664,0.4367816091954023,174,0.059090140232038735,-2.44839045712458,-0.05187898008475763,-0.09337596479783401,0.7996259023637088,0.4153846153846154,65,-0.03838613422621251,-3.236336514949982,32.5,4,False,False,
macd_cross,165,10,40,7,1430,1.8966584036670635,0.059199279200225254,-0.12643710525791646,1.246859899283293,0.4375,160,0.11441685247677857,34.76177959291887,0.18037586478590842,-0.04694345224849461,2.7024966428443893,0.5769230769230769,52,0.15710404158451685,18.3279074005679,26.0,5,True,True,
macd_cross,166,8,26,8,1430,5.281033876120566,0.08831780228927655,-0.0779533808508278,1.4293992147337773,0.4371584699453552,183,0.18976574600609863,2.5866321935237515,0.0434193762380431,-0.07687823742122053,1.204838942012451,0.3898305084745763,59,0.027726491989491064,0.4897965538944592,29.5,4,False,False,
macd_cross,167,16,24,8,1450,2.063488652548117,0.05322480369109584,-0.10780190522952697,1.2581197696607278,0.45112781954887216,133,0.10652530700097085,74.77915996039047,0.2118150220168787,-0.02904032607759879,3.51325180452623,0.6458333333333334,48,0.1901174756863504,36.23919126865504,24.0,5,True,True,
macd_cross,168,14,40,7,1460,6.613420014860372,0.09422412307846165,-0.06980387836175711,1.5491715938710164,0.44680851063829785,141,0.21080635802567094,0.4226488344923257,0.014027886111859678,-0.09162869606585126,1.0515883798850907,0.4444444444444444,45,0.005745954661160679,0.06390775628080973,22.5,4,False,False,
macd_cross,169,14,28,9,1450,3.362402342042655,0.06074239507977646,-0.07951847600519024,1.3174114807548443,0.42748091603053434,131,0.12683569390392968,13.744053735357857,0.11805654467806952,-0.04661422992785525,1.8688787993969798,0.5348837209302325,43,0.07751612153840415,4.087569641355996,21.5,5,True,True,
macd_cross,170,16,38,12,1440,4.449409391109782,0.09533464115303796,-0.0845497723099671,1.5782878953192176,0.5045871559633027,109,0.1746015019647964,24.464573595336585,0.14597149208236487,-0.028030811249805464,2.5061237437623753,0.5806451612903226,31,0.08193066467096433,5.498386739646489,15.5,5,True,True,
macd_cross,171,10,28,7,1430,3.397644684871279,0.06835818640235071,-0.09167421042482252,1.317068605321826,0.4350282485875706,177,0.14643000040277343,-3.9310354825870517,-0.08916384339186621,-0.0894106245363108,0.6628347772008737,0.3442622950819672,61,-0.06321568879349915,-1.1569883984899323,30.5,3,False,False,
macd_cross,172,12,38,12,1490,1.6596223921897324,0.04643012530014107,-0.09856797413547626,1.2293487272480845,0.4051724137931034,116,0.07934498182203109,17.31585339643574,0.12480378191324945,-0.04037605188814996,1.9152550653285676,0.5641025641025641,39,0.08322161999442157,10.433610366987715,19.5,5,True,True,
macd_cross,173,14,26,7,1460,2.544470807874132,0.06583048740584452,-0.09494453216329969,1.2793143737381125,0.4726027397260274,146,0.11522090695896137,16.893908805496324,0.14862624793338342,-0.06374739822425693,2.0276244305212856,0.5370370370370371,54,0.11651767487704512,6.639458685561001,27.0,5,True,True,
macd_cross,174,8,28,12,1440,2.0853161779573295,0.06556398699479618,-0.11429902662584443,1.2660639041775845,0.4863013698630137,146,0.11375601217959486,20.482017555884315,0.15149275468280568,-0.057777701498498604,2.1116609957130703,0.5471698113207547,53,0.1249656613858463,9.822020167679064,26.5,5,True,True,
macd_cross,175,16,20,9,1490,3.8187837757498633,0.07171544369216798,-0.0741416752938334,1.3741634678597308,0.4696969696969697,132,0.13387492213214958,23.889212829653093,0.15634032990343863,-0.046208011441157465,2.0289343148931023,0.5576923076923077,52,0.11868880841759011,6.255712350449107,26.0,5,True,True,
macd_cross,176,12,22,11,1480,4.206596907030557,0.07513167057773554,-0.07413300293438296,1.4026439880526902,0.4732824427480916,131,0.14659354875697872,14.248610789838324,0.13539788165633204,-0.062331002568632284,1.858763500094715,0.5490196078431373,51,0.10058569476535473,3.3872061204686332,25.5,5,True,True,
macd_cross,177,8,32,10,1440,1.2205634248295256,0.04726465545878434,-0.13582067925511665,1.1872334796065453,0.4605263157894737,152,0.08036928826993295,6.294686887486324,0.07929919265624157,-0.0683345866168617,1.4338544574987475,0.4528301886792453,53,0.05543215265690571,5.1571977002059475,26.5,5,True,True,
macd_cross,178,14,30,12,1500,1.89118821156368,0.05567859588525604,-0.10057986068321167,1.268889981599994,0.4444444444444444,117,0.09172408778366647,15.61514716337294,0.09915993478931132,-0.03176329767039162,1.7104442472688162,0.5263157894736842,38,0.06262021403139317,8.256791718504823,19.0,5,True,True,
macd_cross,179,10,32,8,1470,1.072487559928436,0.0412890817487655,-0.12854515972073063,1.161694282471037,0.45695364238410596,151,0.06725348934353703,7.862933640840508,0.09045726282825926,-0.06834975458931505,1.5055090812796548,0.49056603773584906,53,0.06700765523000429,7.331491697083347,26.5,5,True,True,
macd_cross,180,16,36,10,1500,3.23547682343517,0.07127611065906035,-0.08107076044535125,1.3714183171414074,0.45454545454545453,110,0.12456140630963985,18.70788100015664,0.13639650204883125,-0.0477091239175146,2.1758951010853154,0.5588235294117647,34,0.10097262319833078,5.782109414183382,17.0,5,True,True,
macd_cross,181,14,38,9,1480,3.6704522192317928,0.08541411250483712,-0.07862854108012843,1.4311427765511757,0.44715447154471544,123,0.13630896053231267,12.31164729769711,0.09144104605067932,-0.03922901245492294,1.5599435798442902,0.5365853658536586,41,0.06122101219124043,3.3542589747357825,20.5,5,True,True,
macd_cross,182,10,22,9,1500,2.6727810862701746,0.06242035564676673,-0.10156529436604483,1.289676210130963,0.4713375796178344,157,0.1286663053397592,0.15778336276201918,0.0074368257373033445,-0.06168081193089095,1.0178686045997045,0.42857142857142855,56,0.0014615265769957198,0.059033402912246534,28.0,4,False,False,
macd_cross,183,10,34,11,1490,2.381884996128843,0.04822440582104429,-0.08171564750062214,1.2513959073018106,0.4186046511627907,129,0.09376626165235447,2.0934461065094894,0.04123765978109674,-0.08067054396418695,1.2121256361452843,0.45454545454545453,44,0.02380970779955427,0.8789030998187828,22.0,5,False,False,
macd_cross,184,12,20,10,1480,1.6579544713468426,0.04749541957220372,-0.10499699122213482,1.1913334377562643,0.4726027397260274,146,0.0842401021849446,-1.4647556184345254,-0.01837909192346665,-0.06369404361356015,0.9116125717855932,0.43636363636363634,55,-0.014660127491335273,-0.8834715571197973,27.5,4,False,False,
macd_cross,185,10,34,8,1480,1.5963759530179873,0.050360244885218855,-0.11244818911144272,1.2056779096888646,0.4563758389261745,149,0.0867640582576541,38.69751129623468,0.17818762380887596,-0.042835385047506794,2.477514543512919,0.5882352941176471,51,0.1588064411702479,24.240850799008907,25.5,5,True,True,
macd_cross,186,12,30,9,1470,0.7931437534870618,0.02574202018216122,-0.11277676655535121,1.113181547434678,0.4485294117647059,136,0.04412125230828634,23.82343337701022,0.1490825704250308,-0.05299666633413528,2.3230650637154984,0.5777777777777777,45,0.13102321237628556,30.036715629758586,22.5,5,True,True,
macd_cross,187,16,20,11,1460,1.9632898445041604,0.043536982233164906,-0.08583789771725311,1.2277422456665816,0.4634146341463415,123,0.08165147710267062,14.101248509487567,0.10165587801251247,-0.033935231706029786,1.5767855065750234,0.5581395348837209,43,0.06074078764554436,7.182458845269948,21.5,5,True,True,
macd_cross,188,8,26,12,1490,2.542548185157843,0.06781152647702349,-0.09702118446142413,1.2853761829554184,0.4797297297297297,148,0.11752605706274588,3.776242747186507,0.05990213486399879,-0.07754039346195125,1.277239820219129,0.4727272727272727,55,0.03948635610502982,1.4852197371245004,27.5,5,True,True,
macd_cross,189,14,36,8,1500,5.191986648652908,0.07784846596837759,-0.06537677148552078,1.45404474628336,0.4318181818181818,132,0.15868272459956612,0.019378867108549865,0.00553362216481689,-0.0727799775145022,1.0087081034570564,0.4418604651162791,43,0.00021255113334794906,0.003732457038112343,21.5,4,False,False,
macd_cross,190,14,34,7,1440,1.9781744819295823,0.04228088682893844,-0.08337379758423154,1.1969696774594294,0.427536231884058,138,0.0799723046448686,57.588944989887594,0.19758795677106075,-0.03569556154910541,2.955082856436331,0.5957446808510638,47,0.18345286917645742,29.112166553535396,23.5,5,True,True,
macd_cross,191,12,26,10,1460,0.7451284877351598,0.029206991711794826,-0.12626116402995538,1.122366334214309,0.4496124031007752,129,0.046356446508880156,123.36990306806753,0.19187656167133024,-0.014834195314230999,3.186696308121768,0.6222222222222222,45,0.1698459707318809,165.56863024128094,22.5,5,True,True,
macd_cross,192,12,40,11,1480,2.800353198753271,0.0749783154046907,-0.09736644918002377,1.3824155527439903,0.4482758620689655,116,0.12920241812533684,12.763875187163844,0.10164615734160767,-0.04037605188814996,1.6941607976873776,0.5263157894736842,38,0.06468324216453825,4.557951901512414,19.0,5,True,True,
macd_cross,193,14,36,11,1480,2.5406933445673614,0.06324301497653251,-0.09380468366714549,1.3388465973911885,0.44642857142857145,112,0.1137466414490409,25.531365030952685,0.14031621996216084,-0.03197507117671231,2.139736769596254,0.5945945945945946,37,0.09417368393101877,10.048975444260181,18.5,5,True,True,
macd_cross,194,14,36,9,1480,3.2805155728999846,0.061538587073036485,-0.07365626297372187,1.3401592312859225,0.4251968503937008,127,0.11524214964050938,8.905359613523732,0.07869153242704525,-0.04488159488971856,1.4520285324591424,0.5348837209302325,43,0.052011590973559896,2.7146219597584076,21.5,5,True,True,
macd_cross,195,14,28,9,1470,1.7212631978863597,0.03704128195995803,-0.08306718553754391,1.184857799723219,0.4230769230769231,130,0.06966976742435671,5.505811027563663,0.0755723859218574,-0.06591372897419792,1.4456658784492462,0.4883720930232558,43,0.04779597625922305,3.1987037393959112,21.5,5,True,True,
macd_cross,196,10,22,12,1460,5.0920267615853,0.08620695475777441,-0.07438072362831476,1.4428235332153305,0.4859154929577465,142,0.17569875977367766,9.232703122687507,0.10179777967333453,-0.06607800125054838,1.514715461638355,0.5272727272727272,55,0.07446240602949894,1.813168617325391,27.5,5,True,True,
macd_cross,197,12,22,12,1450,4.797449138111925,0.0870858310947545,-0.08432251188553415,1.4970458562303002,0.47244094488188976,127,0.18672860863474017,26.90218735855449,0.13848825342547297,-0.0341536871467923,2.133034629875151,0.5333333333333333,45,0.10326384624178431,5.607602412048096,22.5,5,True,True,
macd_cross,198,10,26,12,1500,0.7451284877351598,0.029206991711794826,-0.12626116402995538,1.122366334214309,0.4496124031007752,129,0.046356446508880156,123.36990306806753,0.19187656167133024,-0.014834195314230999,3.186696308121768,0.6222222222222222,45,0.1698459707318809,165.56863024128094,22.5,5,True,True,
macd_cross,199,12,38,11,1470,2.4861626961015495,0.07119138619567413,-0.09789206647141216,1.3475167324905826,0.453781512605042,119,0.11603181947492791,2.6342799769600282,0.04417177694745665,-0.06920022173979903,1.2412879640678014,0.5128205128205128,39,0.025572749560949903,1.059576664508214,19.5,5,False,False,
