strategy,trial_id,p_opening_window_min,p_breakout_buffer_pct,p_entry_end_bar,p_take_profit_pct,p_stop_loss_pct,train_calmar,train_sharpe,train_mdd,train_profit_factor,train_win_rate,train_total_trades,train_total_return,test_calmar,test_sharpe,test_mdd,test_profit_factor,test_win_rate,test_total_trades,test_total_return,overfit_ratio,monthly_trades,gates_passed,gate_calmar_ok,pass_stage1,error
orb,0,60,0.05,60,3.0,-3.5,0.9906732524249259,0.034450175024485545,-0.05553930463526683,1.1991689083386297,0.6363636363636364,33,0.027360635179263904,2.373326597154364,0.04317627990666071,-0.04051408489449918,1.1540223313212787,0.6296296296296297,27,0.01394017100626388,2.395670410344723,13.5,4,False,False,
orb,1,25,0.1,210,1.5,-1.5,-1.1783386955319115,-0.8707726142091847,-0.8202262016699238,0.5574113913563589,0.45642271484968117,3293,-0.8194317077518217,-1.7352481369422104,-1.3881675087978953,-0.5742243606543401,0.35527953925917377,0.40042598509052185,939,-0.5723297564489164,,469.5,3,False,False,
orb,2,50,0.05,180,4.0,-4.0,5.905353361954928,0.22282202668595114,-0.16336650222599772,1.3206738598816785,0.6030368763557483,922,0.4054522975955317,-2.5610980009834314,-0.22647399555204084,-0.2510787738413472,0.7481376091417153,0.5034246575342466,292,-0.14387268011947418,-0.4336908977341192,146.0,3,False,False,
orb,3,10,0.05,90,2.5,-2.0,-1.5048890479843948,-0.3194902498880133,-0.44567669030226154,0.7926977524649916,0.4546296296296296,2160,-0.42867193977588536,-2.0372442347911206,-0.9759030510780898,-0.4841652407785834,0.4253842403290952,0.346045197740113,708,-0.4767271688348048,,354.0,2,False,False,
orb,4,55,0.0,180,2.5,-1.5,-1.4501611210682464,-0.3577953793978722,-0.5256710401605746,0.7062027748529147,0.3752481800132363,1511,-0.5152348155498625,-2.749405446492416,-0.7548299362933055,-0.3385839882728729,0.47110770429275245,0.3116883116883117,462,-0.33166186882975435,,231.0,2,False,False,
orb,5,60,0.4,150,2.5,-2.5,-0.5766368843615862,-0.028247888760772916,-0.21198705872072532,0.9652204986788943,0.5409638554216868,830,-0.0635959052175763,-3.087165971211859,-0.5925535829116494,-0.28732581406450675,0.4596861326637048,0.42913385826771655,254,-0.28022424395527845,,127.0,3,False,False,
orb,6,55,0.2,240,1.0,-1.0,-1.0307680455882702,-1.4826917649868798,-0.9691767405152394,0.3364290210729726,0.3996946564885496,3275,-0.9691767405152394,-1.5868008547461565,-1.7507882971918478,-0.6292554331600356,0.3039161372318851,0.37682570593963,1027,-0.6249935020290875,,513.5,3,False,False,
orb,7,20,0.30000000000000004,120,3.0,-3.5,0.3908651206664538,0.030845206709829452,-0.22346269775705097,1.0359135275431866,0.5983231707317073,1312,0.043104332171769455,-2.5539643338068347,-0.6123192583330813,-0.3665456212633414,0.47384327455220887,0.4666666666666667,420,-0.33956276699475363,-6.534132105346565,210.0,3,False,False,
orb,8,25,0.25,60,1.5,-2.5,-1.497171353131842,-0.391907108183954,-0.49514424913366706,0.6522278936507334,0.6043737574552683,1006,-0.4941116410776999,-2.8925051598376523,-0.6651316818355666,-0.3143717217577314,0.39823620691418654,0.5447761194029851,268,-0.3036973705222017,,134.0,3,False,False,
orb,9,15,0.25,240,3.5,-2.0,-1.4261126274039004,-0.1849948720370626,-0.34284573366397914,0.8689339229000751,0.4007597340930674,2106,-0.28701477368353334,-2.1042943813655524,-0.8492354948358183,-0.4660763116518563,0.47997517388736033,0.296987087517934,697,-0.44885862682333566,,348.5,2,False,False,
orb,10,30,0.0,210,4.5,-2.0,-0.7448102291390746,-0.07113228759358575,-0.30994136735629885,0.9370580235824182,0.3580868470736312,1589,-0.12389956447915251,-2.6126036752886437,-0.5754946966003821,-0.34693882625953854,0.5491131692564094,0.26997840172786175,463,-0.30037490866995276,,231.5,2,False,False,
orb,11,15,0.30000000000000004,60,5.0,-3.0,1.283332020264118,0.08200988595739596,-0.216075597269569,1.1003774400468835,0.4604072398190045,884,0.13127370728737509,-2.6091400737774366,-0.4270011786762848,-0.3248287608757804,0.5650575063050565,0.3201320132013201,303,-0.2469356585899054,-2.0330982415918046,151.5,2,False,False,
orb,12,60,0.45,240,3.5,-2.0,-1.0749013059676074,-0.07630160453356499,-0.25539380687114144,0.9241318052705605,0.40837209302325583,1075,-0.14933473003936948,-2.9639035465034467,-0.5220306868186065,-0.2985084748063405,0.5627657988259946,0.31736526946107785,334,-0.27805980104558925,,167.0,2,False,False,
orb,13,25,0.05,60,2.5,-1.0,-1.2975418950135578,-0.66227900863251,-0.6979545100852099,0.5553676745059323,0.271461716937355,1293,-0.6956593599479228,-2.491348739306047,-0.8503001116207916,-0.3838752130874607,0.39715820098202026,0.24929178470254956,353,-0.3764192400014037,,176.5,2,False,False,
orb,14,30,0.05,240,2.5,-1.0,-1.123149533143323,-0.9703253379115967,-0.8758680635679957,0.5242139710328787,0.26419605499103405,3346,-0.8745168951974793,-1.788511229676659,-1.3104886732695349,-0.5563798756594671,0.39939917829463717,0.23709167544783982,949,-0.5514533027996932,,474.5,2,False,False,
orb,15,15,0.30000000000000004,120,4.5,-1.5,-1.383799119567571,-0.1793801140088625,-0.35809881305042707,0.8565478386649119,0.286117381489842,1772,-0.29167024202118697,-2.1259954805702095,-0.8728145533875208,-0.4593170871466525,0.43157110269623894,0.18998272884283246,579,-0.43199715627568414,,289.5,2,False,False,
orb,16,35,0.1,120,3.5,-3.5,1.8664963625590234,0.10113741905098785,-0.19756221025977772,1.1241376367848366,0.571157495256167,1054,0.17139373903452126,-3.1440387774346035,-0.2859948732186969,-0.21518538091004985,0.7003741486510774,0.48717948717948717,312,-0.15650639932800725,-1.6844601685288207,156.0,3,False,False,
orb,17,60,0.2,210,1.5,-2.0,-1.386125984092209,-0.43420579571708284,-0.6042239374905201,0.6423953779287959,0.5367882277671145,1563,-0.5998212122898097,-2.5732850932282894,-0.8216757728437897,-0.3680636801105225,0.4448923424212095,0.46747967479674796,492,-0.3581040651567774,,246.0,3,False,False,
orb,18,60,0.1,180,2.5,-3.5,2.330446382638726,0.09393002904799719,-0.1461507971150613,1.1242131175739007,0.6523855890944499,1027,0.1591888830345367,-2.6128974523265844,-0.37532235660634117,-0.298237420261566,0.607152028080692,0.5492063492063493,315,-0.20373009787997232,-1.1212004154191455,157.5,3,False,False,
orb,19,45,0.30000000000000004,120,5.0,-3.5,2.6266072147640696,0.13163791644096196,-0.19955111972396172,1.2064856738026448,0.5226628895184136,706,0.2366279719697182,-2.790107446765931,-0.26517007474289844,-0.2462370729261424,0.6722153060687162,0.37872340425531914,235,-0.16068409481802615,-1.0622476901315248,117.5,3,False,False,
orb,20,60,0.25,240,1.0,-3.5,-1.4899487639597284,-0.2492810120930232,-0.4102822383412701,0.7441897443403406,0.7611850060459492,1654,-0.3788749706035882,-2.8626007915980374,-0.5938843829317367,-0.31356796230224726,0.4885820398881404,0.6923076923076923,520,-0.2908358202426048,,260.0,3,False,False,
orb,21,10,0.25,150,3.0,-4.0,1.3354679580191597,0.08567569135074243,-0.20342030181053422,1.080798085950176,0.6339393939393939,1650,0.12875555066854738,-2.35931189144913,-0.6169697530313832,-0.4006701297846876,0.5241414033047691,0.4905335628227194,581,-0.35480713626785987,-1.7666555586616937,290.5,3,False,False,
orb,22,25,0.45,210,3.5,-3.5,2.496934356680321,0.13071693670017998,-0.2033449233965781,1.1441999691988707,0.5694227769110765,1282,0.22990259275957814,-2.6124818092957742,-0.4395608749890797,-0.3338565199330015,0.5919355104664608,0.4649350649350649,385,-0.26671372485386435,-1.0462757269955123,192.5,3,False,False,
orb,23,60,0.35000000000000003,150,4.5,-3.5,5.960461413637467,0.19087948859774428,-0.158300806680147,1.3338186664631522,0.560702875399361,626,0.3977921999352878,-2.867241937692022,-0.2864903164098857,-0.24811566012718836,0.6477507715811806,0.4230769230769231,208,-0.17088574466272888,-0.48104362040358245,104.0,3,False,False,
orb,24,30,0.1,90,5.0,-2.0,-0.18598628578698706,-0.010554665591860942,-0.27428797313976855,0.9903822748282959,0.35714285714285715,1036,-0.02604316503543913,-2.885976379064266,-0.48220081437984946,-0.295620750811691,0.5212016121055296,0.23825503355704697,298,-0.2511964876322864,,149.0,2,False,False,
orb,25,30,0.45,150,4.0,-3.0,1.273322889192899,0.07036631929165374,-0.20147717040993632,1.0799275556052406,0.5036630036630036,1092,0.1219736893412251,-2.5736744709415085,-0.38537419347513513,-0.32153020486698825,0.6146493317769831,0.3769968051118211,313,-0.23280229257796448,-2.021226896009733,156.5,3,False,False,
orb,26,25,0.1,180,4.5,-4.0,5.07985170205537,0.2321950908006817,-0.19046130645232956,1.2663965140472675,0.5740103270223752,1162,0.4064535345798561,-2.4843092167576533,-0.40884444330110825,-0.338261496682464,0.5968599935253049,0.44063324538258575,379,-0.24169396825140532,-0.48905152403415075,189.5,3,False,False,
orb,27,10,0.05,90,2.0,-1.0,-1.1240815738605372,-1.0238843725289304,-0.8753265426787996,0.5461191616031055,0.3163824604141291,3284,-0.8753265426787996,-1.514631742221228,-1.5842745506212679,-0.6596783902715128,0.33484138305427047,0.25390984360625574,1087,-0.6568926794744065,,543.5,2,False,False,
orb,28,60,0.30000000000000004,180,1.5,-2.5,-1.4635375196384766,-0.2365293151530377,-0.4206564544416131,0.7614309782920036,0.6050080775444265,1238,-0.38238544199133995,-2.8016295916685117,-0.6723854918218272,-0.3279439997639252,0.4594714274919347,0.5418848167539267,382,-0.3151648788284357,,191.0,3,False,False,
orb,29,40,0.45,150,5.0,-3.0,2.281138094033574,0.10849096362727059,-0.1960629756822322,1.144799537927613,0.4674698795180723,830,0.2047816969196672,-2.603478007088721,-0.22568108390505495,-0.24490506104017593,0.7308335317849374,0.32945736434108525,258,-0.1419205821958195,-1.1413066196642117,129.0,2,False,False,
orb,30,50,0.0,210,1.5,-1.5,-1.2488443160879048,-0.7023414430623601,-0.7480937893123353,0.557409252253403,0.45384961728950923,2221,-0.7463422835990102,-2.2254522880626504,-1.1159368950699404,-0.4383319534084237,0.41475765038482426,0.40773809523809523,672,-0.4283481446540457,,336.0,3,False,False,
orb,31,50,0.2,240,3.5,-4.0,4.243159673091197,0.17308266774908945,-0.16678076841493344,1.2268889002671959,0.6112730806608357,1029,0.3095592868114265,-2.4845560484110822,-0.17843697483462836,-0.23063002700608418,0.7957820422031907,0.5172413793103449,319,-0.12043317372676854,-0.5855438493553203,159.5,3,False,False,
orb,32,30,0.30000000000000004,90,4.5,-4.0,4.782480117079382,0.19389193522288195,-0.1710229412179167,1.282287431733928,0.5883905013192612,758,0.3515020160021085,-2.852595810873411,-0.41380486611423734,-0.29182656291296705,0.5411072395445017,0.4219409282700422,237,-0.2361629240620442,-0.596467887171367,118.5,3,False,False,
orb,33,30,0.4,240,2.0,-2.0,-1.363135183442618,-0.46966827879678896,-0.6260555751254765,0.6849857217681771,0.4804575786463298,2098,-0.6200202875785563,-2.195076778781671,-0.8513711923313043,-0.4456967916152245,0.46843494307469324,0.4219269102990033,602,-0.438910863981978,,301.0,3,False,False,
orb,34,15,0.5,120,5.0,-2.0,-0.3947801163334644,-0.02336649731303192,-0.23581085163521473,0.9803820604508182,0.3414448669201521,1315,-0.04805277947974962,-2.2477372830122246,-0.7263409847231,-0.42811076507672846,0.44232315130587646,0.22144522144522144,429,-0.3899644687728582,,214.5,2,False,False,
orb,35,25,0.1,120,2.0,-2.0,-1.3951116904460545,-0.4795766365905736,-0.5904565500941306,0.6716600568501857,0.4886010362694301,1930,-0.5830639090916943,-2.2528929711306516,-0.9084700762104035,-0.43213588945931725,0.39842424136479215,0.4141048824593128,553,-0.42177458171715176,,276.5,3,False,False,
orb,36,50,0.0,180,3.5,-2.5,0.313421235115102,0.024854663872952307,-0.23335651153750395,1.0315170501659396,0.4694229112833764,1161,0.03621438410989253,-2.7903904665980863,-0.46835766995558703,-0.300950134940522,0.5794206118904774,0.3772455089820359,334,-0.2412807931671821,-8.90300386179428,167.0,3,False,False,
orb,37,10,0.05,120,3.0,-3.5,1.002731663932427,0.06893859492784335,-0.20864517582751965,1.0645018610268906,0.5944254835039818,1758,0.10047246464686954,-2.5570635481057327,-0.5820822123828002,-0.3597292010327278,0.5705517844876001,0.46353322528363045,617,-0.3165366008900944,-2.5500975386352716,308.5,3,False,False,
orb,38,10,0.15000000000000002,180,1.5,-4.0,-1.3575995643116396,-0.23078830095330255,-0.36712244248687603,0.8418721996465124,0.7318352059925094,2670,-0.2937029248140305,-2.161536870696564,-0.7992506419891066,-0.45164089297131604,0.4690199413458258,0.6283084004602992,869,-0.4310262275685216,,434.5,3,False,False,
orb,39,45,0.05,240,5.0,-1.0,-1.4201019366632548,-0.3409110328117012,-0.5353085469870953,0.7201301975087979,0.19589743589743588,1950,-0.5130657396472362,-2.6837427688548816,-0.6454962823311556,-0.3436935494199107,0.5381547138305995,0.15167548500881833,567,-0.3198404692652018,,283.5,2,False,False,
orb,40,20,0.1,210,4.5,-2.0,-1.0837136592133247,-0.10362446008309245,-0.27881766969517685,0.9157478613369898,0.355039637599094,1766,-0.16582267897068415,-2.3980518745080945,-0.6741899625207083,-0.3967672219729839,0.4934887050100407,0.2690909090909091,550,-0.36633330690029675,,275.0,2,False,False,
orb,41,20,0.2,180,4.0,-3.5,3.187905450602134,0.16826815096258108,-0.19966525853434536,1.1883013542859264,0.5532075471698114,1325,0.2817659952010485,-2.519467867756658,-0.5279006587655908,-0.3630892382679391,0.5244149722830536,0.425531914893617,423,-0.3101995313501741,-0.7903207628948905,211.5,3,False,False,
orb,42,50,0.15000000000000002,210,3.0,-2.5,-0.3146967050732631,-0.017777569272244116,-0.24888900490253552,0.9847144438688237,0.49566587864460204,1269,-0.040271379101824434,-2.863852732160861,-0.510219255729717,-0.3016582045214009,0.5515485778762448,0.39118457300275483,363,-0.2597318642977686,,181.5,3,False,False,
orb,43,60,0.5,120,4.5,-2.0,2.8214534749284415,0.10082034935542296,-0.16514824536061942,1.176816111940665,0.39928698752228164,561,0.21260677366345315,-3.1891239090291386,-0.48122177977855796,-0.2653666337766166,0.4855983393115307,0.24175824175824176,182,-0.2460178064381947,-1.1303124213699898,91.0,2,False,False,
orb,44,45,0.05,90,2.5,-4.0,2.495721880673629,0.12154489238485258,-0.16782932113719126,1.1802258544565771,0.6942675159235668,785,0.19281195658793604,-3.039256670651414,-0.2712385760073684,-0.2352005577057518,0.642724002214655,0.5555555555555556,243,-0.17237804874672336,-1.217786602820935,121.5,3,False,False,
orb,45,35,0.0,180,5.0,-3.5,5.498303226486873,0.215309275914112,-0.17349497478349,1.2939131247960116,0.52046783625731,1026,0.4015502556835895,-2.3077909007083077,-0.1872908431247703,-0.2408924241642286,0.7933829802253463,0.42042042042042044,333,-0.1152144701212634,-0.41972783341432135,166.5,3,False,False,
orb,46,55,0.15000000000000002,60,1.5,-1.5,-1.6953378253571074,-0.3593973483884333,-0.2866338038462362,0.40516915547794125,0.41420118343195267,169,-0.2849117295846859,-4.748584790378868,-0.2253422623902952,-0.07438311694635938,0.5925446741890233,0.4915254237288136,59,-0.06359473435783014,,29.5,4,False,False,
orb,47,60,0.0,90,1.5,-4.0,3.9594938114352534,0.08973149307719087,-0.07935091792153735,1.1765583378894395,0.779050736497545,611,0.14762461917662195,-3.7479904578385934,-0.3782540234288033,-0.20061006354047173,0.5370690879542159,0.6651162790697674,215,-0.1895660542520089,-0.9465832342038708,107.5,3,False,False,
orb,48,35,0.05,180,2.5,-3.0,-0.9980763891448036,-0.1044325103168478,-0.2958580578174344,0.9104819334699207,0.5747051114023591,1526,-0.16169431273576174,-2.6997817934606747,-0.4739655667690283,-0.3170787092116914,0.5862930397147178,0.49330357142857145,448,-0.2534365904919804,,224.0,3,False,False,
orb,49,60,0.35000000000000003,90,5.0,-3.5,8.722223983343412,0.16637195037911168,-0.10302434502820373,1.4004943393054665,0.5549295774647888,355,0.3814074565761303,-3.255798545858217,-0.39334997279613926,-0.23847798494931952,0.47439296975860623,0.4,120,-0.20220033068845478,-0.37327619103519066,60.0,3,False,False,
orb,50,55,0.45,150,2.5,-1.0,-1.3681842032714546,-0.44775539058770414,-0.6283627108910577,0.6077776856508836,0.2829581993569132,1244,-0.6283627108910577,-2.4419022520073974,-0.9681849795746411,-0.393126562161712,0.38501479383770165,0.21354166666666666,384,-0.38448624735639714,,192.0,2,False,False,
orb,51,45,0.30000000000000004,90,1.5,-4.0,-1.0821001314548335,-0.07090100805006573,-0.20484253929181545,0.9009094729233103,0.7378768020969856,763,-0.11864115283853305,-3.7516268202686343,-0.39449917621860975,-0.20656047857848464,0.5527891912201163,0.6721311475409836,244,-0.20139627931481663,,122.0,3,False,False,
orb,52,60,0.30000000000000004,120,4.0,-2.5,7.776872453252378,0.18854790313197445,-0.12119751104430725,1.3187883389223873,0.48757763975155277,644,0.39742670484325915,-2.9558821807675386,-0.6086397023038269,-0.3033161716257743,0.41592094144816033,0.32038834951456313,206,-0.28974068867613634,-0.3800862362775867,103.0,2,False,False,
orb,53,45,0.0,210,1.5,-4.0,-0.9236132772710551,-0.09185734026962315,-0.28077415907606246,0.9138768633132666,0.7379778051787916,1622,-0.14040084858677115,-2.9426378241892253,-0.41839655861466607,-0.281068728104205,0.611186521192154,0.6705882352941176,510,-0.2325137829578321,,255.0,3,False,False,
orb,54,40,0.25,240,1.5,-3.5,-1.438028403877438,-0.18269892939435572,-0.3279883714595647,0.8372869254841683,0.7029026750142288,1757,-0.2749656091321382,-2.817097355645524,-0.545453432580758,-0.31888776494005966,0.5555887308317341,0.6223908918406073,527,-0.29158800560098064,,263.5,3,False,False,
orb,55,25,0.15000000000000002,180,4.5,-3.5,3.655385796307806,0.19381343405810167,-0.2172140772959712,1.2199419508941043,0.5319672131147541,1220,0.3425133224176493,-2.5077589396566076,-0.4481419161401078,-0.3495117662929379,0.5713582012425229,0.4021164021164021,378,-0.27048574815716875,-0.6860449428319217,189.0,3,False,False,
orb,56,40,0.1,120,4.5,-3.5,3.754893466163732,0.16616724129723098,-0.17626281482999062,1.227934254229075,0.5409457900807382,867,0.2917278517097055,-2.719504639916921,-0.27980895310654375,-0.25926400541824696,0.6807698505219998,0.42700729927007297,274,-0.16816525044983865,-0.7242561378699677,137.0,3,False,False,
orb,57,15,0.35000000000000003,240,5.0,-4.0,3.199258420075061,0.16612436161152347,-0.18938438624086326,1.1807685918020425,0.5433715220949263,1222,0.26962122398000066,-2.3654680117487654,-0.5116555398623988,-0.38298359997401205,0.5348247141445928,0.38927738927738925,429,-0.29983700658578005,-0.7393801003712813,214.5,3,False,False,
orb,58,10,0.5,180,1.0,-4.0,-1.4071857100298926,-0.41358525013697445,-0.5186821514702699,0.7174936266256149,0.7706422018348624,2834,-0.4829638222761652,-1.9911533966038897,-0.911082664030584,-0.4954006431554244,0.40139582351131553,0.6908690869086909,909,-0.4770507583467556,,454.5,3,False,False,
orb,59,25,0.1,150,4.5,-2.5,0.3780809369173238,0.03166937363978191,-0.24407039541812717,1.0351925982923458,0.42689199118295373,1361,0.04548734891193629,-2.5534243590796897,-0.5025031595701234,-0.3482150823569876,0.5553595025379502,0.31435643564356436,404,-0.2822757833544811,-6.753644814517732,202.0,2,False,False,
orb,60,25,0.30000000000000004,60,2.0,-2.5,-1.514900189937293,-0.3102959479691645,-0.4362374121321905,0.7133594685016966,0.5486033519553073,895,-0.4201329589577987,-2.873273839575632,-0.4006354170899476,-0.2784403116591418,0.5669580545730735,0.5040983606557377,244,-0.21550855221224363,,122.0,3,False,False,
orb,61,10,0.30000000000000004,120,4.5,-3.0,4.28909882527288,0.1915150680899629,-0.17861785701625182,1.1991651095041673,0.48692579505300354,1415,0.33195348785963463,-2.324700746611529,-0.669403550760688,-0.41118331361408517,0.47258867833520635,0.3394308943089431,492,-0.3753706653290937,-0.5420021410823117,246.0,2,False,False,
orb,62,40,0.4,210,4.5,-3.5,3.3429911031932478,0.15062830289493184,-0.18794651869339332,1.204978358658258,0.5292864749733759,939,0.2785211101353262,-2.6138436111024284,-0.25791650738492955,-0.25423537564236126,0.7269925716330788,0.40540540540540543,296,-0.1518526827006973,-0.7818876959037274,148.0,3,False,False,
orb,63,25,0.2,90,1.0,-2.0,-1.2128592235315168,-0.7955589563672302,-0.7851459825790872,0.4665180294092846,0.6019926586261143,1907,-0.784153141106648,-2.110569827092517,-1.0559910335826437,-0.46635625243540607,0.3122630862834737,0.5485714285714286,525,-0.4653775658661561,,262.5,3,False,False,
orb,64,50,0.0,210,3.5,-4.0,3.820663541603245,0.1776025716098939,-0.18304265625927468,1.2309324226290173,0.6092843326885881,1034,0.30633486471105065,-2.400817848956477,-0.18677678041968576,-0.24678179425175514,0.785882427830849,0.5182926829268293,328,-0.1265999086563443,-0.6283771975244474,164.0,3,False,False,
orb,65,10,0.45,150,5.0,-1.0,-1.3980009190709386,-0.38599867097289575,-0.5730743932096616,0.7319201188005303,0.19118835893290217,2474,-0.5569326151922446,-1.8704643977581372,-0.9780452568196973,-0.529946957257552,0.4254611580577566,0.13341645885286782,802,-0.5105695820946738,,401.0,2,False,False,
orb,66,50,0.1,60,5.0,-4.0,2.304692247916056,0.09466642877212281,-0.14426116257041932,1.2081951317415673,0.5418181818181819,275,0.15564551428012097,-2.4322697612815887,-0.10180390577282715,-0.13768644846149386,0.8059563594733576,0.4457831325301205,83,-0.05964161099118215,-1.0553555527775522,41.5,4,False,False,
orb,67,20,0.05,180,1.5,-1.5,-1.1748115791803608,-0.8875730773208386,-0.8241471727868341,0.5614753910015841,0.456002331002331,3432,-0.824147172786834,-1.6216641961450138,-1.5489562750909196,-0.6155451225963472,0.3228288011448464,0.38393731635651324,1021,-0.6146640076299597,,510.5,3,False,False,
orb,68,25,0.30000000000000004,60,2.5,-2.0,-1.5124311895831635,-0.295382629705836,-0.42599351476407,0.7219621324744426,0.4413793103448276,870,-0.4060235743298194,-3.0107247834868347,-0.4693670885450252,-0.28070909803980754,0.5438851237393014,0.42276422764227645,246,-0.24517044401288923,,123.0,3,False,False,
orb,69,55,0.0,180,1.5,-2.5,-1.4446429797596672,-0.2694709329447115,-0.44057076147703533,0.7500267964913709,0.6066536203522505,1533,-0.39947959196093186,-2.72671375098279,-0.6705018595322454,-0.3341463371616186,0.49229316363964154,0.5373134328358209,469,-0.30579892205053527,,234.5,3,False,False,
orb,70,60,0.45,180,5.0,-3.0,3.862092123475437,0.11273229990570346,-0.1454131002328178,1.1753013402122086,0.4783861671469741,694,0.25185164560324735,-2.6355214957863597,-0.28005047897852775,-0.2663936120096607,0.6735196523373271,0.3273542600896861,223,-0.16690173736958747,-0.6824077239811397,111.5,2,False,False,
orb,71,30,0.15000000000000002,210,3.5,-3.5,2.037803194672893,0.13218649287202866,-0.24312979113271277,1.1501346457339925,0.56972408650261,1341,0.22484063269890808,-2.7619759576695335,-0.3810874122866287,-0.2879070920368279,0.6506227657560976,0.47761194029850745,402,-0.21267264962004195,-1.3553693334516947,201.0,3,False,False,
orb,72,30,0.30000000000000004,90,3.0,-2.5,-0.6384051837864778,-0.04650720014359385,-0.24981869129757453,0.9495807262290837,0.5050505050505051,990,-0.08383611314550488,-2.8532119226792725,-0.6611227250562901,-0.3199928267822793,0.43008418037726603,0.3607142857142857,280,-0.3080404545938631,,140.0,3,False,False,
orb,73,35,0.05,60,4.5,-2.0,-0.4628502633443071,-0.036981723237492894,-0.2668480638995641,0.9514144940510918,0.38006230529595014,642,-0.06427956462006335,-2.7235940214348533,-0.21905839726375562,-0.2132609427060226,0.7067416724829704,0.29533678756476683,193,-0.12288231937985539,,96.5,2,False,False,
orb,74,55,0.05,60,5.0,-3.5,5.355117902087496,0.1807553502297946,-0.1320474521840138,1.5315973780960506,0.5925925925925926,189,0.3093475755588164,2.500666768093716,0.056684107541020594,-0.07812062707645899,1.1371814141788297,0.4852941176470588,68,0.02727322138643018,0.46696763989433787,34.0,4,False,False,
orb,75,50,0.2,90,3.5,-4.0,2.8237024753644873,0.1269227161723411,-0.16958104705712326,1.2140603454771688,0.6084656084656085,567,0.21796788029005998,-2.996789919815062,-0.39962335465800675,-0.2656413046183689,0.5333519170309015,0.4722222222222222,180,-0.21318295999422865,-1.0612980460798132,90.0,3,False,False,
orb,76,25,0.25,120,2.0,-2.5,-1.4419718771900611,-0.2648448592275124,-0.432342306594561,0.7920674970624945,0.5623062616243025,1613,-0.3887169504123231,-2.5190675830474043,-0.6479407669867411,-0.37210649369195825,0.487897343461053,0.4819532908704883,471,-0.3414762947168072,,235.5,3,False,False,
orb,77,50,0.2,180,5.0,-4.0,6.217547065957945,0.24064024916508925,-0.17941600993543722,1.3972986586831624,0.5750636132315522,786,0.45881654473810607,-2.292905255547926,-0.19006577157850557,-0.2559904698786073,0.7607078944092268,0.4497991967871486,249,-0.1248273272199395,-0.3687797183075534,124.5,3,False,False,
orb,78,60,0.4,120,1.5,-3.5,0.6265173048707573,0.02286662145632532,-0.1097278827695778,1.0420806838010792,0.7307692307692307,754,0.034074712656952943,-3.6154589678597286,-0.41274208156861225,-0.21211150805882714,0.5392541973469424,0.631578947368421,247,-0.19714913130382095,-5.770724830346949,123.5,3,False,False,
orb,79,30,0.05,60,5.0,-3.5,1.6471309404550114,0.10380052031994737,-0.23095727886518708,1.1628888534694113,0.513909224011713,683,0.1764154700380265,-2.6594904186582697,-0.1882263195913539,-0.2001797064963617,0.7481013037892685,0.4215686274509804,204,-0.10829227175505696,-1.614619914749218,102.0,3,False,False,
orb,80,30,0.2,180,2.5,-1.5,-1.3392364568242794,-0.4954093785278701,-0.6474001257329103,0.6823955880564262,0.36757775683317623,2122,-0.6382462180589256,-2.341818474914084,-0.8480438313418468,-0.41307038696155784,0.471491946552445,0.31918505942275044,589,-0.4030590554671507,,294.5,2,False,False,
orb,81,35,0.15000000000000002,210,3.0,-2.0,-1.4231487041835778,-0.18890712787913166,-0.35543201710898803,0.8438568930982703,0.4198250728862974,1715,-0.2989931623800268,-2.8804488999745352,-0.5390136821896243,-0.30323858052736996,0.588947108261396,0.3522012578616352,477,-0.2678164247658723,,238.5,3,False,False,
orb,82,45,0.2,240,1.0,-4.0,-1.5169049076287477,-0.28867705662050325,-0.41723960443086905,0.7350311005444888,0.7750252780586451,1978,-0.3965274610177584,-3.0223346851242865,-0.46960723603281557,-0.28340289771011656,0.5740082945954056,0.7278688524590164,610,-0.2538243206816768,,305.0,3,False,False,
orb,83,60,0.30000000000000004,240,3.0,-4.0,3.522338344688032,0.1311933895713569,-0.15280687755869626,1.179001488131346,0.6545643153526971,964,0.24237829968988622,-2.751656258326438,-0.2109463637484764,-0.22719810532245263,0.7532336074516738,0.5433333333333333,300,-0.13754442358903307,-0.7812015738000172,150.0,3,False,False,
orb,84,10,0.25,240,2.0,-1.5,-1.184155160158902,-0.8477431722242382,-0.8145520006414567,0.6209140658840062,0.4034357105674128,3842,-0.8142127696920707,-1.5229308582215062,-1.41333228588563,-0.6560656979726023,0.4044367203062485,0.33706965572457964,1249,-0.655224678457136,,624.5,2,False,False,
orb,85,30,0.1,210,4.5,-2.0,-0.8711248935982222,-0.08795046717645509,-0.31543676867366144,0.9231954003411228,0.35709739019732656,1571,-0.14948938220740582,-2.593253767406734,-0.5237399973164691,-0.34646198179786963,0.5600734108956031,0.2709251101321586,454,-0.29172043113414337,,227.0,2,False,False,
orb,86,40,0.4,60,1.5,-4.0,-1.4716331434499728,-0.18197430712165055,-0.2867333704120612,0.7182906213672994,0.6997518610421837,403,-0.24136663827964366,-4.371597760681454,-0.24489157913698803,-0.13266482326421827,0.6172360922472823,0.6545454545454545,110,-0.12260520956123422,,55.0,4,False,False,
orb,87,20,0.4,60,3.5,-2.0,-1.5105301418793784,-0.14766666601975045,-0.27451413205831227,0.8522356588281776,0.4004474272930649,894,-0.23655031763491507,-2.7789480060643004,-0.5139327409840811,-0.3192290246564549,0.5024742718089789,0.31417624521072796,261,-0.28031879817410055,,130.5,2,False,False,
orb,88,50,0.1,150,2.0,-4.0,1.0686517824153512,0.0617667165986496,-0.18948902231361475,1.0830010238578975,0.7144120247568524,1131,0.09738731730589212,-3.034288725113044,-0.41104280476111676,-0.26759313579939864,0.5791051536426451,0.622478386167147,347,-0.2227453242042483,-2.8393614973953336,173.5,3,False,False,
orb,89,30,0.25,240,1.0,-3.0,-1.3433557543189678,-0.5074409235340819,-0.634542562451738,0.6353836284582315,0.7041884816753927,2674,-0.6187397062268194,-2.2376593536343177,-0.9021413465741943,-0.435699045904852,0.4011815730223501,0.6520584329349269,753,-0.4264639648731098,,376.5,3,False,False,
orb,90,25,0.5,90,1.5,-3.0,-1.4208286353578181,-0.19292419369197777,-0.3502749632501219,0.8157353948303199,0.6702214930270713,1219,-0.29318892563963916,-2.671855147449389,-0.6171685153451123,-0.3463431150877047,0.44343763274470094,0.603030303030303,330,-0.3238626525788526,,165.0,3,False,False,
orb,91,50,0.30000000000000004,180,2.0,-3.5,-0.6027327392794787,-0.029958859151349295,-0.1865469710192291,0.9703751340360749,0.6672504378283712,1142,-0.05834070523584933,-2.8162074676699884,-0.5409619925537725,-0.3126198183382969,0.510345215346279,0.5664739884393064,346,-0.2740169580383024,,173.0,3,False,False,
orb,92,20,0.1,150,1.0,-3.5,-1.5007647311232728,-0.376654493443019,-0.45381476136529203,0.7273017524609446,0.7585681645087585,2626,-0.43781561241071876,-2.046700555117285,-0.9638718509601093,-0.4823922966712734,0.3275547221869725,0.6653944020356234,786,-0.48239229667127337,,393.0,3,False,False,
orb,93,35,0.30000000000000004,240,2.5,-3.0,-1.1763298382244822,-0.12409922874717683,-0.3012335551110925,0.8912225954110566,0.5681669928245271,1533,-0.19787030991054355,-2.7891450363482853,-0.5616798292923479,-0.32299841573793375,0.5576065092811141,0.4822222222222222,450,-0.2942981316787484,,225.0,3,False,False,
orb,94,20,0.05,150,1.0,-1.0,-1.017280149954561,-1.8465803817308362,-0.9826997560607156,0.3541332436600707,0.40133500208594075,4794,-0.9826997560607157,-1.2983824741606573,-2.251247980299542,-0.7701441126793472,0.24413985756612633,0.36146272855133615,1422,-0.770077639332416,,711.0,3,False,False,
orb,95,45,0.15000000000000002,90,4.5,-3.0,0.842828331475859,0.058280261632512195,-0.23012867109105503,1.0879322233483333,0.4824961948249619,657,0.09345323481212775,-2.9583888492892565,-0.34014548023352065,-0.25091673252418956,0.6071390980690865,0.35121951219512193,205,-0.18492525066675136,-3.510072856840116,102.5,3,False,False,
orb,96,30,0.15000000000000002,90,1.0,-1.5,-1.1559642347015706,-0.9815814220055417,-0.8429019234327203,0.4262608951276,0.5245398773006135,1956,-0.8422000090387208,-2.1324283774627366,-1.1578376991562873,-0.46088059162615935,0.31487678056197654,0.48526522593320237,509,-0.45806339038190547,,254.5,3,False,False,
orb,97,25,0.30000000000000004,120,3.0,-1.0,-1.2733584505166013,-0.5967672876465872,-0.7208843122232621,0.5997508666009909,0.25212606303151575,1999,-0.7163741983591119,-2.0235193621047403,-0.9786147497104707,-0.48772804982654977,0.4209813482323858,0.2063758389261745,596,-0.480051192928725,,298.0,2,False,False,
orb,98,15,0.2,120,5.0,-2.5,0.5218878080144265,0.04078904324415054,-0.23868429679789505,1.04454412587267,0.4132231404958678,1331,0.06094990516767629,-2.4066718832799032,-0.6285164630302126,-0.38990840019106865,0.48130148414433693,0.2621145374449339,454,-0.3431048846155511,-4.611473666028573,227.0,2,False,False,
orb,99,60,0.4,120,1.0,-4.0,-0.9707000374949204,-0.04483132131388309,-0.1636110863381559,0.9361232472006764,0.8037166085946573,861,-0.08346909211927489,-3.4688140240022913,-0.4954199761182986,-0.2388357389314097,0.4333484798216512,0.7242647058823529,272,-0.23344951045402984,,136.0,3,False,False,
orb,100,30,0.1,180,3.0,-4.0,2.2634493322077955,0.1279479333060676,-0.19754537641142828,1.1422999361706043,0.642433234421365,1348,0.2047343839782656,-2.8019361085937917,-0.33713200480467287,-0.2772695075944035,0.6588698195680653,0.5382716049382716,405,-0.20244547597235318,-1.2379053812796197,202.5,3,False,False,
orb,101,15,0.45,150,3.5,-1.5,-1.5391414859381694,-0.22937747989605844,-0.389916459826678,0.8406047594356327,0.3311053984575835,1945,-0.36994840997927747,-1.9821983747294871,-0.9814263102395951,-0.49872470243016104,0.42429126867068356,0.23064770932069512,633,-0.4904834637164799,,316.5,2,False,False,
orb,102,35,0.30000000000000004,180,5.0,-4.0,4.5155524977798995,0.2072176291819057,-0.2056730596921112,1.2947211037245325,0.565121412803532,906,0.3924110574754811,-2.4364697341969954,-0.17407537782174626,-0.2318541828569339,0.7865639987308444,0.436426116838488,291,-0.11793483584836606,-0.5395728950986399,145.5,3,False,False,
orb,103,40,0.45,90,3.0,-4.0,2.0633776295351587,0.09939604091355299,-0.18230026438269434,1.158812750737617,0.6479099678456591,622,0.17458332244057218,-3.160675652458903,-0.21327824336470863,-0.19854759731541385,0.7135301664875539,0.5130890052356021,191,-0.13837015880537185,-1.5317969949935657,95.5,3,False,False,
orb,104,40,0.0,180,5.0,-1.5,-0.9004608928949,-0.07741377960591668,-0.28901274462969767,0.9256456768594721,0.2767732962447844,1438,-0.1409379013520361,-2.895398841611451,-0.6169269567897545,-0.30780417522815534,0.516473506840455,0.19612590799031476,413,-0.28431780716755484,,206.5,2,False,False,
orb,105,60,0.15000000000000002,120,4.0,-4.0,15.41128310598716,0.28587120061635557,-0.10105306935020489,1.5004557276612935,0.6310077519379845,645,0.6051437732228362,-2.928380980714689,-0.35149491011876166,-0.2625553687898625,0.5738776969596366,0.48058252427184467,206,-0.1981820089943288,-0.19001539070922893,103.0,3,False,False,
orb,106,60,0.25,180,3.5,-1.5,-1.3999144106344068,-0.11980845026336863,-0.2838462920978427,0.8780308537203415,0.33809099018733274,1121,-0.22525995520041497,-2.744470754512069,-0.7320018104695545,-0.33708943263264807,0.4409374708814931,0.24545454545454545,330,-0.32352626256077865,,165.0,2,False,False,
orb,107,15,0.2,180,3.0,-1.5,-1.4468748546518202,-0.3839420636797239,-0.5362285420251023,0.7671046027868195,0.3548,2500,-0.5293623332939592,-1.8732441413305374,-1.114380415690346,-0.5298036050328074,0.4213181900074508,0.26380368098159507,815,-0.5213755630895927,,407.5,2,False,False,
orb,108,40,0.25,150,3.0,-2.0,-1.5695926626231091,-0.15241127253749356,-0.28834843313858016,0.8577786082104694,0.4176,1250,-0.2618951011447803,-2.9809288278378347,-0.5391164000405755,-0.2902640734929512,0.5588165405066873,0.3472222222222222,360,-0.26084539788567696,,180.0,2,False,False,
orb,109,20,0.15000000000000002,150,4.0,-1.5,-1.4909894831926442,-0.2573744740818901,-0.4085309961132369,0.8086319182312058,0.3057259713701431,1956,-0.3771185249478243,-2.273954064862249,-0.8997880941311771,-0.4282682199639275,0.42572741558689203,0.218213058419244,582,-0.42278970368549684,,291.0,2,False,False,
orb,110,20,0.45,180,3.0,-2.5,-1.0714692494819957,-0.11173073134807741,-0.31953973942292363,0.910027886551465,0.4903905765654061,1613,-0.1904080487109001,-2.279668457658075,-0.7740705660450998,-0.42652064483562263,0.46058508021230515,0.36693548387096775,496,-0.41779605634560935,,248.0,3,False,False,
orb,111,50,0.0,120,3.0,-3.5,2.383160729619357,0.10601592512581008,-0.1616855481790704,1.1438175053163593,0.609673790776153,889,0.1785205978124722,-3.0726322318785546,-0.3675213518928972,-0.24580428237684007,0.6158771246222445,0.5092936802973977,269,-0.19124134748540134,-1.2893096943441666,134.5,3,False,False,
orb,112,40,0.45,180,3.5,-2.5,-0.45754828544599585,-0.021718355399113473,-0.20930034506129144,0.9789039362994696,0.4540441176470588,1088,-0.04946707155698238,-2.8579025960387225,-0.35174615712835244,-0.2792519418187436,0.645835282814995,0.3486238532110092,327,-0.21435359764559758,,163.5,2,False,False,
orb,113,45,0.35000000000000003,210,2.5,-2.0,-1.5764571105880778,-0.23087790712046996,-0.3842423913947794,0.7939150750580075,0.44700139470013944,1434,-0.3744148861301133,-2.722393976283253,-0.6603452202882822,-0.3403512923875721,0.5023289871986791,0.36619718309859156,426,-0.3255020190740323,,213.0,3,False,False,
orb,114,45,0.1,210,1.5,-3.0,-1.4465704015277001,-0.2305895347354402,-0.3873199214519575,0.8010436331831192,0.6578947368421053,1748,-0.33904881196028425,-2.7439820486300275,-0.599229400181834,-0.3294045049467375,0.5322581810114094,0.5897920604914934,529,-0.29755109355589837,,264.5,3,False,False,
orb,115,50,0.5,210,3.5,-4.0,3.08090741129824,0.13561945451296195,-0.18471993990928234,1.1951727987426999,0.6117084826762246,837,0.25488059748653114,-2.745359338420793,-0.4014230069312718,-0.3035413610661362,0.5745469266469466,0.4864864864864865,259,-0.23676021847652284,-0.8910879075278496,129.5,3,False,False,
orb,116,25,0.5,120,2.5,-1.0,-1.211656227288734,-0.7014713035860776,-0.7861325917847718,0.5834757110274658,0.27521008403361347,1904,-0.7847257336101954,-2.0800213547700763,-0.9776875428110035,-0.47335146476310813,0.43593756118806154,0.24729241877256317,554,-0.46694782193935813,,277.0,2,False,False,
orb,117,25,0.1,60,1.0,-3.5,-1.459873763466844,-0.418362289395539,-0.5103107847398621,0.6071268975786461,0.7480127186009539,1258,-0.4977450189152516,-2.5733077004974625,-0.7506511824545556,-0.37030756179089963,0.30006590000250366,0.6627565982404692,341,-0.3692188584981534,,170.5,3,False,False,
orb,118,45,0.45,240,1.5,-2.5,-1.428071835410233,-0.36608225224449614,-0.5434077226786073,0.6868836738253952,0.594306049822064,1686,-0.5295419095150796,-2.6845654207938767,-0.6566474849333837,-0.34873341581909684,0.5303268208336656,0.528046421663443,517,-0.339645807803309,,258.5,3,False,False,
orb,119,40,0.5,180,2.5,-1.5,-1.4116513382392033,-0.40109795476878246,-0.578985044734043,0.6847674024593844,0.37044534412955465,1482,-0.5754687177826077,-2.3907981809615135,-0.799909052744806,-0.40320136286236596,0.4582338180866439,0.289237668161435,446,-0.394173135794434,,223.0,2,False,False,
orb,120,40,0.35000000000000003,150,2.5,-3.5,-0.010762606471187673,0.0036636556280903653,-0.2597686442499281,1.008049243866502,0.6336448598130842,1070,-0.0014099665979679932,-2.9357189796717327,-0.37813037380451203,-0.2766280881087402,0.602813659892884,0.5232198142414861,323,-0.2228372849263599,,161.5,3,False,False,
orb,121,60,0.0,240,1.5,-1.0,-1.0879647333435485,-1.1281834137244005,-0.9117020881694772,0.43038774396169016,0.3475229357798165,2725,-0.9117020881694772,-1.7754898667970247,-1.470690384069607,-0.560631487766421,0.36253328365186954,0.31141868512110726,867,-0.555755160788566,,433.5,2,False,False,
orb,122,40,0.15000000000000002,90,5.0,-2.5,1.0169694175076662,0.06807238846616781,-0.22607107369252807,1.0952792120810815,0.4206989247311828,744,0.10992296717953232,-3.0697291341280595,-0.4206505138198279,-0.26362829252375203,0.5488076356199114,0.26785714285714285,224,-0.22108040242476745,-3.018506831455351,112.0,2,False,False,
orb,123,10,0.4,90,1.5,-2.5,-1.4173847337286345,-0.480668864099083,-0.5762683800161321,0.6863651297962693,0.6093528578176665,2117,-0.5748472440269814,-2.0864208097677106,-0.9714585030926449,-0.472167546855137,0.4092160724058269,0.4941002949852507,678,-0.46990808388240446,,339.0,3,False,False,
orb,124,20,0.35000000000000003,210,5.0,-2.0,-0.6681053692497723,-0.04734405455991672,-0.25362984531350274,0.9587767115474525,0.33865814696485624,1565,-0.08932685642271077,-2.5720682820122818,-0.5404178259927496,-0.3561856490769181,0.5518934258457583,0.24520255863539445,469,-0.31184900753233125,,234.5,2,False,False,
orb,125,55,0.25,240,4.5,-2.0,0.2549237968785943,0.020476518723443537,-0.24601757063014343,1.0277975324793114,0.37027027027027026,1110,0.031129910695536056,-2.9457712422176265,-0.42722151590425433,-0.28218739069906806,0.6134825742142268,0.26285714285714284,350,-0.2353378711268551,-11.555497283058788,175.0,2,False,False,
orb,126,50,0.30000000000000004,240,5.0,-2.5,0.46266289181138404,0.03218982939196875,-0.22694457404859086,1.0413112796238855,0.40175097276264593,1028,0.0516058184889705,-2.944723663197248,-0.3702709213764441,-0.2751497749954884,0.6299170800900163,0.2772585669781931,321,-0.22168064782516028,-6.364728434710379,160.5,2,False,False,
orb,127,20,0.35000000000000003,150,3.0,-1.0,-1.2122017893471373,-0.7284110429956966,-0.7863702331451726,0.576843487426452,0.2480777013354917,2471,-0.7863702331451726,-1.7871940098656054,-1.1502552736190113,-0.5567944866137371,0.40195206216591295,0.196524064171123,748,-0.5515652162930746,,374.0,2,False,False,
orb,128,25,0.5,120,5.0,-2.5,0.9832015920176511,0.05901891635561656,-0.2127740638217649,1.0735984748681702,0.40814299900695133,1007,0.10046543537902108,-2.4979044145790605,-0.4947028064459216,-0.36231486486837206,0.5155389766574305,0.2789115646258503,294,-0.2988224958962705,-2.540582150048244,147.0,2,False,False,
orb,129,60,0.15000000000000002,120,4.5,-4.0,23.39520112726165,0.3287546154320608,-0.0788187641075781,1.6298295592470968,0.6209150326797386,612,0.6934197841732592,-2.849958386128921,-0.385515983350117,-0.2802489763759078,0.5379647866330879,0.4427860696517413,201,-0.21471963633062274,-0.12181807587915792,100.5,3,False,False,
orb,130,30,0.15000000000000002,120,3.5,-3.0,0.6291263559140955,0.045940411470413875,-0.2311114307458744,1.0539041935082405,0.515728476821192,1208,0.07080951137491875,-2.9266075960403044,-0.5111767297615737,-0.29295852563181307,0.5445007255612038,0.42165242165242167,351,-0.25448182143026676,-4.651859787034451,175.5,3,False,False,
orb,131,50,0.05,90,2.0,-3.5,2.353558459459316,0.09823356443745437,-0.14507016361248107,1.1553047270746568,0.6901041666666666,768,0.15955248484640516,-3.353074583050312,-0.3978837042037928,-0.22619236883635052,0.5653810362300593,0.5622317596566524,233,-0.19283165399694502,-1.4246829389657971,116.5,3,False,False,
orb,132,40,0.1,210,2.5,-4.0,1.55977786274822,0.09746819938378509,-0.20847980278514283,1.1095119590012164,0.6708211143695014,1364,0.15245244701029947,-2.6431218303124453,-0.19998524254877914,-0.22700389832708842,0.7818563152273809,0.5882352941176471,408,-0.12904975895358517,-1.6945501621977432,204.0,3,False,False,
orb,133,40,0.30000000000000004,120,5.0,-2.5,1.341817731345584,0.08229692956228339,-0.2276075553964507,1.1115900353387551,0.41238317757009346,856,0.14375346031090475,-2.9271268824436794,-0.37689418599789415,-0.27491095346018446,0.5881914979472287,0.2669172932330827,266,-0.21829542108316402,-2.1814638561292052,133.0,2,False,False,
orb,134,40,0.0,90,4.0,-2.5,1.2042921799983617,0.07559626462514157,-0.22306840327700658,1.1031029502051497,0.46266829865361075,817,0.12740301734825143,-2.9771674936448953,-0.47631675382475847,-0.286418391009343,0.535266776106231,0.3176470588235294,255,-0.2508593671469648,-2.472130553607801,127.5,2,False,False,
orb,135,55,0.0,240,4.0,-2.5,0.33228210151282606,0.025608580572317564,-0.2330878632438245,1.0310134971305123,0.44761106454316846,1193,0.03831065492669583,-2.955488798451565,-0.36912198823609005,-0.26631366005728835,0.6516968467072798,0.3539325842696629,356,-0.2080511327204262,-8.89451699322867,178.0,3,False,False,
orb,136,10,0.25,120,4.0,-1.0,-1.346375367233028,-0.4875715118301978,-0.6491647520583582,0.6935753396847744,0.21970554926387317,2649,-0.6479684741536709,-1.9007679982903454,-1.0161607941212047,-0.5214084960351537,0.44617498652260024,0.1619156214367161,877,-0.5091451194582766,,438.5,2,False,False,
orb,137,40,0.4,210,5.0,-1.0,-1.4268204895848038,-0.28013059516175287,-0.5027235800124895,0.7427758858485419,0.2022332506203474,1612,-0.4709600279461298,-2.494904968197841,-0.665636919395211,-0.37823452540259406,0.5016366853761685,0.13934426229508196,488,-0.3519148876220629,,244.0,2,False,False,
orb,138,55,0.15000000000000002,150,2.5,-3.0,-0.37713035222394026,-0.01706210320695348,-0.18377123541458784,0.9839240465064288,0.5905044510385756,1011,-0.035549943221657165,-2.955706745218936,-0.5195122145503727,-0.29002681888223586,0.5061732937756593,0.48355263157894735,304,-0.2543711853156376,,152.0,3,False,False,
orb,139,40,0.35000000000000003,60,4.0,-3.0,-0.2639913118079764,-0.01768546214382506,-0.2860181849460049,0.967615283879219,0.4945054945054945,364,-0.03879355866389578,-1.7004053616477808,-0.07284131632988741,-0.1672270386393338,0.8664045757608174,0.41284403669724773,109,-0.04919941345413459,,54.5,3,False,False,
orb,140,60,0.5,240,4.0,-1.5,-1.5145379288849876,-0.24145201329857333,-0.4318102959144773,0.7667868271805987,0.30689655172413793,1160,-0.4142485542388402,-2.708436759552593,-0.6434833338508534,-0.3436480904894736,0.5110369677380785,0.2188365650969529,361,-0.3314352164933406,,180.5,2,False,False,
orb,141,20,0.35000000000000003,90,5.0,-4.0,4.073997067122091,0.16150227891397337,-0.15327376550569854,1.2182767382558428,0.5531177829099307,866,0.27699013305203346,-2.7201568109130276,-0.4293408457544537,-0.3152523308894126,0.5434507125327236,0.40425531914893614,282,-0.25460888632385925,-0.6676874740203412,141.0,3,False,False,
orb,142,40,0.45,180,1.0,-4.0,-1.49675232871281,-0.24774747605750572,-0.4069985690856662,0.7396247367984848,0.7780548628428927,1604,-0.37716722356298515,-2.9301723442272154,-0.5755603319565481,-0.3094338015046222,0.46920779690120007,0.7088607594936709,474,-0.30069175980961604,,237.0,3,False,False,
orb,143,60,0.30000000000000004,90,4.5,-3.5,4.687774094905892,0.1262404216468534,-0.12012953080182653,1.2734312240989152,0.5478723404255319,376,0.2524741913647848,-3.277853121587621,-0.3976447649040699,-0.23999781361116795,0.4866500588005069,0.421875,128,-0.20782165967522948,-0.6992344458641035,64.0,3,False,False,
orb,144,10,0.2,150,3.5,-3.5,1.1421718699497854,0.08294574796599483,-0.23179610716433754,1.0793761849182142,0.5673194614443084,1634,0.12566016221601362,-2.3516046040341583,-0.627627851211103,-0.4018507214352486,0.5184537595085923,0.4305555555555556,576,-0.3542538475580088,-2.0588885665145513,288.0,3,False,False,
orb,145,45,0.25,120,4.0,-3.0,1.640032403652491,0.09338346916453505,-0.22204807259547182,1.1328031285507527,0.501219512195122,820,0.16941538569603765,-2.7696502240551077,-0.32944103117507995,-0.2638392338668626,0.6407486856141034,0.4046692607003891,257,-0.17951064750579449,-1.6887777448097137,128.5,3,False,False,
orb,146,40,0.2,240,1.5,-2.5,-1.4057854689728866,-0.4029582378500674,-0.5572409103312662,0.7086737290182786,0.596828447861605,2081,-0.5373717179057179,-2.64348687211606,-0.7058739296528718,-0.3557820278497518,0.5259397475314992,0.5472636815920398,603,-0.34656964792974854,,301.5,3,False,False,
orb,147,10,0.4,60,3.5,-3.5,0.6465871479879891,0.041469954919409496,-0.19328509542791344,1.046844806912048,0.5604089219330854,1076,0.06114446160691345,-2.6357082788252306,-0.4064024588063326,-0.32157963084577834,0.6124597008334963,0.4394736842105263,380,-0.24698508826992793,-4.076338799846035,190.0,3,False,False,
orb,148,60,0.05,240,1.0,-1.0,-1.0373499942898574,-1.480450876464827,-0.9625727315019267,0.34855897586279033,0.40102440494124736,3319,-0.9625727315019267,-1.5507008705010246,-1.8305591159770993,-0.6441339771634267,0.2887518579724985,0.3809980806142035,1042,-0.6400430838184445,,521.0,3,False,False,
orb,149,10,0.15000000000000002,90,1.0,-2.0,-1.1629686204046403,-0.9364111156024062,-0.8361032056191187,0.507949419245958,0.6069715382155421,3127,-0.8361032056191187,-1.6326193037698447,-1.437707342303465,-0.6112974527416415,0.3163633638762719,0.526579739217653,997,-0.6087217332930406,,498.5,3,False,False,
orb,150,20,0.15000000000000002,90,4.5,-1.5,-1.3523523825184056,-0.15649011899811582,-0.3208004489542484,0.8595543651444665,0.295391061452514,1432,-0.24925745728771287,-2.6371942338614103,-0.6322390602817944,-0.35101315533176347,0.48814919127449735,0.20930232558139536,430,-0.3242886557451006,,215.0,2,False,False,
orb,151,15,0.45,90,4.5,-1.5,-1.3137029136338239,-0.13345502261186695,-0.3022551811376038,0.8757203401625087,0.2949479940564636,1346,-0.22507403091051248,-2.4069940472559552,-0.6804360263643771,-0.3944606646936327,0.47057050327270084,0.20642201834862386,436,-0.36245531432754297,,218.0,2,False,False,
orb,152,30,0.25,90,1.5,-1.0,-1.1547505584080588,-0.9217382216395398,-0.8441006950404633,0.4582367988937905,0.3660864682762493,1781,-0.8433246876026949,-2.058996154380199,-1.1806001965426263,-0.4788976922591327,0.3436328937412645,0.3215767634854772,482,-0.4749259189661327,,241.0,2,False,False,
orb,153,20,0.2,60,1.0,-3.0,-1.411734146484599,-0.5163029036326559,-0.5829899889322282,0.5794514115172764,0.6967971530249111,1405,-0.5821992975639473,-2.436313497653369,-0.8099457331151215,-0.3959547465743765,0.3209279351428074,0.6197530864197531,405,-0.39595474657437657,,202.5,3,False,False,
orb,154,55,0.5,150,4.0,-1.5,-1.0399465940061747,-0.08281637611515073,-0.2830246176540078,0.9032980016996949,0.32723112128146453,874,-0.16111990567996237,-2.9993100831703106,-0.5883968561972911,-0.2955288842610765,0.48628194834676275,0.2188679245283019,265,-0.27961114313138347,,132.5,2,False,False,
orb,155,25,0.05,180,2.5,-4.0,0.8024889100671595,0.05298270788077039,-0.19429565810405952,1.0557346476574239,0.66375,1600,0.0757556195511806,-2.4128012489776256,-0.5663126270093719,-0.3831625624269037,0.5088941182091817,0.5512295081967213,488,-0.3226614922644945,-3.0066474672848758,244.0,3,False,False,
orb,156,30,0.5,180,1.5,-1.0,-1.0569586118093233,-1.2327873184220477,-0.9428480929036535,0.43693581064287224,0.34740146494593654,2867,-0.9425818192170193,-1.605224812286766,-1.5550572196389183,-0.62194950031076,0.33514275039311314,0.2884848484848485,825,-0.6201037601860115,,412.5,2,False,False,
orb,157,55,0.0,120,5.0,-2.5,3.49382814030314,0.13622513513006226,-0.1620899390300864,1.2074525386736201,0.4383916990920882,771,0.25375534668241784,-2.9626399116619004,-0.34470415888173744,-0.2533767644582865,0.5962737467741638,0.288135593220339,236,-0.18896615891527502,-0.8479638358527987,118.0,2,False,False,
orb,158,60,0.25,60,5.0,-1.5,5.0825990988872265,0.0660518043643119,-0.038083371654436614,2.224379261319275,0.375,16,0.09327023866758077,-5.358717251023662,-0.3074555038483597,-0.055546604935698664,0.1632007514785443,0.09090909090909091,11,-0.051886221751326955,-1.0543261718589783,5.5,2,False,False,
orb,159,35,0.0,240,4.0,-1.0,-1.2748558418266567,-0.5774631393634706,-0.7158518193130479,0.6234124004286599,0.2090508610332399,2497,-0.7072238832192026,-2.3380589567353893,-0.7089938776102797,-0.4116632300282389,0.512861001631692,0.17857142857142858,700,-0.3904836452057233,,350.0,2,False,False,
orb,160,45,0.05,150,3.5,-1.5,-1.5154556449509908,-0.21377449861534098,-0.3670165887380821,0.8051220050591286,0.31673881673881676,1386,-0.335958992334528,-2.8724925106126524,-0.6923409859862137,-0.31630334133925736,0.4810611631965432,0.2578125,384,-0.3028401891249979,,192.0,2,False,False,
orb,161,45,0.1,150,2.0,-1.5,-1.380972705160376,-0.47341914641328403,-0.6111317535707889,0.6609713129517235,0.40588235294117647,1700,-0.6078775055687888,-2.7210407440562467,-0.8097831407199494,-0.3422124156603725,0.48066893939169847,0.3678861788617886,492,-0.33205526460437196,,246.0,3,False,False,
orb,162,50,0.5,120,5.0,-1.0,-1.347354599094395,-0.13110079380789663,-0.3400597885959501,0.8268074259459653,0.20023419203747073,854,-0.2657043885028221,-2.7169103127086744,-0.6577324569147431,-0.33696702710641085,0.42240085961045565,0.11510791366906475,278,-0.31107859001470894,,139.0,2,False,False,
orb,163,45,0.35000000000000003,150,3.0,-3.0,-0.26102758706840273,-0.013838707824310103,-0.24492589827311873,0.9864442776547997,0.5346432264736298,967,-0.03274776345742936,-2.920778217739486,-0.4274758018398565,-0.28075785699823397,0.5816374932525499,0.43537414965986393,294,-0.22787362993345184,,147.0,3,False,False,
orb,164,25,0.05,120,4.5,-3.5,4.645364238375904,0.20921526488412379,-0.18498079164369619,1.2493032749838575,0.539568345323741,1112,0.3669226915526014,-2.5269300877880547,-0.5151395815587666,-0.35491877246568376,0.5152999433348086,0.3977272727272727,352,-0.2900393193492351,-0.5439681278192969,176.0,3,False,False,
orb,165,45,0.45,180,4.0,-3.0,1.0573413356373444,0.05589511535946211,-0.1905265100459559,1.0720978160001347,0.4978165938864629,916,0.09690603661951558,-2.6363590977211295,-0.31107425857990334,-0.2844199549885018,0.6717840076485931,0.3736654804270463,281,-0.18855914089950665,-2.4933850676820315,140.5,3,False,False,
orb,166,10,0.35000000000000003,240,3.5,-3.5,1.0419851890331875,0.06884283938785687,-0.20362871795914186,1.0636790733161645,0.5604395604395604,1729,0.10183060416239953,-2.3683659339918153,-0.6104131834973936,-0.4013420113637507,0.5425421791594321,0.4394184168012924,619,-0.36449056476231456,-2.2729362748325803,309.5,3,False,False,
orb,167,45,0.15000000000000002,120,3.0,-3.0,0.6782348326207283,0.041951358329350076,-0.2039184632925332,1.0545385828930978,0.5483870967741935,961,0.06746217349874595,-2.895709006672861,-0.3309065807419071,-0.25551602380564403,0.6295467738077202,0.46099290780141844,282,-0.1837806890463608,-4.269478457017193,141.0,3,False,False,
orb,168,30,0.45,210,3.0,-2.0,-1.3725166766156072,-0.15494014165879041,-0.33831407972301647,0.868729003858289,0.4323116219667944,1566,-0.2699240020890358,-2.484962069716208,-0.6911914822150539,-0.38154749801644317,0.4952950522904282,0.33408071748878926,446,-0.35994662688947787,,223.0,2,False,False,
orb,169,10,0.4,90,1.5,-3.5,-1.4167926366434482,-0.3185562365361674,-0.4552119874792638,0.7602537339450995,0.6952879581151833,1910,-0.40657512632629966,-2.335420829267701,-0.795543872959607,-0.41563239681672937,0.43504505714180003,0.5748792270531401,621,-0.4126922273363408,,310.5,3,False,False,
orb,170,40,0.35000000000000003,180,2.5,-1.5,-1.419423699856869,-0.4071727788034116,-0.5751659570814154,0.6936686207293674,0.36594427244582045,1615,-0.5743915887448529,-2.438716004269578,-0.7674199622258818,-0.3926220090649357,0.48590158654616156,0.3008298755186722,482,-0.37887407627309067,,241.0,2,False,False,
orb,171,45,0.5,210,4.5,-2.5,-0.5597289452326484,-0.030052012832864742,-0.2136057778029277,0.9663547579932276,0.4198717948717949,936,-0.062157078441474445,-2.7257385004201913,-0.3706256778049969,-0.30001626864033615,0.6377703266295003,0.31186440677966104,295,-0.2264156998856126,,147.5,2,False,False,
orb,172,10,0.05,120,2.5,-2.5,-1.36361049651442,-0.22673277964901412,-0.37894225368302137,0.854326002191047,0.517485613103143,2259,-0.30682663194795157,-2.0702929957103264,-0.8889538069071709,-0.47387223184939814,0.45439051191008045,0.4002695417789757,742,-0.45013088433610793,,371.0,3,False,False,
orb,173,25,0.2,210,3.5,-2.5,-0.8324769990397126,-0.07426115969845774,-0.2827457410223166,0.9402354966693095,0.46335403726708074,1610,-0.1265048408837509,-2.6261724487253812,-0.537193433016689,-0.339851616467702,0.573111595979419,0.37656903765690375,478,-0.28560716107791717,,239.0,3,False,False,
orb,174,50,0.4,120,4.0,-1.5,-0.6659938544000371,-0.0431192676802702,-0.25425125612200095,0.9470123269535816,0.3155397390272835,843,-0.08925961598359788,-3.119933974310107,-0.5996217994791642,-0.2787716798238507,0.4727394530238869,0.21621621621621623,259,-0.26461547414290454,,129.5,2,False,False,
orb,175,50,0.25,120,4.5,-3.0,3.694552230545227,0.14821926848860034,-0.17012210025680483,1.2324311538167536,0.49166666666666664,720,0.27860873495652805,-2.7985307027044994,-0.373973677280254,-0.27625400900842073,0.5800336541710502,0.36123348017621143,227,-0.20041913066054673,-0.7574749328395619,113.5,3,False,False,
orb,176,30,0.2,90,1.5,-1.5,-1.273833323563061,-0.6754571810174541,-0.7223348268126724,0.5392722944846976,0.4664131812420786,1578,-0.7202147689663745,-2.4988298706147685,-0.8944735932418508,-0.38275793911678746,0.4063491881955086,0.43457943925233644,428,-0.37659165743238243,,214.0,3,False,False,
orb,177,25,0.25,60,5.0,-1.0,-1.5552528279396982,-0.2789740359712442,-0.4343731737925506,0.7108186165978918,0.19162303664921465,955,-0.432942392307997,-2.77712663245693,-0.3812865703080757,-0.3016448893756139,0.5528230440495577,0.16791044776119404,268,-0.23981621266657083,,134.0,2,False,False,
orb,178,20,0.15000000000000002,90,4.5,-3.0,2.1648628550199644,0.1161699129174859,-0.1868778042929412,1.1346781458447497,0.48178506375227687,1098,0.1867421729367882,-2.5175864133195867,-0.5537636779492938,-0.365537684978323,0.48235491294799093,0.33810888252148996,349,-0.31708081953923506,-1.1629311332501797,174.5,2,False,False,
orb,179,55,0.4,180,3.0,-4.0,5.122573096915928,0.16343202323844166,-0.14082025016232422,1.251097771750844,0.6585956416464891,826,0.3148375841642914,-2.681892174680276,-0.250607816241579,-0.24493287803023603,0.7121183919261168,0.5254901960784314,255,-0.14896478686276804,-0.5235439541692286,127.5,3,False,False,
orb,180,25,0.2,90,3.5,-3.5,2.2631767209470017,0.1299861801724882,-0.21601083494887888,1.1585772545894988,0.5851485148514851,1010,0.22212163128756424,-2.7720724295878094,-0.5024109779203052,-0.315817422341885,0.5061302803697459,0.44193548387096776,310,-0.2695782296767262,-1.2248590240128776,155.0,3,False,False,
orb,181,30,0.0,210,5.0,-3.5,4.584734045329706,0.2157964921300973,-0.20485225286397915,1.2744121257792305,0.5192307692307693,1144,0.3962136571438273,-2.5552080054932405,-0.26431823919783465,-0.2722359876707537,0.7209022316604942,0.40599455040871935,367,-0.16419970303210718,-0.5573296030325103,183.5,3,False,False,
orb,182,30,0.0,60,5.0,-3.0,0.12956996196598144,0.014415170549283695,-0.26048956961044273,1.0217360239057138,0.45224719101123595,712,0.016869706520902916,-2.7290686119936733,-0.23648484261489827,-0.2207722078531059,0.7022313953803552,0.36018957345971564,211,-0.1298739492908768,-21.062509941233056,105.5,3,False,False,
orb,183,20,0.5,240,4.5,-4.0,5.318059470119084,0.19941371557567597,-0.1618962383377467,1.2377518217893453,0.5729257641921397,1145,0.36754154902148595,-2.6094440063544813,-0.43954077141425224,-0.33419075777889307,0.5871743060593047,0.42857142857142855,371,-0.26659091415296243,-0.49067597325985707,185.5,3,False,False,
orb,184,10,0.45,120,4.5,-2.5,0.6045145498534826,0.03734535440899073,-0.1884092903733294,1.039223621982281,0.4178794178794179,1443,0.05586463657409135,-2.2262486641160093,-0.675650412985098,-0.4321134919802129,0.4715328869701734,0.28189300411522633,486,-0.38926329160459894,-3.682704849131571,243.0,2,False,False,
orb,185,45,0.25,90,1.0,-3.0,-1.4511271282817595,-0.28242589597332923,-0.43544961161783796,0.6642738056768306,0.70995670995671,924,-0.39568292566410834,-3.2777158900618883,-0.5598538461370771,-0.262387513941555,0.4416554317339924,0.6642599277978339,277,-0.25659292864425165,,138.5,3,False,False,
orb,186,45,0.05,240,1.5,-2.5,-1.4176140263322417,-0.40194430904009554,-0.5473840337912504,0.6937385850965192,0.5920925747348119,2074,-0.5294932385295917,-2.6241479718845406,-0.7313881296678164,-0.3591578411712678,0.5080001309720957,0.5489566613162119,623,-0.349893092909376,,311.5,3,False,False,
orb,187,45,0.05,180,1.0,-3.5,-1.4694422763956414,-0.2962131659817233,-0.43413651579346985,0.7280146323050232,0.7559681697612732,1885,-0.4007055176308254,-2.7787606028239575,-0.6106682234532341,-0.3286350603324003,0.4706454157729871,0.7015706806282722,573,-0.3082695343557551,,286.5,3,False,False,
orb,188,20,0.45,120,1.5,-3.5,-1.3906160732685229,-0.18201345942973274,-0.33584922520183,0.844549336988331,0.6988869361452841,1707,-0.27177789337100844,-2.271317528430013,-0.8050890896171032,-0.429131156840473,0.37099937263564103,0.5948103792415169,501,-0.42559458722410703,,250.5,3,False,False,
orb,189,15,0.4,240,4.0,-2.0,-1.3274531427526899,-0.13301609461393316,-0.28934361802448444,0.9021311920139203,0.3742782152230971,1905,-0.21670862413764735,-2.104414849769648,-0.7809969429116684,-0.46512522261109435,0.4887360884107429,0.2721518987341772,632,-0.44079465382019045,,316.0,2,False,False,
orb,190,55,0.45,90,5.0,-2.5,0.9336379263841553,0.04644450561572877,-0.17748207836951435,1.0877758599132092,0.4253731343283582,402,0.08033484130593216,-3.562740463069543,-0.41429505170825476,-0.22116668114387453,0.4595412683316126,0.272,125,-0.2085413323074976,-3.8159765819149203,62.5,2,False,False,
orb,191,45,0.35000000000000003,120,4.0,-3.0,1.938923693533462,0.10218934294661364,-0.21559736863718765,1.1495541041095156,0.5019011406844106,789,0.1924609034147402,-2.8923801237910896,-0.39213686698341177,-0.27221248529576575,0.5856402857856874,0.36693548387096775,248,-0.2081942004432371,-1.4917452055681804,124.0,3,False,False,
orb,192,55,0.45,60,1.5,-1.0,-1.8020140551734365,-0.356526234725098,-0.1864313893354267,0.2698038779978356,0.25,80,-0.1864313893354267,-5.3644280083182805,-0.4078293652436259,-0.07623568232778952,0.291839845511026,0.2647058823529412,34,-0.07623568232778954,,17.0,3,False,False,
orb,193,25,0.5,90,3.0,-1.5,-1.4717122159000398,-0.23725784891940013,-0.41057496588379505,0.7835749118178156,0.36723672367236726,1111,-0.3732217388634015,-2.7142897516970343,-0.6505182781698774,-0.3437631617689974,0.47879514623948355,0.2875,320,-0.33486728320343817,,160.0,2,False,False,
orb,194,15,0.1,90,2.0,-2.0,-1.4411176067766667,-0.3569189297318152,-0.49296152207780275,0.7627785163736579,0.5022601707684581,1991,-0.4645094363404857,-2.0239452025189304,-1.0508695818532328,-0.48800506428671736,0.3898367468595413,0.3880368098159509,652,-0.48477879713655136,,326.0,3,False,False,
orb,195,15,0.1,60,4.0,-2.5,0.39794987986842467,0.03186569547068923,-0.2258362786738435,1.0372547730518549,0.4548641542506573,1141,0.04432570217065268,-2.4813231700898513,-0.6674949984276382,-0.3742476930093189,0.46549449693965794,0.3112244897959184,392,-0.3283887986823,-6.235265533715599,196.0,2,False,False,
orb,196,55,0.35000000000000003,120,1.0,-3.5,-1.4296325468550224,-0.1136931636501592,-0.2451579301287824,0.8489734475644357,0.7737003058103975,981,-0.1954544369312735,-3.2047433148443774,-0.5760388879565715,-0.2709937828612572,0.43519493255606667,0.68125,320,-0.2635271013891891,,160.0,3,False,False,
orb,197,30,0.2,210,4.5,-4.0,3.9988396792313945,0.21124441656901646,-0.21974359093670803,1.2601775510455084,0.5762557077625571,1095,0.3740980160317269,-2.7921158619320416,-0.3324152376971104,-0.2749830669162132,0.6710484908050631,0.43304843304843305,351,-0.19761944314255853,-0.698231508613195,175.5,3,False,False,
orb,198,60,0.15000000000000002,120,2.5,-2.5,-0.4629555941732398,-0.021203153564769896,-0.18651457591454745,0.9757311478301087,0.5469678953626635,841,-0.04449100237464365,-3.248117408163564,-0.5287673029925436,-0.2596224386299244,0.494522602127754,0.43137254901960786,255,-0.24381486829258514,,127.5,3,False,False,
orb,199,15,0.4,90,2.0,-3.0,-1.2701625883965904,-0.1739993007468084,-0.3539822845838559,0.8596576786886697,0.6139878950907868,1487,-0.2598765373448024,-2.335724572022621,-0.6881933018007722,-0.4120243362805805,0.46413791770991947,0.4865979381443299,485,-0.3901960065363167,,242.5,3,False,False,
