strategy,trial_id,p_rsi_period,p_oversold_threshold,p_entry_window_end_bar,p_take_profit_pct,p_stop_loss_pct,train_calmar,train_sharpe,train_mdd,train_profit_factor,train_win_rate,train_total_trades,train_total_return,test_calmar,test_sharpe,test_mdd,test_profit_factor,test_win_rate,test_total_trades,test_total_return,overfit_ratio,monthly_trades,gates_passed,gate_calmar_ok,pass_stage1,error
rsi_oversold,0,9,15.0,180,1.75,-2.25,-1.3664697767937506,-0.5620740898548037,-0.5583972734025604,0.6697622328286238,0.5255102040816326,2352,-0.5159808550348405,-2.279401869276201,-0.9467700841847032,-0.4274563615123463,0.4736773083242459,0.4506641366223909,1054,-0.42440942194710785,,527.0,3,False,False,
rsi_oversold,1,11,17.5,360,3.75,-1.0,-1.2806105774773753,-0.718970968308004,-0.6937678499245796,0.6277783980438111,0.22030598052851183,3595,-0.6688979451813719,-1.8797662344155213,-0.9870867530254693,-0.5282229085907957,0.5228191569669931,0.18645083932853718,1668,-0.5261353387374077,,834.0,2,False,False,
rsi_oversold,2,9,30.0,60,1.0,-2.75,-1.3724810933372558,-0.7290946799178292,-0.6069026303516573,0.5563641100889362,0.6952157912345266,2989,-0.5941896969814071,-2.5091750561976025,-0.8797946051164249,-0.381763950295088,0.44179291145792027,0.6207243460764588,994,-0.379801229801767,,497.0,3,False,False,
rsi_oversold,3,13,22.5,300,3.25,-3.0,-0.2592450211674175,-0.018646860553436916,-0.2018389190253639,0.9917127592722438,0.5168995042812078,2219,-0.02672196809534877,-2.382763126773769,-0.470289254663994,-0.3867409156317266,0.6512975592675672,0.4381139489194499,1018,-0.3186922099752124,,509.0,3,False,False,
rsi_oversold,4,13,35.0,240,1.75,-1.25,-1.1548308513112164,-1.527487492547407,-0.8433688279697209,0.49206410339789036,0.3637296584078581,6821,-0.840914235216563,-1.4307952381952433,-2.00473924377227,-0.6986662652393797,0.36809090296216734,0.312626603646185,2962,-0.698579667466781,,1481.0,2,False,False,
rsi_oversold,5,15,15.0,120,3.75,-1.5,-1.3393066928001855,-0.307931976051163,-0.44951018338488596,0.6510748200421528,0.27884615384615385,624,-0.3714552927476954,-3.5267292407666,-0.4192573819416038,-0.23249168585298882,0.5909408731089509,0.28125,288,-0.22781140271304523,,144.0,2,False,False,
rsi_oversold,6,17,25.0,120,1.75,-1.75,-1.3563252947256452,-0.5626537467352588,-0.591461029493469,0.6410111788042884,0.4760806916426513,1735,-0.5581189358873786,-2.281434915220935,-1.0624983911781398,-0.4274610894852226,0.39639865434859717,0.4235294117647059,765,-0.4274302883722414,,382.5,3,False,False,
rsi_oversold,7,9,17.5,240,1.25,-1.75,-1.236580359610623,-1.0783377589692191,-0.7591597054384405,0.5109346714417646,0.5194037522487792,3891,-0.755264395129915,-1.746214819937748,-1.4156757133088544,-0.5705612295702095,0.39574422892112293,0.46199524940617576,1684,-0.5705612295702096,,842.0,3,False,False,
rsi_oversold,8,17,25.0,60,3.75,-1.25,-1.3420560823896528,-0.2844984059417422,-0.44543184238331524,0.7195381615296625,0.2731137088204038,941,-0.3680912857131292,-2.797454515286342,-0.6568649037485335,-0.322012670216553,0.4439067723553776,0.21787709497206703,358,-0.29421910011435226,,179.0,2,False,False,
rsi_oversold,9,9,30.0,90,3.0,-2.0,-1.346201169765226,-0.44669871629820335,-0.49857197800967923,0.7513077562223632,0.40701869465398494,3049,-0.42909546679423893,-2.2263290299062333,-0.9521311164503982,-0.4372894497771129,0.47895923390890066,0.3158371040723982,1105,-0.421755751458739,,552.5,2,False,False,
rsi_oversold,10,17,22.5,90,1.0,-2.25,-1.4212864554274112,-0.5199635195690563,-0.522982861312668,0.5425768700257385,0.6663793103448276,1160,-0.4960793271865146,-2.9464412102736675,-0.7150329697237937,-0.308273803172357,0.4212115394454023,0.5936794582392777,443,-0.302532000693692,,221.5,3,False,False,
rsi_oversold,11,15,17.5,150,1.25,-1.5,-1.3318262876138438,-0.6537112569129285,-0.6580673512401773,0.46768880053109896,0.4667760459392945,1219,-0.6513814208261308,-2.070619925485349,-1.236619155726042,-0.4763277163692539,0.30243240530362947,0.4128113879003559,562,-0.476327716369254,,281.0,3,False,False,
rsi_oversold,12,15,32.5,360,2.25,-2.5,-1.3472919665001781,-0.3744980000073516,-0.44089626828137946,0.8162556486250883,0.5287016506528701,4059,-0.3651064385025222,-1.9110195084054018,-0.7607012699369827,-0.5160791755754014,0.5725313128155222,0.4544016868740116,1897,-0.4760039868936847,,948.5,3,False,False,
rsi_oversold,13,17,27.5,150,3.5,-2.0,-1.3302620386937931,-0.3466315411619017,-0.44208563349116786,0.7690247996874533,0.37559129612109743,2114,-0.3604525880358528,-2.3611182524437844,-0.7278555235078694,-0.4043355666818595,0.53325697643689,0.316008316008316,962,-0.372850409471561,,481.0,2,False,False,
rsi_oversold,14,9,20.0,300,3.75,-2.25,-1.3006057655742995,-0.24272249169717672,-0.3437725111034915,0.8582072912188593,0.40142095914742454,2815,-0.25818245798151795,-2.1338154192654883,-0.7114979673399703,-0.45443658441083484,0.5655065387189191,0.3399846508058327,1303,-0.4097361119789473,,651.5,2,False,False,
rsi_oversold,15,11,32.5,240,2.0,-1.0,-1.1160733611045959,-1.7286656253410948,-0.8833055685173994,0.4843994076092064,0.2806176783812567,7512,-0.8829718982563144,-1.2767885608035292,-2.500466813922004,-0.7831834098777206,0.2855784663933308,0.2408690176322418,3176,-0.7825097381076757,,1588.0,2,False,False,
rsi_oversold,16,13,27.5,60,1.75,-3.0,-1.3621742917456003,-0.3168222287757059,-0.4111193342181948,0.7446242327667554,0.6293206197854588,1678,-0.338844804054135,-2.631361767172638,-0.6017905512325589,-0.3512381262302182,0.4908572661401551,0.5400340715502555,587,-0.3223095750666849,,293.5,3,False,False,
rsi_oversold,17,17,30.0,180,1.25,-2.25,-1.3115326490247508,-0.7825528938062545,-0.6552647764345456,0.59108262494201,0.5940925700365408,3284,-0.6279426721964565,-1.915976455896272,-1.2745470451755365,-0.5177753412421979,0.3761704016945669,0.523312456506611,1437,-0.5175782514954064,,718.5,3,False,False,
rsi_oversold,18,17,22.5,360,2.75,-1.5,-1.4081421566906474,-0.4633048748941047,-0.5396658642385285,0.7297446539653992,0.3567588325652842,2604,-0.5127931510088652,-2.339165260869314,-0.49642289552237234,-0.40994499739627394,0.6377217022067082,0.3198412698412698,1260,-0.38208353377039095,,630.0,2,False,False,
rsi_oversold,19,21,20.0,180,1.5,-2.25,-1.3976934956581155,-0.3177387484027724,-0.43110423913818485,0.6620455757460544,0.5931952662721893,676,-0.3718690026780629,-2.477100120149987,-0.8872666488682882,-0.38688694504023763,0.3397436196609345,0.4680232558139535,344,-0.3807947897989673,,172.0,3,False,False,
rsi_oversold,20,15,30.0,330,2.5,-1.75,-1.3376538240376339,-0.6503711223331256,-0.596573487695383,0.7127414038628613,0.40524515393386545,4385,-0.5534093773807545,-1.9164435576173926,-0.8979049646932334,-0.5153691621714507,0.5537125301689555,0.3577981651376147,1962,-0.4846551363471089,,981.0,3,False,False,
rsi_oversold,21,13,20.0,300,2.75,-2.75,-0.6930289414277246,-0.05471515344871973,-0.20695695843092649,0.9642432892214112,0.5263417035942886,2031,-0.0750562096366787,-2.560310313626382,-0.45696805489850295,-0.3529383029980105,0.6634653918476894,0.45359749739311783,959,-0.2972775768227722,,479.5,3,False,False,
rsi_oversold,22,7,17.5,120,3.5,-2.5,-1.1653438176219775,-0.1856117980231074,-0.3202807826497022,0.8688349687165411,0.4375,2240,-0.20978285239249217,-2.7165604593834667,-0.5559134166797924,-0.3231552699281777,0.6262682202417498,0.3596673596673597,962,-0.2717203662595642,,481.0,3,False,False,
rsi_oversold,23,19,17.5,240,2.5,-1.25,-1.3428100489061994,-0.3875458700811884,-0.5304998057646563,0.6469262492210234,0.3244949494949495,792,-0.4663249999221305,-2.744211589801469,-0.7023847946874425,-0.3415430680359327,0.4896313010995333,0.25874125874125875,429,-0.341325851123244,,214.5,2,False,False,
rsi_oversold,24,15,35.0,60,3.5,-2.75,-0.22642355318218516,-0.0162986347953668,-0.21100303894351882,0.9912763198816676,0.48898927159796723,1771,-0.0243699243402562,-2.480302176529927,-0.5137789220935094,-0.35943884458425285,0.5805117540994598,0.39285714285714285,672,-0.28461686406853015,,336.0,3,False,False,
rsi_oversold,25,15,27.5,90,2.0,-1.5,-1.368804167859297,-0.5707029559239639,-0.5790405983511498,0.6533780644032575,0.41553480475382004,2356,-0.5474146498116077,-2.265595428007288,-1.101530691187941,-0.4308790733399703,0.40771173528134363,0.3484013230429989,907,-0.4308790733399702,,453.5,2,False,False,
rsi_oversold,26,11,32.5,60,3.75,-2.0,-1.2619081089060589,-0.2562384789073889,-0.3872480797660488,0.8202204512013047,0.3811002661934339,2254,-0.2868283826197201,-2.676424557760147,-0.7159274454564227,-0.346817226439239,0.5171793775972932,0.2967581047381546,802,-0.3278234912353074,,401.0,2,False,False,
rsi_oversold,27,11,35.0,90,3.5,-2.0,-1.3549869728179338,-0.3662032065504922,-0.4403959280310642,0.7827593973965592,0.38644184445973845,2906,-0.36724955755499855,-2.1822890197257716,-1.0036688223656567,-0.44812714286488664,0.45104373027603323,0.2944839857651246,1124,-0.43737699096933635,,562.0,2,False,False,
rsi_oversold,28,13,20.0,210,4.0,-2.5,-0.6835598540875472,-0.06237990328810897,-0.23949909587780788,0.949882105290362,0.4157232704402516,1590,-0.08616070335343029,-2.690827584950969,-0.4723521396104725,-0.33114444681443833,0.6449628751492583,0.3455233291298865,793,-0.28415596618281236,,396.5,2,False,False,
rsi_oversold,29,7,27.5,270,1.0,-2.75,-1.327094636598519,-0.9181793260054484,-0.6644486907651629,0.581344694582722,0.680672268907563,5950,-0.6590787853170437,-1.6911322881895792,-1.3919876562188418,-0.5897115535798886,0.38351648797494536,0.6089108910891089,2424,-0.5896605383577427,,1212.0,3,False,False,
rsi_oversold,30,17,25.0,150,1.0,-2.25,-1.3272254717357581,-0.7527251002711427,-0.6574311339774952,0.5031675061625633,0.6402195608782435,2004,-0.6459181798662212,-1.9981246036712283,-1.213633727873783,-0.4949900313930755,0.3103728034560886,0.5499438832772167,891,-0.49377269253212486,,445.5,3,False,False,
rsi_oversold,31,9,17.5,270,1.25,-1.0,-1.0706082970769395,-1.8600492247115004,-0.9290328755015078,0.39397560193154635,0.3451825951825952,5148,-0.9282260773761709,-1.344392894959805,-2.167408346395956,-0.7437410312664119,0.3139617336676628,0.3274616079494128,2214,-0.7437410312664118,,1107.0,2,False,False,
rsi_oversold,32,11,20.0,360,2.75,-1.0,-1.2272147393500001,-0.9606860580234622,-0.7668256450295093,0.5905059341971804,0.2591257323118522,4438,-0.7599361712576091,-1.6397692740821164,-1.2213677135557304,-0.60860718302301,0.4827270512484159,0.22216674987518722,2003,-0.6075228343332599,,1001.5,2,False,False,
rsi_oversold,33,11,25.0,300,3.25,-1.5,-1.359073044784477,-0.5729990087190564,-0.5644066387222058,0.7260794099302267,0.31562036579337616,4046,-0.5201540373907161,-1.8795833469576804,-1.1044871838299914,-0.5278424494922725,0.5054335833682283,0.26447158789166225,1883,-0.5182993050538605,,941.5,2,False,False,
rsi_oversold,34,13,35.0,150,3.75,-2.0,-1.3187676173916159,-0.2832320186164737,-0.37101225866141835,0.8355389265121084,0.37753164556962027,3160,-0.2872554960119489,-2.209061034038387,-0.9136849956194061,-0.4406294089578622,0.5135158273084708,0.2890961262553802,1394,-0.4211872106109643,,697.0,2,False,False,
rsi_oversold,35,19,27.5,270,3.0,-1.25,-1.2833481131937827,-0.716974325228741,-0.6733610377729703,0.6246150660077309,0.28782172002510986,3186,-0.6343387662045646,-1.8222015760425996,-1.1953135303674176,-0.5453629338062689,0.4301959374332468,0.24867724867724866,1512,-0.5349332764317849,,756.0,2,False,False,
rsi_oversold,36,9,22.5,150,1.25,-1.75,-1.222703516622086,-1.1610238998544953,-0.771780930000367,0.5043885537526753,0.5194650107475519,4187,-0.7653318059988322,-1.6966743126275279,-1.606477344142702,-0.5877072255994271,0.34509179355777647,0.43402985074626865,1675,-0.5867066888624095,,837.5,3,False,False,
rsi_oversold,37,7,35.0,150,3.25,-2.25,-1.3158422168850075,-0.33684012707282074,-0.41867577131113354,0.8233037876001436,0.42277091906721537,3645,-0.33198463589010685,-2.183256001354104,-0.835630436075298,-0.44438063733484784,0.5362039864365651,0.33551769331585846,1526,-0.41125291959484744,,763.0,2,False,False,
rsi_oversold,38,7,17.5,360,1.0,-2.25,-1.2454233039703881,-1.052341447560215,-0.7514240705991297,0.5426560442393895,0.6204732879168161,5578,-0.7494493566505797,-1.698282481721026,-0.9503207335088039,-0.5871629607082361,0.4905305436218136,0.5674269707883153,2499,-0.5871629607082361,,1249.5,3,False,False,
rsi_oversold,39,9,15.0,210,1.25,-1.0,-1.0814244643101276,-1.6935742092093045,-0.9179689203770016,0.3571839832042666,0.33527019174898315,3442,-0.9162931582166264,-1.4495160915433511,-1.9759389485517993,-0.6895906246886941,0.3005033469667066,0.3176320814767664,1571,-0.6895906246886943,,785.5,2,False,False,
rsi_oversold,40,13,25.0,360,2.75,-2.25,-1.2939613006345323,-0.29562297176293,-0.4140017515190159,0.842726259392175,0.46247274992214266,3211,-0.3206774109017959,-2.2282663489570416,-0.5818339035317474,-0.4328678454474516,0.6371895084357365,0.3973941368078176,1535,-0.3956328585744605,,767.5,3,False,False,
rsi_oversold,41,11,32.5,150,4.0,-1.25,-1.3407747783297714,-0.6582232000286048,-0.6034479233414415,0.6803372638502326,0.24262142691145713,4303,-0.5659267156413488,-1.7804116242101062,-1.358854502647269,-0.5590499322047139,0.403498468330442,0.18411164787976383,1863,-0.5549370084367572,,931.5,2,False,False,
rsi_oversold,42,19,22.5,90,1.25,-1.5,-1.3702082650914098,-0.6197625148430289,-0.576906204830656,0.486358211464406,0.5005382131324004,929,-0.5450983947549124,-2.8615989072776165,-0.8327001843236908,-0.3194207299245683,0.4090530853883921,0.46808510638297873,376,-0.30930233345099223,,188.0,3,False,False,
rsi_oversold,43,17,30.0,240,2.75,-3.0,-0.7553075159292486,-0.09981446177307876,-0.2875330416856602,0.9368988492561714,0.5335542667771334,2414,-0.11608575030792323,-2.3798271476012975,-0.534981489787581,-0.38711535983947654,0.6282610345554039,0.4588131089459699,1129,-0.3183727889649053,,564.5,3,False,False,
rsi_oversold,44,9,15.0,240,3.75,-1.75,-1.3593103545041203,-0.4044903034089213,-0.4893757631735103,0.7354738585931405,0.32895816242821985,2438,-0.42389970251317854,-2.7515341984234096,-0.523947762069558,-0.32603611417424294,0.6746235776309072,0.29159369527145357,1142,-0.2902934464322794,,571.0,2,False,False,
rsi_oversold,45,9,22.5,150,1.75,-1.0,-1.089619446868029,-1.7425222720919136,-0.9093773824275392,0.4196557855652857,0.2885120129214617,4953,-0.9062404755346177,-1.4275891719001583,-2.0973068388327456,-0.7002419954494625,0.29443518747019287,0.24759493670886076,1975,-0.6998252731456875,,987.5,2,False,False,
rsi_oversold,46,21,20.0,240,1.5,-2.0,-1.4095355058866872,-0.29407911826159816,-0.42792962024830306,0.6951880379824842,0.5672727272727273,825,-0.3723713009679829,-2.2901899344108068,-0.9791217909125528,-0.4247109789762522,0.3431052873091233,0.44075829383886256,422,-0.4188904185980016,,211.0,3,False,False,
rsi_oversold,47,21,22.5,90,2.75,-1.0,-1.3922395442525257,-0.48191142265876763,-0.5415454679716465,0.515731238165214,0.27080394922425954,709,-0.5067293085904019,-3.301961447267186,-0.6965994948959947,-0.26255123989624785,0.42904056357934556,0.27611940298507465,268,-0.2622404414627353,,134.0,2,False,False,
rsi_oversold,48,9,15.0,360,3.0,-3.0,-0.9752233892360356,-0.1388040460303406,-0.30896274132826457,0.9101582801363924,0.5215889464594128,2316,-0.16531027330454007,-2.8223432054007453,-0.2599002207394566,-0.2763536974852575,0.7913745634475101,0.47731397459165154,1102,-0.20411203229926733,,551.0,3,False,False,
rsi_oversold,49,9,22.5,120,2.5,-1.25,-1.2461866843222944,-0.9527645126633705,-0.7401237967587525,0.5672631680908503,0.3094410270125702,3739,-0.7241226310050467,-1.9212756500598573,-1.2631519022200537,-0.5160168868026079,0.4312647012910959,0.2484725050916497,1473,-0.5119614760147349,,736.5,2,False,False,
rsi_oversold,50,21,22.5,240,1.0,-2.5,-1.3975894494689127,-0.42746175451056484,-0.513670420426784,0.5971409252220784,0.683921568627451,1275,-0.471530018137179,-2.379420826163424,-0.9344102830822956,-0.40715189931899776,0.3668314268858181,0.6006600660066007,606,-0.40713192570062073,,303.0,3,False,False,
rsi_oversold,51,19,15.0,240,2.0,-1.25,-1.4605647660350602,-0.36501803196971844,-0.4473108859617904,0.5980151005323397,0.3531746031746032,504,-0.4136801487328744,-2.719203134759775,-0.841098180613367,-0.3455387230126812,0.3737553680315368,0.2724014336917563,279,-0.345063832052937,,139.5,2,False,False,
rsi_oversold,52,15,30.0,300,3.5,-1.25,-1.3285247595493488,-0.713878247925708,-0.6340994306782731,0.6666282270800817,0.2670123136746598,4629,-0.6059326240398886,-1.9014728321489094,-1.046175992607814,-0.5212519105631819,0.5163108161693255,0.22861216730038023,2104,-0.5097257214302439,,1052.0,2,False,False,
rsi_oversold,53,11,22.5,180,1.75,-3.0,-1.3460161004752176,-0.31148150170171945,-0.40985930159708156,0.788719553000302,0.6197447447447447,2664,-0.33255908232259723,-2.3345661426178292,-0.9025024089766807,-0.4149520881439569,0.4713598779687562,0.5259911894273128,1135,-0.406981345121718,,567.5,3,False,False,
rsi_oversold,54,7,27.5,60,1.0,-1.25,-1.0785084597321313,-1.672116917631723,-0.9212164549004228,0.359585631342037,0.46957766642806015,4191,-0.9212164549004228,-1.6612704032725918,-1.643106244065454,-0.6005799432397555,0.29246262784977073,0.4166054371785452,1361,-0.6005799432397555,,680.5,3,False,False,
rsi_oversold,55,11,15.0,300,1.25,-2.5,-1.4029360640351447,-0.49974774238296,-0.5343873382702551,0.6770387644036118,0.6289915966386554,2380,-0.5024536891224101,-2.2562599049485184,-0.9263507082466902,-0.4324256800835396,0.47137599332922064,0.5730337078651685,1068,-0.4289755857357981,,534.0,3,False,False,
rsi_oversold,56,9,17.5,360,1.75,-1.5,-1.234833008165949,-0.9902748622606515,-0.7589162501123912,0.6029330010527042,0.42089864158829676,4785,-0.7520084905070972,-1.729850621390332,-1.0357769151136003,-0.5761351084460972,0.502717450529203,0.3829479768786127,2076,-0.5761351084460972,,1038.0,3,False,False,
rsi_oversold,57,9,22.5,330,3.25,-3.0,-1.0177908041251433,-0.1600354883658636,-0.3134734291634758,0.908576941232595,0.5089820359281437,2839,-0.17606063800614136,-2.3599530004655747,-0.5232353102654443,-0.39488798352799287,0.6512470322425673,0.43285821455363843,1333,-0.33314783669169135,,666.5,3,False,False,
rsi_oversold,58,9,30.0,360,3.25,-1.0,-1.1962778536603642,-1.2551265767416286,-0.8000825627647576,0.5976514573431896,0.22764438676184295,7705,-0.7954994578874582,-1.447904146034122,-1.4055199008690438,-0.6903420382331557,0.4579006763941593,0.1981242672919109,3412,-0.6870631985027481,,1706.0,2,False,False,
rsi_oversold,59,17,25.0,150,3.5,-1.75,-1.3401302744637564,-0.3598760475757241,-0.47324461934383105,0.7430890118995223,0.3385057471264368,1740,-0.3976026657471392,-2.3048112164070846,-0.7729530202341698,-0.41596399680029766,0.5020639710304756,0.29020556227327693,827,-0.38160675529822696,,413.5,2,False,False,
rsi_oversold,60,13,25.0,240,1.5,-2.0,-1.3658495532080683,-0.6328226767603742,-0.6049104933402474,0.666409109183406,0.5309863252836776,3437,-0.586011626287529,-1.813104062007198,-1.3075293353471966,-0.5486532707246132,0.40587104797303514,0.463571889103804,1551,-0.5470803196890279,,775.5,3,False,False,
rsi_oversold,61,21,27.5,90,1.0,-1.25,-1.2968424626642983,-0.8017148054959378,-0.6920556858698499,0.42948406887835666,0.4986577181208054,1490,-0.6827047546620202,-2.5164201874418013,-1.091073054358343,-0.3804771575717719,0.36170748926137675,0.4847942754919499,559,-0.3787569643560236,,279.5,3,False,False,
rsi_oversold,62,9,17.5,300,1.75,-1.0,-1.1113111082657319,-1.4965384119439054,-0.8874577255064645,0.48247037497793815,0.30071277210556735,5191,-0.884682059473801,-1.4191001902187155,-1.877801910121899,-0.7044544147410524,0.3612568769388135,0.2809954751131222,2210,-0.7044544147410525,,1105.0,2,False,False,
rsi_oversold,63,15,20.0,210,1.25,-2.25,-1.3916496610915332,-0.5246248964341366,-0.5588186683834722,0.6218722723529071,0.5905096660808435,1707,-0.5312966059095988,-2.4169175235644427,-0.888360704319471,-0.3997271885202422,0.43933882134127944,0.5309734513274337,791,-0.39972718852024225,,395.5,3,False,False,
rsi_oversold,64,17,25.0,120,2.75,-1.0,-1.3012455161593153,-0.712376239510495,-0.6786436288158797,0.5600957300942218,0.25146510388918486,1877,-0.6609670999092474,-2.041917254707761,-1.1345456580201188,-0.48309681934618565,0.3752534838805477,0.22461170848267623,837,-0.47719636597947324,,418.5,2,False,False,
rsi_oversold,65,15,35.0,60,3.5,-1.0,-1.2927476042664063,-0.6566934523580485,-0.6606229801706222,0.6133067892597056,0.23101377605086543,2831,-0.6208315264327751,-2.2305395701858957,-1.1203941526275578,-0.4375090321916132,0.4171313610238647,0.17935871743486975,998,-0.4297444951408911,,499.0,2,False,False,
rsi_oversold,66,15,17.5,120,2.0,-2.75,-1.3696495828439252,-0.22511647133426918,-0.36902699981752085,0.7573544097561323,0.5881006864988558,874,-0.29871087305351274,-3.161074571368028,-0.5699643044302353,-0.2780764416046226,0.520322393543815,0.5264483627204031,397,-0.2727582009857453,,198.5,3,False,False,
rsi_oversold,67,9,35.0,120,2.0,-2.0,-1.346166517290658,-0.7808256135296793,-0.6346489924674416,0.6491569322274532,0.479336913378473,4283,-0.6212564632562372,-2.061366594786923,-1.1712830246569779,-0.47803650949183824,0.46642570308865494,0.3928354584092289,1647,-0.4713625037542263,,823.5,3,False,False,
rsi_oversold,68,13,27.5,150,3.5,-2.0,-1.2924950049812867,-0.25378157164518356,-0.36911630686785296,0.842897485345589,0.3817771084337349,2656,-0.278726635885872,-2.2068851470592072,-0.8681301157155799,-0.4388324134657587,0.5075433526494346,0.29431721798134014,1179,-0.4061825493160497,,589.5,2,False,False,
rsi_oversold,69,21,25.0,60,1.25,-1.5,-1.4351816008647944,-0.4574898746089116,-0.4550513519595614,0.530602996790903,0.521311475409836,610,-0.4134711966066721,-3.6032943996365234,-0.6697912683160043,-0.22558930302876024,0.4038360584014568,0.46261682242990654,214,-0.22331357748436387,,107.0,3,False,False,
rsi_oversold,70,15,15.0,60,2.25,-2.5,-0.9414715151574694,-0.07059871274966399,-0.18830696167385141,0.890320576561097,0.5673352435530086,349,-0.09366609761937483,-3.432047975820059,-0.24439863672855588,-0.15720447060393095,0.628986153689664,0.5046728971962616,107,-0.11036382663565214,,53.5,3,False,False,
rsi_oversold,71,15,20.0,270,3.0,-1.5,-1.3447626319284582,-0.42657266324790366,-0.5363052115104902,0.7169275906999999,0.3309535951045385,1961,-0.4746573659392769,-2.3972363468157347,-0.7409726207366437,-0.401098998542248,0.5576287707309631,0.2972972972972973,962,-0.38814721021300924,,481.0,2,False,False,
rsi_oversold,72,7,17.5,90,3.75,-2.5,-1.171088237437031,-0.18547336974331965,-0.3154463832266333,0.8615792818709397,0.4265984654731458,1955,-0.20735822170651497,-2.6636866766170066,-0.6523976685563585,-0.3453955648481898,0.547383835161978,0.33040201005025127,796,-0.3167620136814068,,398.0,2,False,False,
rsi_oversold,73,7,27.5,330,3.0,-2.5,-1.3511281504704689,-0.2996677780336062,-0.3694692216842472,0.853514686062462,0.469959266802444,3928,-0.29426730865998674,-2.2129478120137334,-0.6469520537153322,-0.4343679847772373,0.633521347151704,0.39747113798790545,1819,-0.3874410216713913,,909.5,3,False,False,
rsi_oversold,74,19,20.0,60,2.0,-1.75,-1.1944821049053416,-0.15583740858380588,-0.2758838693509361,0.7785148592555986,0.4843304843304843,351,-0.1824807643321159,-3.8954512400702574,-0.5307577603514582,-0.19329336400575056,0.40878360866929664,0.39436619718309857,142,-0.19009912373085236,,71.0,3,False,False,
rsi_oversold,75,7,27.5,150,3.5,-2.25,-1.2414207394580943,-0.26362439967423457,-0.3769163927419321,0.8529653478786781,0.4101851851851852,3240,-0.2723803212131306,-2.2801211317097616,-0.7528927048230778,-0.42016563700524895,0.5630553025748207,0.32262773722627736,1370,-0.38005921940241116,,685.0,2,False,False,
rsi_oversold,76,9,27.5,300,2.5,-2.5,-1.330889232314792,-0.3600230632822422,-0.4222690903421854,0.8219242716159337,0.5022796352583586,3948,-0.340343815042922,-2.080284244499888,-0.790315863771916,-0.46853232290875996,0.5845914147462287,0.42129105322763305,1766,-0.42555109750882714,,883.0,3,False,False,
rsi_oversold,77,13,20.0,120,2.5,-3.0,-0.8317421998066894,-0.08239279421616486,-0.25065653671432825,0.923216282082185,0.5582268970698723,1331,-0.11115185629524948,-2.854008090779311,-0.4281972155266291,-0.30145050835980264,0.6204631218154318,0.4957983193277311,595,-0.25684181644476856,,297.5,3,False,False,
rsi_oversold,78,11,27.5,240,4.0,-2.25,-1.1974184522150702,-0.20937409091199355,-0.33470240860054323,0.8735746753906466,0.3867762932511134,2919,-0.22747778016860198,-2.4437975416726365,-0.5898416784512819,-0.3792028828157697,0.6473617852907901,0.3164373642288197,1381,-0.32567495966250837,,690.5,2,False,False,
rsi_oversold,79,15,20.0,90,2.5,-3.0,-1.1689975917594184,-0.12937632480609626,-0.2665761597585355,0.855459784202186,0.5768348623853211,872,-0.171546011838402,-2.6514529535187794,-0.290272329268008,-0.2700626750677483,0.6932975944705018,0.4744318181818182,352,-0.17291453119190425,,176.0,3,False,False,
rsi_oversold,80,21,22.5,150,2.75,-1.75,-1.3721609268020865,-0.2643547959896329,-0.40967685086660155,0.7485962030581546,0.4104401228249744,977,-0.3404570532464305,-2.5898796829927724,-0.7542243497128769,-0.3676327416680333,0.46886341644839197,0.34347826086956523,460,-0.3676327416680333,,230.0,2,False,False,
rsi_oversold,81,15,22.5,150,1.0,-2.25,-1.324399529191422,-0.762842468266888,-0.6604556234142717,0.49720621708047746,0.6343104276790005,2081,-0.6489382247501981,-2.218175176885623,-1.0678695679599146,-0.4406553938733323,0.37503260847590675,0.553932584269663,890,-0.43550192061706794,,445.0,3,False,False,
rsi_oversold,82,19,27.5,180,1.25,-2.0,-1.3019060262856819,-0.7709973629430361,-0.6653341988627159,0.5480694615579498,0.5626740947075209,2513,-0.6371247444447307,-1.90747382573166,-1.3120400009493556,-0.520105989820273,0.354852131033647,0.4908296943231441,1145,-0.5179742250234629,,572.5,3,False,False,
rsi_oversold,83,17,35.0,240,3.5,-1.0,-1.2349887865798679,-1.0013611463020566,-0.7499233409607239,0.5920722016175776,0.21133013674302967,5631,-0.73103627274994,-1.6030256419931368,-1.3530861385609396,-0.6227958820552326,0.4283373833809241,0.18010642652476463,2443,-0.6197185181726533,,1221.5,2,False,False,
rsi_oversold,84,17,15.0,90,2.0,-2.5,-0.9157518048539935,-0.08243276212035588,-0.21806216565340797,0.866783530859244,0.6018518518518519,324,-0.10619042830422143,-4.295070746382938,-0.3952008764017857,-0.15884708478059517,0.5356375852437801,0.4931506849315068,146,-0.1587681397556937,,73.0,3,False,False,
rsi_oversold,85,15,15.0,90,3.25,-1.5,-1.3520699007738692,-0.2698283955394471,-0.40100145548148003,0.67322038211199,0.31237721021611004,509,-0.32547200972005386,-3.460065831182497,-0.5489360907471879,-0.24070298892546252,0.46068663689733724,0.2676767676767677,198,-0.2364278408638375,,99.0,2,False,False,
rsi_oversold,86,17,27.5,240,3.25,-1.0,-1.2530030681156108,-0.8861901186202653,-0.732041154080003,0.5697752024156715,0.21855558560995403,3697,-0.7151672473646623,-1.6832243162729246,-1.4320157482449956,-0.5924571170518058,0.38035758181890905,0.1901913875598086,1672,-0.5887106888938508,,836.0,2,False,False,
rsi_oversold,87,9,30.0,330,1.75,-2.0,-1.2950949907180391,-0.9287323422009617,-0.6830189470723701,0.6556196799989688,0.5007546536978031,5963,-0.6631550699501024,-1.708239057508436,-1.0909473551785402,-0.5833240925388896,0.4986892938999999,0.4330015313935682,2612,-0.5729676610607376,,1306.0,3,False,False,
rsi_oversold,88,7,30.0,60,3.0,-1.0,-1.215975799533508,-0.9729320165119545,-0.7785893945961077,0.5602524826210094,0.2396632829908393,4039,-0.7719014481839263,-1.8630961450561425,-1.284304683419044,-0.5331984357640943,0.37583531891171684,0.18898809523809523,1344,-0.5309689829692732,,672.0,2,False,False,
rsi_oversold,89,13,27.5,240,1.25,-1.75,-1.2470527847144428,-1.0137050729713624,-0.7473812498229925,0.5495977914859673,0.525676539526955,4693,-0.7420445455417506,-1.6152813014777572,-1.646664711778411,-0.6180155506460185,0.3609986713098968,0.46640510053948014,2039,-0.6166864841596291,,1019.5,3,False,False,
rsi_oversold,90,17,17.5,180,3.0,-2.0,-1.4971294642875979,-0.20357586523103727,-0.3183429832633868,0.780112129859188,0.4207920792079208,808,-0.27839282306014257,-2.9859161461751187,-0.5782537386072066,-0.3038522271762972,0.5419099628514151,0.361244019138756,418,-0.3013522943563399,,209.0,3,False,False,
rsi_oversold,91,19,27.5,240,3.75,-2.0,-1.2323006002579004,-0.23750473493181223,-0.38044180460114785,0.8384733711411227,0.3740318906605923,2195,-0.27300554719866976,-2.2552545329085327,-0.7337123186352575,-0.4247884304932021,0.546055298288496,0.3104421448730009,1063,-0.3800090845294659,,531.5,2,False,False,
rsi_oversold,92,11,22.5,240,3.5,-1.5,-1.3394183367586994,-0.5478563237957333,-0.5682404776375551,0.6995727318723574,0.298744019138756,3344,-0.514007076968466,-2.1767448347312257,-0.9004288894640183,-0.44936659775435656,0.5572760259338504,0.25349428208386277,1574,-0.438201501726711,,787.0,2,False,False,
rsi_oversold,93,11,25.0,240,3.0,-3.0,-1.1121793191231715,-0.18840252484401243,-0.31995977994509783,0.8794476647208627,0.5190901705930138,2462,-0.19881166589499177,-2.484030060501973,-0.4602046689023307,-0.3629867215088533,0.6785462816203552,0.4417808219178082,1168,-0.29513897281793655,,584.0,3,False,False,
rsi_oversold,94,15,25.0,150,2.5,-1.75,-1.3393608664914145,-0.5599437637921509,-0.5835539577501164,0.6560854395687847,0.400972590627763,2262,-0.5354686893911176,-2.172660860315271,-0.9228012540876753,-0.45037782607990107,0.4786168078284251,0.33695652173913043,1012,-0.43961485013655544,,506.0,2,False,False,
rsi_oversold,95,21,32.5,270,3.5,-2.25,-1.1690998098755927,-0.1485422546941943,-0.2654559658426843,0.906085697893253,0.4209552017771196,2701,-0.1707685835015067,-2.163141402197766,-0.7696710549586667,-0.44685153672874306,0.5426567680494324,0.35889328063241105,1265,-0.4010585900714895,,632.5,3,False,False,
rsi_oversold,96,21,20.0,360,1.25,-2.0,-1.4163195738228684,-0.3788129099740302,-0.49442389442282675,0.6575195148381805,0.6063829787234043,1128,-0.4551282315112143,-2.486865149544976,-0.5860636787920862,-0.38279665452265216,0.5283340034294367,0.5141843971631206,564,-0.3673127040675399,,282.0,3,False,False,
rsi_oversold,97,17,17.5,150,3.5,-2.0,-1.3748200201580614,-0.16402604322810965,-0.29550103707238845,0.8079459846320192,0.38514442916093533,727,-0.23104760614690323,-3.239821914454965,-0.4983917090257655,-0.2683300416292572,0.5731220720321609,0.35772357723577236,369,-0.26426884396406336,,184.5,3,False,False,
rsi_oversold,98,13,22.5,120,1.0,-3.0,-1.3832208460758073,-0.5198749433431725,-0.549318959552006,0.5861960685031907,0.711438063597532,2107,-0.5126941397892463,-2.253051097962039,-0.9728969006513246,-0.43342317463461777,0.34671240888974686,0.6198347107438017,847,-0.4320646532036161,,423.5,3,False,False,
rsi_oversold,99,13,32.5,330,4.0,-2.75,-0.6027090006684539,-0.05796939859001956,-0.22262073814536973,0.9679922204944758,0.45387583304103823,2851,-0.07003493218252788,-2.348551362064229,-0.4580993717994223,-0.39143180954653034,0.6832533417363054,0.36724386724386726,1386,-0.3158279499963552,,693.0,3,False,False,
rsi_oversold,100,21,30.0,360,3.25,-2.25,-1.2538088984826763,-0.23292183811185127,-0.3544052121950339,0.8559416247788774,0.4398523985239852,2710,-0.25632113066419726,-2.12112501300683,-0.6522251436419534,-0.45735729360173216,0.5749435332366434,0.3760552570990023,1303,-0.4110009215859487,,651.5,3,False,False,
rsi_oversold,101,19,32.5,240,1.75,-2.5,-1.3588280434882118,-0.4641981561981756,-0.5084964176426032,0.7482746399100461,0.5664670658682635,3340,-0.4466700620376559,-2.0243770688313534,-0.9946922301328999,-0.48629511342895526,0.47353933616520233,0.49934296977660975,1522,-0.466238996294972,,761.0,3,False,False,
rsi_oversold,102,7,17.5,240,1.75,-2.5,-1.3980505042424136,-0.5597082412774895,-0.5340333370121274,0.7119405053989909,0.5612637362637363,3640,-0.49935181948326024,-2.0014245875059276,-1.0776932235351948,-0.49370152573429094,0.46808608109600663,0.4903306300686213,1603,-0.4874105993071869,,801.5,3,False,False,
rsi_oversold,103,21,15.0,300,1.75,-2.75,-0.8789702985981752,-0.04232834701852095,-0.16384815920038517,0.9256831852839513,0.6487179487179487,390,-0.07537761346219318,-3.353519270868752,-0.3659854884747842,-0.24805943171985212,0.5138980807343378,0.5073891625615764,203,-0.2357571176737714,,101.5,3,False,False,
rsi_oversold,104,21,20.0,270,3.5,-1.0,-1.3666767242701285,-0.5132330566309509,-0.5857105293538029,0.5591431059569952,0.22708333333333333,960,-0.5561678738160273,-2.718927427376357,-0.638028955192741,-0.3418449710096049,0.5294920261035603,0.22469635627530365,494,-0.32956124105637885,,247.0,2,False,False,
rsi_oversold,105,17,32.5,330,3.75,-1.0,-1.2923186934810436,-0.8212027837234801,-0.685102450162035,0.6581884097117849,0.21904429717474713,5734,-0.6643281979569455,-1.6008290977287698,-1.2960101730723326,-0.6235747958877053,0.4518959512903833,0.18225039619651348,2524,-0.615616888713128,,1262.0,2,False,False,
rsi_oversold,106,19,35.0,270,1.5,-1.25,-1.1660444702714778,-1.3693477170957977,-0.8325777956767767,0.5159738235064857,0.39855769230769234,6240,-0.8315654428313978,-1.4585101310389892,-1.8891098605116798,-0.6853092811501438,0.3531316463272048,0.3409257898603968,2722,-0.6851529183877466,,1361.0,2,False,False,
rsi_oversold,107,21,25.0,150,3.5,-2.0,-1.3289747431340053,-0.20820254297990823,-0.3389620831398837,0.804036814200619,0.38124452234881684,1141,-0.2604575500925793,-2.351271848269698,-0.7607525838977282,-0.40860188831356703,0.4581648861732874,0.32275132275132273,567,-0.38625715216238,,283.5,2,False,False,
rsi_oversold,108,21,22.5,180,2.75,-2.75,-1.061235285404561,-0.1035639086196599,-0.26054505254152716,0.8920549055283528,0.5370569280343717,931,-0.15050347985138823,-2.991865998650509,-0.49267013553599626,-0.29399136676935717,0.5851128494371572,0.44871794871794873,468,-0.2732690095731519,,234.0,3,False,False,
rsi_oversold,109,15,22.5,180,2.25,-1.75,-1.362438651364889,-0.5211244247609528,-0.560526623125909,0.6767651634162879,0.4235294117647059,2125,-0.5166505543116249,-2.198025028678064,-0.9232679988949346,-0.4453313133937239,0.47647723790384156,0.33299595141700405,988,-0.4409258930382556,,494.0,2,False,False,
rsi_oversold,110,9,20.0,120,1.75,-1.5,-1.2574647216631645,-0.9261013978303578,-0.7322412923987414,0.5633282034495152,0.4181759379042691,3092,-0.721335278117698,-2.008719651258214,-1.234540779011075,-0.49227107831503064,0.41024134139950696,0.3462157809983897,1242,-0.4922710783150306,,621.0,2,False,False,
rsi_oversold,111,11,22.5,90,2.5,-1.5,-1.3949574876983961,-0.5995209672979399,-0.5678558063016271,0.6384754598647666,0.3685335613510047,2339,-0.5469107330182461,-2.083115674750859,-1.1687631833561547,-0.47320589695299053,0.39166333199795855,0.2807399347116431,919,-0.47320589695299053,,459.5,2,False,False,
rsi_oversold,112,17,35.0,270,2.5,-3.0,-1.073752930503838,-0.16014664762151956,-0.2942541213249362,0.9048969058512938,0.5599493831066118,3161,-0.1741759650711866,-2.1348689915314325,-0.7284313316704049,-0.4548631517802232,0.5509370283089369,0.4601579325197416,1393,-0.4138972184837647,,696.5,3,False,False,
rsi_oversold,113,13,30.0,240,4.0,-3.0,-0.36214538746745145,-0.03123107206478568,-0.21589145165561693,0.9825292834079813,0.47026571067060313,2371,-0.04019767382089423,-2.495957357918209,-0.45265573059267095,-0.3553291477516774,0.6812205501731206,0.38768115942028986,1104,-0.2800935833638085,,552.0,3,False,False,
rsi_oversold,114,19,32.5,60,2.25,-2.0,-1.3163012195292145,-0.2806968001616982,-0.4072481384658527,0.7862321000596739,0.4940289126335638,1591,-0.3209421584319788,-2.5297558229207855,-0.7534525365560634,-0.37242110359986796,0.472260273074997,0.3931034482758621,580,-0.3493000094914539,,290.0,3,False,False,
rsi_oversold,115,19,30.0,300,3.75,-1.0,-1.2836073651396551,-0.7751740524726253,-0.6865756451000926,0.6434557147844948,0.21740144623279684,4287,-0.6583633702618364,-1.5779121554829627,-1.4708884445500645,-0.632886613144446,0.3809269479657161,0.17959183673469387,1960,-0.6303583451191448,,980.0,2,False,False,
rsi_oversold,116,13,32.5,150,2.0,-1.5,-1.274996786710071,-0.9354572157211077,-0.7116351997060001,0.6093712582962756,0.39275521405049396,4555,-0.6984467526824583,-1.655518580118033,-1.663793451967352,-0.602714518685344,0.3509426110759822,0.30952380952380953,1848,-0.602714518685344,,924.0,2,False,False,
rsi_oversold,117,21,15.0,240,2.25,-1.5,-1.4011985155477815,-0.20644194667446428,-0.322803491009729,0.6747951896133483,0.4006024096385542,332,-0.2617063431448604,-3.5128270265061268,-0.49360595379492783,-0.22880173333143772,0.49697453279839693,0.31351351351351353,185,-0.21771821138727054,,92.5,2,False,False,
rsi_oversold,118,11,32.5,120,3.25,-1.0,-1.240305537799461,-0.9793634961245411,-0.7505138809290633,0.5897326343668854,0.22447724477244774,4878,-0.7398404398097198,-1.6517581606863125,-1.6271436967391413,-0.6040884781887129,0.3657496725553418,0.17973523421588594,1964,-0.6027961596613043,,982.0,2,False,False,
rsi_oversold,119,7,30.0,330,3.25,-3.0,-0.9594869828237941,-0.1282150552892504,-0.27226270376283246,0.9310528842909006,0.5070975536091815,3311,-0.14151622749772752,-2.191393936967985,-0.6238935220611664,-0.4383203496888963,0.6191874404965516,0.42312579415501905,1574,-0.3857831124923595,,787.0,3,False,False,
rsi_oversold,120,9,30.0,120,2.75,-2.5,-1.2500777657120585,-0.2898806494928875,-0.4030025440172441,0.8330581564260293,0.4931961500165948,3013,-0.29753046097011004,-2.3951105716304877,-0.762785840526051,-0.3957217554068238,0.5581921225191082,0.39054726368159204,1206,-0.35932737757820765,,603.0,3,False,False,
rsi_oversold,121,7,25.0,240,2.25,-2.25,-1.3799105466063457,-0.5929715658441748,-0.5482723559433431,0.722648099116906,0.4796845124282983,4184,-0.5093690990155435,-1.9779984737199863,-1.072972977216736,-0.4996035525573877,0.5076368863827174,0.4033477321814255,1852,-0.48811973132998343,,926.0,3,False,False,
rsi_oversold,122,21,27.5,210,4.0,-1.5,-1.3775215401295609,-0.33135027008385454,-0.4393681299428963,0.7715073458809307,0.29467871485943775,1992,-0.37401311128003767,-2.128276965190737,-0.893664874202487,-0.4589326347760021,0.46362169993335095,0.23647294589178355,998,-0.4328380782989609,,499.0,2,False,False,
rsi_oversold,123,15,30.0,180,1.25,-1.25,-1.150631021523362,-1.4262374786340426,-0.8479792596465024,0.4434484292785695,0.42753157782059514,4671,-0.8464338365874609,-1.5291697025376563,-1.9017560411329526,-0.6533687022139913,0.3071042224787219,0.3699167074963253,2041,-0.6533687022139913,,1020.5,3,False,False,
rsi_oversold,124,7,35.0,60,2.25,-2.25,-1.3691378255425466,-0.47808558675653257,-0.5181061894096237,0.7398524153013218,0.49921408362150266,3181,-0.46352551952970134,-2.5115890139826993,-0.8198171631804883,-0.38134747982899064,0.4932326269340742,0.4108455882352941,1088,-0.3795250581207945,,544.0,3,False,False,
rsi_oversold,125,9,15.0,60,1.75,-2.25,-1.373777550638465,-0.4242608037101609,-0.4855966607624061,0.6685879798334757,0.5385226370135028,1259,-0.4255395425396161,-3.0175911011099914,-0.6089822597167942,-0.29171013301481785,0.5123478909160764,0.47345132743362833,452,-0.27388853867671137,,226.0,3,False,False,
rsi_oversold,126,7,20.0,150,1.5,-1.25,-1.1209370776347225,-1.5740767235714597,-0.8784957328779956,0.44404038031128845,0.3802105263157895,4750,-0.8784957328779956,-1.5027709896648727,-1.881227296102815,-0.6649656499152493,0.3297040161385906,0.33127253992787226,1941,-0.6649656499152493,,970.5,2,False,False,
rsi_oversold,127,9,22.5,270,3.75,-2.0,-1.327517954880133,-0.3391150696392064,-0.42826784521374656,0.8103303980987752,0.36292270531400966,3312,-0.3453260761670327,-2.2937585067173987,-0.6658798656115721,-0.4141306327504552,0.6360709612676368,0.30825565912117175,1502,-0.3633169202275194,,751.0,2,False,False,
rsi_oversold,128,17,20.0,330,3.25,-2.75,-0.29162442368357006,-0.016090251300593522,-0.19599969897783845,0.9905992322444314,0.5045592705167173,1316,-0.02922639859462961,-2.901677221205466,-0.386628063196916,-0.3004104759859075,0.6651965346969553,0.4298245614035088,684,-0.2662819818151664,,342.0,3,False,False,
rsi_oversold,129,11,25.0,90,3.25,-3.0,-0.7371195295397992,-0.07494108159482583,-0.2312463158591333,0.943923488838649,0.5133750711439955,1757,-0.08988221507868777,-2.6075925003376517,-0.6015571779102362,-0.35113438941763514,0.5686295209473038,0.3986206896551724,725,-0.3112092487421535,,362.5,3,False,False,
rsi_oversold,130,15,30.0,240,3.75,-2.25,-1.238255943416754,-0.2409980758543219,-0.3669891938614777,0.8522195862660769,0.39387387387387385,2775,-0.2631444137687129,-2.2485816486479244,-0.6738292426047674,-0.42472558698551477,0.6006899780637526,0.3285280728376328,1318,-0.3735749873507692,,659.0,2,False,False,
rsi_oversold,131,9,22.5,90,3.75,-2.0,-1.3100120968223428,-0.348086686667285,-0.4535265284500474,0.7619659288602012,0.3643106457242583,2292,-0.36519253760849535,-2.4815716755234414,-0.7982648844854725,-0.38373823700961524,0.5181557997455324,0.2817229336437718,859,-0.3679306502672177,,429.5,2,False,False,
rsi_oversold,132,9,15.0,210,3.0,-1.5,-1.3197366258125365,-0.6799787485586141,-0.6378558311689527,0.6352183821434344,0.31205137891953155,2647,-0.6051581916818907,-2.48917340737122,-0.7930971749184014,-0.3847003986830379,0.5702761029508057,0.2785123966942149,1210,-0.3790779208979127,,605.0,2,False,False,
rsi_oversold,133,17,17.5,300,3.5,-1.75,-1.2017770947513429,-0.12410373154914651,-0.2754578867151619,0.8877861156653348,0.365768896611642,1151,-0.18340342761601347,-2.836023065565163,-0.5785291535298048,-0.32446720062869894,0.5691624562935138,0.31478260869565217,575,-0.3169823784957646,,287.5,2,False,False,
rsi_oversold,134,7,30.0,270,1.25,-1.5,-1.1365938410530254,-1.6636230454048928,-0.862712189059146,0.48931250462052284,0.4741040746195385,8148,-0.862712189059146,-1.348882475626574,-2.1391051720712393,-0.7412597226861304,0.33822657509532067,0.41633122484186313,3478,-0.7412597226861304,,1739.0,3,False,False,
rsi_oversold,135,17,32.5,120,2.5,-2.5,-1.1836265147600118,-0.19268232207111727,-0.3234786574805385,0.8726612071883869,0.5169180595189564,2453,-0.21593208328892943,-2.534296180794227,-0.7390616627615444,-0.3737367904145892,0.5343374581355322,0.4244244244244244,999,-0.35815339839469607,,499.5,3,False,False,
rsi_oversold,136,15,35.0,270,2.75,-1.5,-1.3018674064999118,-0.7740991050764456,-0.6532945982288859,0.6823345563925068,0.3406255996929572,5211,-0.6162564821887242,-1.708658545076289,-1.3752214027567038,-0.5831110702857522,0.45544295627812964,0.2916123424598001,2301,-0.5708300288582063,,1150.5,2,False,False,
rsi_oversold,137,15,27.5,150,1.25,-2.0,-1.3151542444495818,-0.7811995016150238,-0.6560176519850306,0.5747225226035151,0.5696081554635234,3139,-0.6324548953442679,-1.9770969240536695,-1.2287733283186588,-0.5007408665784766,0.39288269019908906,0.4860797592174567,1329,-0.5007408665784767,,664.5,3,False,False,
rsi_oversold,138,21,22.5,270,3.25,-1.5,-1.3770855312281622,-0.3025379925211593,-0.45629619471333543,0.7380694935440532,0.3333333333333333,1362,-0.3927660879799396,-2.3386388502497377,-0.782545534632068,-0.41063207767636484,0.5073821419131301,0.29781021897810217,685,-0.38528573669772226,,342.5,2,False,False,
rsi_oversold,139,17,15.0,270,2.25,-2.5,-1.203754528862096,-0.11195548030160324,-0.2611449120544555,0.8736933790985179,0.550354609929078,705,-0.17320192267682,-3.316940598639202,-0.4776434168264124,-0.2586947554592774,0.5843465236251226,0.45308310991957107,373,-0.2550351133781973,,186.5,3,False,False,
rsi_oversold,140,21,22.5,210,4.0,-2.0,-0.6078464779591848,-0.044457951807433754,-0.2332564354595251,0.9565536670596223,0.39213806327900286,1043,-0.07416249074868309,-2.624916246903055,-0.6840211016143058,-0.35926177297012835,0.502254128448657,0.29354207436399216,511,-0.35083218927725035,,255.5,2,False,False,
rsi_oversold,141,17,25.0,330,3.75,-2.0,-1.2142226469259232,-0.1929427729249902,-0.3409964671840947,0.8721306102326296,0.38064516129032255,2325,-0.236145357927802,-2.6486201729450434,-0.4079654017954753,-0.3345268635223341,0.7018634647011445,0.3363309352517986,1112,-0.27927869457729737,,556.0,2,False,False,
rsi_oversold,142,7,35.0,150,1.25,-2.25,-1.2611034641048138,-1.037318805032774,-0.7274765639358279,0.5671824146201631,0.591604411241551,5622,-0.7154682054914137,-1.6739127060909809,-1.4527955567956683,-0.5959357792487768,0.3647596310710184,0.5061728395061729,2187,-0.5959357792487769,,1093.5,3,False,False,
rsi_oversold,143,19,32.5,300,4.0,-2.25,-0.8038184291078382,-0.09097042551776083,-0.25474628444330555,0.9479214766978328,0.4046941678520626,2812,-0.10905360634095129,-2.031116558337793,-0.7350684431513029,-0.4788456920534636,0.5623221604727241,0.3226744186046512,1376,-0.4186425769838258,,688.0,2,False,False,
rsi_oversold,144,21,32.5,270,4.0,-3.0,-0.13936491192824657,-0.008753426831625357,-0.19778238230877232,0.998350922563397,0.4761012183692596,2134,-0.01398763629495825,-2.2667189124248277,-0.5691040506240119,-0.4109203461792593,0.5974124234191138,0.39186507936507936,1008,-0.33244663560740095,,504.0,3,False,False,
rsi_oversold,145,9,25.0,150,2.5,-2.25,-1.3584076004680452,-0.4618108495397105,-0.5045667139798966,0.7544928440207262,0.46330708661417325,3175,-0.44168243938810503,-2.236637216802301,-0.8376295543845217,-0.43286818019632345,0.5337127622533522,0.3735763097949886,1317,-0.40538048268152194,,658.5,3,False,False,
rsi_oversold,146,15,27.5,270,3.0,-1.0,-1.2261763891386321,-0.9602283111924432,-0.7616923340933623,0.5775046772047092,0.22950474183350897,4745,-0.7457916097934403,-1.7059955596665934,-1.3719846990079594,-0.5843825845221345,0.4428182602517466,0.20566037735849058,2120,-0.5825923380538534,,1060.0,2,False,False,
rsi_oversold,147,17,30.0,300,2.25,-1.75,-1.3615660973210064,-0.5020528609614363,-0.5299755008584752,0.7685193557189912,0.42365379886894516,4067,-0.47503114765836185,-1.7989433504869636,-1.1409922815062215,-0.552320870475242,0.4590825374869737,0.35785398230088494,1808,-0.5330744135850671,,904.0,3,False,False,
rsi_oversold,148,21,25.0,180,2.0,-2.25,-1.2975675504631001,-0.3037864522346763,-0.44247809726882764,0.7576973525356614,0.5256410256410257,1326,-0.3496313803556349,-2.2902094563989293,-0.9328060089328807,-0.4255907686057259,0.40815769157108067,0.4418604651162791,645,-0.42559076860572587,,322.5,3,False,False,
rsi_oversold,149,9,22.5,210,1.25,-1.0,-1.0574003606413405,-2.134103760043351,-0.942414047861695,0.36992688286536607,0.34323377273485733,5993,-0.9422266429122758,-1.2936308346199663,-2.5080943101811406,-0.7729759004552682,0.2894105771549521,0.3114104595879556,2524,-0.7724249668326428,,1262.0,2,False,False,
rsi_oversold,150,11,22.5,150,3.75,-1.25,-1.3300848527793716,-0.582587534195078,-0.5953060388333632,0.6683635085793022,0.25264200792602376,3028,-0.5465514795739348,-1.996182455278501,-1.0791467699084643,-0.49527596404808716,0.4550007099390478,0.18726868985936343,1351,-0.49108983227335745,,675.5,2,False,False,
rsi_oversold,151,15,35.0,330,2.0,-2.75,-1.3460482737468262,-0.365898025334719,-0.4177437285834997,0.8177768109021548,0.5763002944062807,4076,-0.340579023428096,-1.9195614110870471,-0.8397194546857827,-0.5134823232393928,0.5409434754924004,0.4922335297268345,1867,-0.4727514173099079,,933.5,3,False,False,
rsi_oversold,152,13,25.0,150,2.25,-2.5,-1.3118902240870165,-0.3174906574722122,-0.4344181083682672,0.7939527409974415,0.5207708779443255,2335,-0.34637881775730495,-2.153611861457448,-0.7480660506580425,-0.4500067262171551,0.5084805805234096,0.4239450441609421,1019,-0.4081510641591273,,509.5,3,False,False,
rsi_oversold,153,15,15.0,300,1.5,-2.0,-1.3921603998657752,-0.41343095188427703,-0.5159187747667291,0.6663950679121197,0.5546558704453441,1235,-0.4718523645729452,-2.380735003088707,-0.8750105072260184,-0.40677669000275785,0.431321706052227,0.4809688581314879,578,-0.4061109578500577,,289.0,3,False,False,
rsi_oversold,154,7,15.0,300,2.0,-2.5,-1.388649553482789,-0.4729687370003446,-0.4990319420268784,0.7533207999744372,0.540587721850451,3437,-0.44849692773674343,-2.02680321368737,-0.8899947482971117,-0.48545996939838204,0.5280723236352656,0.47530468248877483,1559,-0.4636217704743394,,779.5,3,False,False,
rsi_oversold,155,21,17.5,60,3.25,-2.0,-0.8245493081273835,-0.06148001620849075,-0.1749202337175648,0.8606084594074455,0.44666666666666666,150,-0.07549340618323686,-4.483801830417111,-0.24106251816782437,-0.09901934596696238,0.5360670369230937,0.39622641509433965,53,-0.08470543237645278,,26.5,4,False,False,
rsi_oversold,156,21,32.5,270,2.25,-2.5,-1.2418101620774376,-0.26026266133491954,-0.38126151497058147,0.8484675995266798,0.5375365615859603,3077,-0.2762100118778773,-2.179548976629877,-0.8066893347736804,-0.4439470320430352,0.5418777400373243,0.46255506607929514,1362,-0.403801397536921,,681.0,3,False,False,
rsi_oversold,157,7,25.0,270,1.25,-2.75,-1.3599370067824463,-0.7548137905112396,-0.6118229894771571,0.6399884593297829,0.646122860020141,4965,-0.5930627851785971,-1.8825953351661369,-1.2341205554893622,-0.5275002102369991,0.4518266828184837,0.5742990654205608,2140,-0.5275002102369991,,1070.0,3,False,False,
rsi_oversold,158,19,32.5,90,3.25,-3.0,-0.9893221824649162,-0.1527162551271936,-0.31799767143676605,0.8784757499487155,0.5197328476017,1647,-0.17335251667599094,-2.357926461807438,-0.5043979268590182,-0.3839916515498509,0.5883305707716159,0.41916167664670656,668,-0.2992643445723975,,334.0,3,False,False,
rsi_oversold,159,11,20.0,330,2.0,-2.75,-1.0688527632703602,-0.1597398468523021,-0.32343537666398126,0.9032066808204735,0.5856295779560516,2867,-0.1924753060800587,-2.2934883827516406,-0.6938581290593211,-0.4187620866074626,0.5791776363427849,0.5118110236220472,1270,-0.3855332921676261,,635.0,3,False,False,
rsi_oversold,160,13,17.5,300,4.0,-1.5,-1.397614870576464,-0.3220135667205798,-0.44771383264893005,0.7714333960219044,0.29411764705882354,2074,-0.3906063630969663,-2.3356144736912436,-0.7154457010742205,-0.4129416067112696,0.556370376473997,0.2554890219560878,1002,-0.39544676679805746,,501.0,2,False,False,
rsi_oversold,161,13,35.0,240,2.75,-1.25,-1.2341107881594078,-1.0953165464240953,-0.7537405568888954,0.5833903070086284,0.2900907068286839,5843,-0.7385781608751713,-1.596204185391886,-1.5563996677750178,-0.6255400152545144,0.4282304015034915,0.24262169413568416,2609,-0.6244866395463456,,1304.5,2,False,False,
rsi_oversold,162,15,30.0,180,3.25,-3.0,-0.9000826698585936,-0.12809503717111462,-0.3020279663630811,0.9114196064541487,0.5004460303300624,2242,-0.14775660769749344,-2.4471812453215267,-0.4796871118241232,-0.366500288968384,0.6537766660767794,0.42341463414634145,1025,-0.2900784644926585,,512.5,3,False,False,
rsi_oversold,163,9,22.5,360,1.75,-2.0,-1.3238492975858471,-0.7455749734538026,-0.6417161710883678,0.685510903292758,0.5052941176470588,5100,-0.6150069681301744,-1.9198540999356066,-0.7341639064126132,-0.5159619082286055,0.5735388738334652,0.44344703770197486,2228,-0.5050535476233171,,1114.0,3,False,False,
rsi_oversold,164,9,20.0,150,1.5,-1.0,-1.0903657520374292,-1.699986287627276,-0.9091141551721102,0.409033515383423,0.30941376793967407,4111,-0.9082907249784878,-1.4249680609081645,-2.090460906266092,-0.7015371291699706,0.27855668757583196,0.27365883062085594,1659,-0.7011803198812081,,829.5,2,False,False,
rsi_oversold,165,9,20.0,60,2.5,-1.25,-1.3336584585016757,-0.6517579536164818,-0.6419583091404275,0.6036527042526761,0.3115727002967359,2022,-0.6236355934257625,-2.5105624591509166,-0.8920171003623683,-0.38121674191041854,0.4531682076514336,0.2563338301043219,671,-0.3779412533647024,,335.5,2,False,False,
rsi_oversold,166,21,25.0,60,1.75,-2.0,-1.349012397286274,-0.23930930176338522,-0.3425920951317472,0.7240373927562,0.5467128027681661,578,-0.2684276009108736,-3.347114349125699,-0.6137452374831595,-0.25183453830439717,0.4039524931306772,0.46116504854368934,206,-0.2435494327942327,,103.0,3,False,False,
rsi_oversold,167,15,32.5,90,3.5,-2.25,-1.1573439624486364,-0.2177645700913955,-0.36396018834887217,0.8503528784911625,0.4184269662921348,2225,-0.2408778632536024,-2.4506584835259475,-0.7600825230000601,-0.38637564387554735,0.516364047329248,0.3314415437003405,881,-0.35763261437842486,,440.5,2,False,False,
rsi_oversold,168,15,22.5,240,1.25,-1.0,-1.1090609172478936,-1.535830726209539,-0.8902282588285058,0.3659554389297858,0.3504932182490752,3244,-0.8893178144195932,-1.4648122609161183,-2.051198644412789,-0.6823377092786732,0.2862007615994546,0.32189973614775724,1516,-0.6818265731523041,,758.0,2,False,False,
rsi_oversold,169,13,20.0,180,1.5,-2.75,-1.3809457943094328,-0.31760108193922487,-0.4224200196536011,0.7602111339233343,0.6188172043010752,1860,-0.3567459205450353,-2.283721394544417,-0.9210517496014357,-0.42668246825961387,0.4052444997605753,0.5343601895734598,844,-0.42467721756864074,,422.0,3,False,False,
rsi_oversold,170,7,20.0,180,3.25,-2.0,-1.3748108496444962,-0.4445671150526165,-0.48923540084261397,0.757423796835092,0.3817186997103315,3107,-0.430346272117173,-2.074911150004314,-1.0026836487108672,-0.4730243080226972,0.4876215378848185,0.3108587650816182,1409,-0.45202695404513027,,704.5,2,False,False,
rsi_oversold,171,21,17.5,270,3.75,-2.0,-1.077816056855621,-0.08246781264277252,-0.24257254130118117,0.896706550715663,0.410958904109589,584,-0.14164276899562445,-3.06408234012517,-0.46245922759346625,-0.2831388623545226,0.5568965534669424,0.31456953642384106,302,-0.26276545667797213,,151.0,2,False,False,
rsi_oversold,172,19,25.0,300,3.0,-1.25,-1.3215761775773256,-0.5859827615079107,-0.633935738249543,0.6437415541391234,0.28976572133168926,2433,-0.6001488924624162,-2.0330521356051707,-0.9693998060007176,-0.4857087364520152,0.47965255281507624,0.25726495726495724,1170,-0.4833732256770207,,585.0,2,False,False,
rsi_oversold,173,21,17.5,330,1.0,-1.5,-1.3992814723369706,-0.524152601356891,-0.5842480544673749,0.45890899233626625,0.5247395833333334,768,-0.5757059110847751,-2.717920583007696,-0.7981061883302273,-0.34554302667566605,0.3966983781471641,0.48825065274151436,383,-0.3443605740925574,,191.5,3,False,False,
rsi_oversold,174,17,25.0,60,1.25,-2.25,-1.4395705222292852,-0.39507801478687476,-0.4497278894784627,0.6335847963707105,0.6318458417849898,986,-0.4086626154538847,-3.0420656811924953,-0.7335491820337994,-0.29668578066996426,0.3772490453929225,0.5309734513274337,339,-0.2960804389764623,,169.5,3,False,False,
rsi_oversold,175,7,25.0,330,1.0,-2.5,-1.2890731554879193,-0.977973022013509,-0.7040382618359062,0.5827200983354147,0.658686509220317,6182,-0.698814709100354,-1.6464732874338674,-1.3221457400356114,-0.606098144970449,0.4353437747672738,0.5904373610081541,2698,-0.6060490678990181,,1349.0,3,False,False,
rsi_oversold,176,21,35.0,360,2.75,-2.0,-1.4065122729894055,-0.3942725420824401,-0.43494528858113257,0.80556520146205,0.4333912180600347,4031,-0.3792426025021193,-2.0392396098216,-0.7066690392374828,-0.4801841654650279,0.585603433722978,0.36753528773072747,1842,-0.44237614943458603,,921.0,3,False,False,
rsi_oversold,177,11,30.0,360,2.75,-2.75,-1.2929573088592485,-0.277446641370488,-0.3677573837436895,0.855469106307682,0.510809312638581,3608,-0.2776247134525769,-2.3869362275043695,-0.5340213999407896,-0.3951549509827272,0.675975483862932,0.43483412322274884,1688,-0.3511377770715598,,844.0,3,False,False,
rsi_oversold,178,21,27.5,240,2.25,-1.75,-1.2983099218130947,-0.4387111712313628,-0.5448882880815288,0.7380703775536658,0.4348958333333333,2304,-0.46173782192656065,-2.0309216443246902,-0.9898877726202937,-0.4839139958398074,0.47390077937079944,0.3523035230352303,1107,-0.4580470332453058,,553.5,3,False,False,
rsi_oversold,179,9,20.0,210,2.5,-1.25,-1.2421730804120326,-1.0297629406563993,-0.7517777688912892,0.5689493065436085,0.2984174830444612,3981,-0.7455374739480324,-1.7960755829559376,-1.2848343442207086,-0.5541220029403645,0.44632377335709345,0.25133372851215174,1687,-0.5535949959023395,,843.5,2,False,False,
rsi_oversold,180,15,30.0,300,1.0,-1.25,-1.0938116398426438,-1.767882123127857,-0.905735061674411,0.41652517060851074,0.4683815648445874,6531,-0.9053553078409332,-1.4150535989506607,-2.027798352976038,-0.7064786409799073,0.3463617983694197,0.435188385758728,2893,-0.7064786409799074,,1446.5,3,False,False,
rsi_oversold,181,9,27.5,180,2.25,-2.75,-1.2175918934577912,-0.31442755279380297,-0.41949115540061305,0.830786115819854,0.547377830750894,3356,-0.30253104236010986,-2.461831641267688,-0.7252543844558087,-0.3826624948688518,0.597725762981067,0.4609483960948396,1434,-0.349157969000344,,717.0,3,False,False,
rsi_oversold,182,19,35.0,60,3.5,-1.0,-1.373535052090556,-0.54206999251256,-0.5864422154570164,0.6373163627736118,0.23321067157313707,2174,-0.5618334206044671,-2.323338242512725,-0.8906008868172004,-0.4141920802678211,0.45148240376660354,0.17783505154639176,776,-0.39003221952895584,,388.0,2,False,False,
rsi_oversold,183,21,30.0,60,1.75,-1.0,-1.353869052455655,-0.7125874852058813,-0.6310807170545912,0.5120776850283564,0.35248447204968947,1288,-0.6213317273591885,-2.7142951295138795,-0.9379253924222518,-0.344852703873148,0.40299933591639686,0.3184855233853007,449,-0.33938755274722343,,224.5,2,False,False,
rsi_oversold,184,17,32.5,360,2.75,-3.0,-0.7813982950520835,-0.09037725681827229,-0.2532954885457018,0.9496729489129996,0.5397653194263363,3068,-0.10519689450946601,-2.3784472396261345,-0.39011023355504026,-0.3889808397128161,0.7033183634707358,0.4667124227865477,1457,-0.3235784782640023,,728.5,3,False,False,
rsi_oversold,185,13,25.0,300,1.5,-2.0,-1.384255554301962,-0.6172958548728168,-0.585319857772764,0.6987131233775382,0.5384219994859933,3891,-0.5672401206383783,-1.7797167341220652,-1.2837122640962746,-0.5593795887996788,0.4236794089952016,0.46740395809080326,1718,-0.5578440191651979,,859.0,3,False,False,
rsi_oversold,186,21,32.5,90,1.0,-2.25,-1.395685201489729,-0.6147903855334583,-0.5705490482206742,0.5824847942299656,0.66681554265297,2239,-0.5515169428991168,-2.420692970389932,-1.0105331969851534,-0.3976057023313818,0.3943908581993339,0.6027227722772277,808,-0.39045528802896157,,404.0,3,False,False,
rsi_oversold,187,11,25.0,300,1.0,-1.0,-1.050350282422222,-2.1144917854979215,-0.9495036460247366,0.36135064602830985,0.397595792637115,6655,-0.9493521573591587,-1.219724433053104,-2.687246352799521,-0.8198478219653186,0.25396538557484616,0.36378904937856904,2977,-0.8198478219653186,,1488.5,3,False,False,
rsi_oversold,188,19,17.5,150,1.25,-1.25,-1.4114376234588668,-0.6677240720718733,-0.562642691288773,0.4227474874714216,0.42071197411003236,618,-0.5491134168537491,-2.7630553551066472,-0.9030953858860977,-0.33735383729210383,0.36578080620626563,0.3871951219512195,328,-0.333458772360135,,164.0,3,False,False,
rsi_oversold,189,9,20.0,270,3.75,-2.0,-1.307010670259422,-0.3102727932848078,-0.41561727159308537,0.8179238706442138,0.36693822131704007,2946,-0.32624036627340125,-2.3050611850788183,-0.6978798264024203,-0.41328205541658497,0.6078508140065642,0.31263858093126384,1353,-0.3686649416339509,,676.5,2,False,False,
rsi_oversold,190,15,30.0,270,2.75,-2.25,-1.3024587423398903,-0.3949374786902257,-0.46912320727587703,0.7896853491360579,0.4521452145214521,3333,-0.37864477929256213,-2.0844986489074486,-0.8245470975393318,-0.4670400325048962,0.5552189558508903,0.38794233289646135,1526,-0.421736369790467,,763.0,3,False,False,
rsi_oversold,191,21,35.0,120,2.5,-2.25,-1.2930949134123348,-0.28735078098783146,-0.39737745559718934,0.8190774195441687,0.48942959712804146,2507,-0.3047457925624615,-2.401161190652632,-0.7687014655718627,-0.3941942915892803,0.5340842477751172,0.4198250728862974,1029,-0.35699493011871253,,514.5,3,False,False,
rsi_oversold,192,11,17.5,180,4.0,-1.5,-1.3699483526238094,-0.38404457790080637,-0.48357521384210633,0.7327439262144082,0.2865302237029986,2101,-0.42152789106450284,-2.5889210363760644,-0.6784126311513896,-0.3628411047522445,0.5726570487816448,0.22914572864321608,995,-0.3446998186762943,,497.5,2,False,False,
rsi_oversold,193,17,35.0,180,1.0,-2.0,-1.2744450809974714,-0.9842303493405885,-0.7185513368126617,0.5314611822510703,0.6059782608695652,4784,-0.7125843654716646,-1.659693287319814,-1.6647708465390552,-0.6011462264169376,0.31316286060153425,0.5307262569832403,1969,-0.600386147723502,,984.5,3,False,False,
rsi_oversold,194,15,32.5,120,2.75,-1.0,-1.2196319810881446,-0.984688116469573,-0.7713368319813855,0.5602219341450286,0.24645222327341532,4228,-0.7592952160426039,-1.8250763126209202,-1.5518408595452298,-0.5449462927958358,0.38768285786896645,0.20186154741128562,1719,-0.5445513351940046,,859.5,2,False,False,
rsi_oversold,195,21,27.5,210,3.0,-1.0,-1.268422403558464,-0.8383737338558607,-0.7205232359643129,0.5443079021742073,0.2308910891089109,2525,-0.7094608378909462,-1.8075872899860375,-1.3055021271807723,-0.5504004841792307,0.36908680674286287,0.2052980132450331,1208,-0.548813931832712,,604.0,2,False,False,
rsi_oversold,196,19,32.5,210,1.75,-2.25,-1.3390532832809545,-0.5922323889479443,-0.5715352430684897,0.6961898884888653,0.5346534653465347,3333,-0.5183367348059427,-1.894921427180674,-1.2007338774234448,-0.5237124552411947,0.41353441665472146,0.46378737541528237,1505,-0.5208271202522126,,752.5,3,False,False,
rsi_oversold,197,19,22.5,240,1.0,-1.75,-1.2835546694456264,-0.8586048448997863,-0.7077863660285975,0.4325557948374389,0.5600229753015509,1741,-0.7003384162976867,-2.0629453442650765,-1.1591902029431271,-0.4781593635020921,0.3632507820118492,0.5058962264150944,848,-0.47703891105920704,,424.0,3,False,False,
rsi_oversold,198,21,30.0,240,3.5,-2.5,-1.149362637745786,-0.18660509891920646,-0.32166684986348576,0.8698109611715283,0.4464627151051625,2092,-0.2075459518244378,-2.3718364729389165,-0.6252915281368252,-0.39223737802861525,0.5826977837382423,0.37871033776867963,977,-0.33081636845530216,,488.5,3,False,False,
rsi_oversold,199,21,15.0,120,3.0,-1.75,-1.132602161832184,-0.12938652115640803,-0.24550143498129873,0.759368374327923,0.4031413612565445,191,-0.15142462131572876,-4.420386958687741,-0.10785006270927795,-0.069574242476927,0.8115557261365783,0.41935483870967744,93,-0.05391086951349644,,46.5,4,False,False,
