strategy,trial_id,p_vol_lookback_bars,p_volume_mult,p_entry_window_start_bar,p_entry_window_end_bar,p_take_profit_pct,p_stop_loss_pct,train_calmar,train_sharpe,train_mdd,train_profit_factor,train_win_rate,train_total_trades,train_total_return,test_calmar,test_sharpe,test_mdd,test_profit_factor,test_win_rate,test_total_trades,test_total_return,overfit_ratio,monthly_trades,gates_passed,gate_calmar_ok,pass_stage1,error
volume_surge,0,30,2.5,5,180,2.5,-2.25,-1.3350442045677617,-0.24428711000554243,-0.3530171785398208,0.8540529689273619,0.4910744358369821,2969,-0.2747145678803292,-2.1732438433914685,-0.9459775574045631,-0.45055155545445164,0.4553905845111926,0.392,1000,-0.4421653390698028,,500.0,3,False,False,
volume_surge,1,10,7.5,10,360,5.0,-2.75,2.448931420931009,0.11615669683636118,-0.15518112753036545,1.1316527163295633,0.4444444444444444,1170,0.17624841195335206,0.047537635447569976,0.008305381424047973,-0.15632326719175316,1.0088837450440837,0.36023054755043227,347,0.0011170638843347458,0.01941158296278367,173.5,3,False,False,
volume_surge,2,25,5.0,5,60,1.5,-2.25,-1.3586132939102007,-0.131279998977852,-0.2110735052364401,0.8058419794765234,0.6368038740920097,413,-0.15660073809154373,-4.437483029467919,-0.3160921062512036,-0.12492076732613265,0.5316843460776232,0.532608695652174,92,-0.11473581755666751,,46.0,4,False,False,
volume_surge,3,10,6.0,50,60,5.0,-2.25,-0.41595832809110317,-0.015534650713530971,-0.10983508059730188,0.9556432005615677,0.34375,128,-0.02329171835983368,-4.241547400986675,-0.18742828142137738,-0.10419988681201443,0.5428545309012326,0.25,32,-0.08420617191138391,,16.0,3,False,False,
volume_surge,4,30,7.0,60,300,4.0,-2.25,-0.24147461577031862,-0.015204597653531396,-0.21911703207102912,0.9884592207534394,0.4257907542579075,1233,-0.02702504264566774,-3.103682132343976,-0.3074115225629579,-0.23399535080532344,0.6732220993582323,0.36585365853658536,328,-0.1774595825558557,,164.0,3,False,False,
volume_surge,5,20,6.5,25,60,2.0,-1.5,-1.3163507780020138,-0.13350549166245562,-0.20872207570572637,0.7731202278218864,0.44357976653696496,257,-0.14946966844559784,-4.504094655662811,-0.23554224628129314,-0.07633426582094059,0.5415726543034866,0.45652173913043476,46,-0.06155558933218508,,23.0,4,False,False,
volume_surge,6,15,4.0,15,150,3.5,-2.75,0.055526738650551015,0.008188593287291861,-0.22795696060881315,1.0130583801570798,0.5072083879423329,1526,0.0063591817677211004,-2.939573889292929,-0.3220989695615692,-0.24317367446166369,0.7166163907113434,0.4026548672566372,452,-0.1723746001986034,-52.93979010351544,226.0,3,False,False,
volume_surge,7,5,5.0,10,210,3.5,-2.0,-1.2165759153911249,-0.14208691285089484,-0.27187483006574564,0.8923164719643726,0.398406374501992,2008,-0.18322958760489316,-2.698327619108584,-0.45439175227333745,-0.31136740613023833,0.6371708115902809,0.32857142857142857,560,-0.24156877181604075,,280.0,2,False,False,
volume_surge,8,5,7.5,40,300,1.5,-1.5,-1.4406872151718397,-0.5117241196906315,-0.5477304416100102,0.6455472478962643,0.4719750889679715,2248,-0.5435980432386862,-3.2141537119175627,-0.5739801679789754,-0.2637352498576662,0.5723131660658157,0.45878136200716846,558,-0.2470562850795236,,279.0,3,False,False,
volume_surge,9,5,6.0,25,360,3.5,-2.25,-1.0783026505718958,-0.12360325942256012,-0.27422077522018756,0.9102774589863506,0.43610144206862256,2011,-0.16193657616350454,-2.973980340201624,-0.2296366351659452,-0.2314008481366084,0.7864620906335527,0.39486356340288925,623,-0.16115136690215992,,311.5,3,False,False,
volume_surge,10,30,2.5,5,360,2.5,-2.0,-1.5077296007265686,-0.2997583176289855,-0.3626174249719995,0.8548281594509347,0.46074525427700963,4267,-0.3288566431522352,-2.140141104751617,-0.6512891690408626,-0.4552299151327415,0.6172909467307612,0.40535605599513086,1643,-0.42411019410343687,,821.5,3,False,False,
volume_surge,11,5,3.5,10,240,3.0,-1.25,-1.4142546175213115,-0.5782953083689701,-0.5613026575024659,0.707019253492905,0.2936105476673428,3944,-0.5487711611561379,-2.1530318501501267,-1.0650817314997982,-0.45577908987639987,0.462868354588216,0.26175040518638576,1234,-0.45124242539841797,,617.0,2,False,False,
volume_surge,12,30,4.5,15,210,3.5,-2.25,0.26074765079046697,0.024100229028975927,-0.23265676640819255,1.029058568549181,0.4604790419161677,1670,0.030126499226241776,-2.830940013379758,-0.3527754086898213,-0.26730791298233,0.6848317795485436,0.36989247311827955,465,-0.1919740024325508,-10.857010618495123,232.5,3,False,False,
volume_surge,13,30,4.0,60,360,1.5,-2.5,-1.4143907682386943,-0.3951935404685681,-0.4883888194033486,0.748750130652056,0.6083661715671416,3299,-0.4465017508394096,-2.685268927442337,-0.25853206350701546,-0.28068380911569224,0.7870203259366264,0.5850340136054422,1029,-0.19046871650811747,,514.5,3,False,False,
volume_surge,14,25,7.5,20,120,4.5,-1.5,1.4248495861739143,0.06193148864051843,-0.14545101896657112,1.1197748438072364,0.3240556660039761,503,0.09956888544199072,-3.7762863294662274,-0.34678279744523854,-0.1749969929384051,0.49431465534863717,0.22115384615384615,104,-0.15045137718143764,-2.650305243521544,52.0,2,False,False,
volume_surge,15,15,7.0,60,300,2.5,-1.75,-1.5108537835998548,-0.292148209956077,-0.4076715254944903,0.7589895111421331,0.4186746987951807,1660,-0.38261673982134914,-3.713731316558187,-0.3468361803806601,-0.19800471214395984,0.6917903598619333,0.4009433962264151,424,-0.1816370149423998,,212.0,3,False,False,
volume_surge,16,5,3.5,5,210,4.0,-2.0,-1.2267928274283657,-0.18188706418617043,-0.3053546473235336,0.8850574886521112,0.37082670906200316,2516,-0.2106536057648093,-2.6892116929621035,-0.6392930428744316,-0.3402723283900641,0.5939187054066966,0.32391048292108365,849,-0.3105328267661053,,424.5,2,False,False,
volume_surge,17,5,3.5,50,210,2.5,-1.25,-1.3865624377752606,-0.6471037470350414,-0.593278734452293,0.6571156147839156,0.32503617945007235,3455,-0.5817131170970157,-2.200563204335051,-1.0837884180378208,-0.4449477817732233,0.4126246666910298,0.2872340425531915,1034,-0.44207385322045023,,517.0,2,False,False,
volume_surge,18,20,7.0,40,120,3.0,-2.5,0.17859769929509514,0.01107760673069566,-0.12181611966685263,1.0213327870497781,0.5102420856610801,537,0.010905844139147192,-3.293570577285967,-0.30369560958856184,-0.18554320856636275,0.5988681702259039,0.41935483870967744,124,-0.1327381861090562,-18.441282224156954,62.0,3,False,False,
volume_surge,19,10,7.5,45,300,3.0,-1.5,-1.4781919801981678,-0.3490848519842183,-0.45482117625366036,0.7277367510247885,0.35206917850525016,1619,-0.43008929436789767,-3.1221023944047954,-0.6025022548333411,-0.2822464236299063,0.5039064062644095,0.3105134474327628,409,-0.2747512960819194,,204.5,2,False,False,
volume_surge,20,25,5.0,30,150,2.0,-1.0,-1.380024188568868,-0.5872563742792588,-0.6037973360831062,0.6022367909858376,0.3124274099883856,1722,-0.5945480331503675,-2.461042255552837,-1.0741377404677919,-0.3897275291528611,0.32899465182443766,0.23690773067331672,401,-0.3825537557222173,,200.5,2,False,False,
volume_surge,21,20,2.5,5,90,2.0,-2.5,-1.3375913087912075,-0.26398313071838053,-0.3803736809881207,0.8177149566633061,0.5614901256732495,2228,-0.30110665189307095,-2.8204336121927764,-0.6285411445427286,-0.3170674276542644,0.556422817320772,0.47889374090247455,687,-0.2873820512389854,,343.5,3,False,False,
volume_surge,22,30,5.0,50,90,4.0,-1.5,-0.10843075488332553,-0.0020752453239972234,-0.17395356209727866,1.000375909927706,0.32536764705882354,544,-0.009550698844856376,-3.9076513853008894,-0.44243244172965523,-0.18949466441308346,0.45482041238606596,0.23529411764705882,119,-0.18405495154151186,,59.5,2,False,False,
volume_surge,23,25,5.5,45,180,5.0,-3.0,3.36353568629057,0.17858786700033114,-0.20393292954385403,1.2640232302273284,0.4665936473165389,913,0.3011299220346513,-2.4552158836963796,-0.18124252614687922,-0.22415821512783868,0.7673673663314389,0.36964980544747084,257,-0.11354906703931988,-0.7299508947396011,128.5,3,False,False,
volume_surge,24,30,7.5,10,360,5.0,-2.0,0.07227067384538602,0.00915361447347501,-0.22794420010223956,1.0134251955530678,0.35068912710566613,1306,0.00826856741404991,-3.0905751259849086,-0.29117812276731164,-0.23418348572014763,0.6993401912214099,0.2970027247956403,367,-0.17633773677430364,-42.763889715443966,183.5,2,False,False,
volume_surge,25,30,4.5,10,180,4.0,-2.5,3.2421222925702327,0.17071552811907947,-0.1875302868698344,1.2067954886010315,0.4830383480825959,1356,0.27046027498318614,-2.8712079453404726,-0.2416851455622934,-0.20945993717231443,0.765891199938977,0.37817258883248733,394,-0.12951145301557898,-0.8855952016123015,197.0,3,False,False,
volume_surge,26,20,2.0,60,180,5.0,-2.5,1.1300334987661071,0.06810395835783731,-0.16793480137307007,1.0657355875623553,0.3908382066276803,2052,0.0915190565476296,-2.352358405294212,-0.5248710958045929,-0.3826710445090028,0.5890765013908101,0.30073349633251834,818,-0.29353813221616565,-2.0816713910364353,409.0,2,False,False,
volume_surge,27,25,2.5,55,180,5.0,-2.25,-0.14986085922697467,-0.009905609409967589,-0.23166677565760055,0.9962900387657865,0.36187157789945246,2009,-0.01764998228094805,-2.312954866365958,-0.6941056952954474,-0.41152164770492367,0.481450975035815,0.28005464480874315,732,-0.3670495321701652,,366.0,2,False,False,
volume_surge,28,10,4.5,15,300,5.0,-3.0,3.165048622694495,0.14732116098075868,-0.14689158702019692,1.1418026156876029,0.46449136276391556,1563,0.21217353708709918,-0.06868704385219625,0.00553367862699936,-0.18840819841882606,1.0035096973999507,0.387037037037037,540,-0.0019622604379269104,-0.021701734172324034,270.0,3,False,False,
volume_surge,29,25,4.5,40,60,1.5,-1.75,-1.7563552437322754,-0.20863936843250858,-0.2189905440986221,0.7016492388750674,0.5345744680851063,376,-0.2170516557479124,-3.184647404288131,-0.17242443456986875,-0.11100105687283301,0.710393414533124,0.5119047619047619,84,-0.06365689848204925,,42.0,4,False,False,
volume_surge,30,15,3.5,5,150,1.5,-2.75,-1.4830209464594006,-0.3435797922822058,-0.40284527431507333,0.7520968120416965,0.6388325901905147,2467,-0.36780113414133786,-3.016323616187413,-0.5680588027626825,-0.28829685634292984,0.5660491681681047,0.564179104477612,670,-0.2644856040842287,,335.0,3,False,False,
volume_surge,31,30,5.5,10,300,2.0,-2.5,-1.4560898535863875,-0.3024567444603204,-0.4043636585715316,0.7781498949672173,0.5627413127413128,2072,-0.36100062120838805,-2.663269361361137,-0.1860608335263739,-0.20505556767902447,0.8313089728947658,0.543010752688172,558,-0.1122940188169751,,279.0,3,False,False,
volume_surge,32,30,5.5,45,120,3.0,-1.0,-1.390034787636012,-0.4868057558986514,-0.5548424134006952,0.534886268031241,0.24074074074074073,918,-0.5245136124000902,-3.094603337446856,-0.8212535078113714,-0.2897098558244108,0.3035584636513825,0.1650943396226415,212,-0.2897098558244108,,106.0,2,False,False,
volume_surge,33,25,5.0,20,300,2.5,-2.0,-1.4357401507262302,-0.3613623451841519,-0.43986358624141086,0.769701718432051,0.45598969514813226,2329,-0.3953827235550309,-3.0027079859103645,-0.3573320194399528,-0.26152358951525145,0.7182626296945992,0.4374057315233786,663,-0.20704064195113736,,331.5,3,False,False,
volume_surge,34,20,7.0,55,210,4.5,-1.0,-1.353819843467707,-0.28302342136001596,-0.46511141520637955,0.7035917533869469,0.20096463022508038,1244,-0.3938524917878984,-3.2036331189667093,-0.5852447442919578,-0.26785298755554654,0.43807442933079427,0.17343173431734318,271,-0.2550569332783834,,135.5,2,False,False,
volume_surge,35,20,2.5,20,150,1.5,-1.75,-1.3517757786430833,-0.736163436186054,-0.6419862219666698,0.6343119552891608,0.5042038216560509,3925,-0.6393440706997637,-1.9680051578435271,-1.2329757886364576,-0.5030737847203678,0.3861835671720726,0.42526837324525185,1211,-0.5010321494927016,,605.5,3,False,False,
volume_surge,36,5,6.5,45,150,2.5,-3.0,-0.24451699108848104,-0.01621354714688823,-0.2109495667453017,0.9868095548733967,0.5892857142857143,1008,-0.026336452585724257,-2.7846945306768607,-0.19555867869420623,-0.1797481893730446,0.7736002723558844,0.5227272727272727,264,-0.0993929889431967,,132.0,3,False,False,
volume_surge,37,5,7.5,55,60,2.5,-2.75,0.557918676466929,0.015680747620503557,-0.03741812371197537,1.0741412745948171,0.5689655172413793,58,0.010467063290357848,-4.716005807658434,-0.2531662250682863,-0.07301900419002161,0.3100799846543837,0.3125,16,-0.06167236380679686,-8.452855239625553,8.0,2,False,False,
volume_surge,38,5,4.5,10,300,2.5,-2.0,-1.5064511109911458,-0.3669997232923129,-0.3994930957317991,0.7842875530964125,0.4583050847457627,2950,-0.37128404169863594,-2.5984735991973014,-0.5005562239501339,-0.342972737204935,0.6633766716199803,0.43042071197411,927,-0.284307639434921,,463.5,3,False,False,
volume_surge,39,30,5.5,20,300,2.0,-1.25,-1.3426965403178208,-0.6716019857266524,-0.653969739307336,0.6169205658922159,0.362629246676514,2708,-0.6537374104505295,-2.5577868241411372,-0.7810950736121633,-0.37057462474351593,0.49816432122510435,0.34226190476190477,672,-0.3594264916532314,,336.0,2,False,False,
volume_surge,40,10,8.0,40,240,2.5,-2.75,-0.5248494393676131,-0.040839430451278226,-0.2275142849752473,0.9596627534810033,0.5578551269990593,1063,-0.06207624016479851,-2.5076774999123286,-0.15544490677927233,-0.17233693099516204,0.8078250816889045,0.4810606060606061,264,-0.08179805017171282,,132.0,3,False,False,
volume_surge,41,5,7.0,35,210,4.0,-1.5,-1.3011955309214407,-0.15367775890052351,-0.28971007458509346,0.8579620230162095,0.3108952116585704,1441,-0.21215781630649333,-3.0194965082645946,-0.44433520099292817,-0.2734572958107963,0.5570340905004693,0.2443820224719101,356,-0.23159319113392363,,178.0,2,False,False,
volume_surge,42,20,7.5,5,360,1.5,-3.0,-1.1742334714567975,-0.1600585471395069,-0.34063866913473095,0.8584132046134298,0.6709829311359623,1699,-0.2269649843140703,-3.376847713534578,-0.30933651697304504,-0.20199246652104172,0.7183769088333876,0.6043956043956044,455,-0.15870361043037906,,227.5,3,False,False,
volume_surge,43,20,7.5,30,90,2.5,-2.25,0.19600846718985357,0.014132026061363157,-0.1493698098914225,1.031354820092733,0.5269461077844312,334,0.01464944999141582,-4.173287731460326,-0.21888722199436955,-0.10212024964635233,0.631214314909365,0.4444444444444444,63,-0.08034438759878937,-21.291364558338618,31.5,4,False,False,
volume_surge,44,10,6.0,40,120,4.0,-2.5,2.063416622348594,0.10827313502163102,-0.19516886821544413,1.1800775450456082,0.46825396825396826,756,0.18595410802580425,-3.2484069122229657,-0.3517193465087876,-0.22450564429970285,0.5915490304324706,0.34196891191709844,193,-0.1788428195471221,-1.57428552093644,96.5,2,False,False,
volume_surge,45,15,5.5,20,90,4.5,-1.0,-0.8953777053876667,-0.07056448957101118,-0.24643231881028488,0.9020326099075531,0.2182741116751269,788,-0.11806488261684966,-3.60047825374069,-0.4963991586497765,-0.21414761044577568,0.45258695925770126,0.15168539325842698,178,-0.19932257394623532,,89.0,2,False,False,
volume_surge,46,5,2.0,55,300,1.0,-2.75,-1.4255914804563434,-0.658225342640595,-0.5560174074488745,0.6674382858078012,0.6953210010881393,5514,-0.5474811815883074,-2.0277908776717313,-0.9966209744547381,-0.48687515702965706,0.4507544193107339,0.6470304200869146,2071,-0.4821982278564926,,1035.5,3,False,False,
volume_surge,47,10,3.0,35,270,4.5,-2.25,-0.5810813687968994,-0.055847898263997664,-0.24522154469427873,0.9626487149002627,0.38389589263928425,2459,-0.07454834612800365,-2.5248030976888036,-0.499329035375017,-0.354147082991989,0.6487122355731605,0.3285077951002227,898,-0.28726423485239627,,449.0,2,False,False,
volume_surge,48,20,2.0,15,240,1.0,-1.5,-1.1440998492021528,-1.487052171936218,-0.8549636912497273,0.4810271113756793,0.5298416565164433,7389,-0.8544548756570459,-1.4599136694732622,-2.013749886066863,-0.6846469930882032,0.3139182190638714,0.4787107043374453,2513,-0.6846469930882033,,1256.5,3,False,False,
volume_surge,49,15,8.0,40,180,4.0,-1.0,-1.4829535817463368,-0.29888408446945086,-0.43017903190252155,0.6788976182862175,0.2,940,-0.4007030035078144,-3.5745194348042686,-0.5011830595714637,-0.2111402254647418,0.46087144065832636,0.18617021276595744,188,-0.19097184943097711,,94.0,2,False,False,
volume_surge,50,30,7.5,40,120,2.5,-2.0,-0.6031208267431991,-0.03219112473950093,-0.17193979900855763,0.9489419993636303,0.4878587196467991,453,-0.05368024677622307,-3.915020685886674,-0.33795424084469305,-0.15219713908606824,0.5418032458148956,0.4166666666666667,96,-0.12769508820351838,,48.0,3,False,False,
volume_surge,51,10,2.0,50,300,1.0,-1.75,-1.238773795564247,-1.130444801087191,-0.7593581826936232,0.5738303850583533,0.5779061371841155,6925,-0.7591436610042507,-1.6112304159309159,-1.5765665872620394,-0.619615172549131,0.38728437530394333,0.5249709639953543,2583,-0.6191982707060434,,1291.5,3,False,False,
volume_surge,52,5,2.0,50,270,5.0,-1.0,-1.3705170884544882,-0.6287152366074549,-0.5948701395894418,0.6822259808730095,0.17745217745217745,4914,-0.5730798373812077,-1.864042651790091,-1.0917321004928924,-0.5328079378138162,0.47247008658238754,0.1504879301489471,1947,-0.5286104902768585,,973.5,2,False,False,
volume_surge,53,10,2.0,45,90,2.0,-2.75,-1.238007840391557,-0.21415444429426997,-0.33136031603112814,0.8518788949561099,0.5955536554082942,2339,-0.23364042941656182,-2.7130480382474835,-0.6396506434171433,-0.33863871377052246,0.5303891262147564,0.5045278137128072,773,-0.31512100187731207,,386.5,3,False,False,
volume_surge,54,25,2.5,55,150,4.0,-2.75,0.6424926477206144,0.040741259027633495,-0.1546934413271904,1.0418721980462637,0.46405228758169936,1836,0.04891204401485849,-2.412761791267079,-0.6667524906217228,-0.39074110827825054,0.4897920946471681,0.36615384615384616,650,-0.35037456183659765,-3.755314243403233,325.0,3,False,False,
volume_surge,55,25,3.5,50,330,1.0,-2.75,-1.4263743363572186,-0.5686604108925662,-0.5509198190722462,0.6493480466487873,0.6886530199646197,3957,-0.5400231521694254,-2.5774238298267695,-0.5846242155007412,-0.36447157193724083,0.5892371561648464,0.6627450980392157,1275,-0.3447499367189606,,637.5,3,False,False,
volume_surge,56,20,7.0,50,330,5.0,-1.75,-0.6740691403477617,-0.04879889207622883,-0.22144915327446135,0.9551686272112476,0.3178621659634318,1422,-0.07824236228929016,-2.4246400103167813,-0.11068789066536494,-0.2057400672362235,0.8437747623720525,0.2708333333333333,384,-0.0989319007940146,,192.0,2,False,False,
volume_surge,57,15,3.5,55,210,2.5,-2.0,-1.520889200491547,-0.3475688158918373,-0.40408781809005623,0.7690507876169842,0.4513725490196078,2550,-0.3815165327598452,-2.7062214195094088,-0.6171119238142071,-0.33616582738025813,0.5657956537473858,0.4035812672176309,726,-0.304181558160432,,363.0,3,False,False,
volume_surge,58,20,3.0,55,360,3.0,-1.25,-1.3702962886588341,-0.6791767624951923,-0.6249971766711596,0.6841362891006,0.2997370727432077,4564,-0.6240025796465539,-2.215371936538664,-0.7316671466973115,-0.44053282776135544,0.5975900616097259,0.2853519340519975,1577,-0.42996884138254676,,788.5,2,False,False,
volume_surge,59,15,8.0,10,60,4.5,-2.75,0.8281467977366452,0.03054584815343964,-0.09885436651673855,1.0823937788069395,0.474025974025974,154,0.040452673403066575,-1.3929954636905648,-0.04807662682031842,-0.0834278977699831,0.8490219443619292,0.4,25,-0.018456762241944813,-1.6820634548097888,12.5,3,False,False,
volume_surge,60,5,6.0,20,300,3.0,-2.5,-0.870118782681624,-0.0877485614131939,-0.25727653615445245,0.9339694808604588,0.49921177088807145,1903,-0.1198980888307074,-2.296486719613982,-0.0989452717889251,-0.16682329974638854,0.9012962714240691,0.45652173913043476,552,-0.07025270405557094,,276.0,3,False,False,
volume_surge,61,15,2.5,20,210,3.0,-2.5,-1.30277599469475,-0.22514945391032304,-0.3262583433790279,0.8605413065883298,0.4808087731322824,2918,-0.24340335422979875,-2.559032419792408,-0.5690401596842567,-0.3529251311059001,0.6313489958294808,0.4293785310734463,1062,-0.2967457112653169,,531.0,3,False,False,
volume_surge,62,20,6.0,60,180,5.0,-3.0,2.837772200612297,0.1337079175444439,-0.17838804471029138,1.2029332905039916,0.46562123039806996,829,0.2292799120757587,-2.2565283824893516,-0.12280727253588981,-0.18670327626795466,0.8317070407497961,0.3761467889908257,218,-0.07917022696333587,-0.7951760123671898,109.0,3,False,False,
volume_surge,63,30,6.0,25,360,1.5,-2.5,-1.5024170109574424,-0.2984407442946249,-0.39708740108434293,0.7845699070928748,0.613154478580701,2311,-0.3671389573029862,-2.4648426355251365,-0.19734564074926106,-0.27839174244083137,0.7999631040957362,0.5803981623277182,653,-0.16034638359725262,,326.5,3,False,False,
volume_surge,64,15,2.5,10,300,2.0,-2.0,-1.4346279759817389,-0.5734158695884726,-0.5294909147192514,0.7442522330790733,0.4912317768856962,4733,-0.5124825611754645,-2.1279390119920523,-0.8301050305466435,-0.4576943079217008,0.5827310614639832,0.45176470588235296,1700,-0.4230675178181671,,850.0,3,False,False,
volume_surge,65,15,6.5,20,210,2.5,-2.0,-1.4628518389585607,-0.23741181501054184,-0.3516489580266495,0.7983454773161464,0.45389563974267333,1399,-0.3051520837991546,-3.3329676225593596,-0.45874241550927736,-0.24434689565206005,0.5840549383909626,0.40059347181008903,337,-0.22427801676252102,,168.5,3,False,False,
volume_surge,66,25,5.5,25,60,1.5,-1.5,-1.7715921727863302,-0.21023712365378608,-0.2175137034699625,0.7025320995717155,0.49002849002849,351,-0.21751370346996246,-4.4701230810706996,-0.3684156441576505,-0.12391914554909617,0.4456126673778053,0.44594594594594594,74,-0.11461606382859257,,37.0,4,False,False,
volume_surge,67,15,2.0,5,210,2.0,-2.0,-1.3864422168950696,-0.5442878957520053,-0.5354270169323565,0.7463744687002943,0.49576914732045996,4609,-0.4951207080414578,-1.944849554578311,-1.1289349418166594,-0.5090486602619715,0.4782450375839864,0.4224188790560472,1695,-0.500815024301327,,847.5,3,False,False,
volume_surge,68,10,7.5,40,300,4.0,-1.0,-1.4216247018632346,-0.36768766939602854,-0.5103631495952937,0.6883342593361554,0.20840152755046373,1833,-0.47879641314732313,-2.6569521863262637,-0.4250454538499493,-0.33893581838111614,0.5320752177895981,0.19540229885057472,435,-0.2939195103890532,,217.5,2,False,False,
volume_surge,69,5,2.5,10,120,5.0,-3.0,4.289908198784247,0.20286548833289283,-0.15198780142867885,1.2003371353999583,0.45525291828793774,1799,0.28786979568150506,-2.6672584361664877,-0.4023192132660115,-0.309319179957665,0.6824758566034406,0.35674157303370785,712,-0.23114906451250372,-0.6217518680055635,356.0,3,False,False,
volume_surge,70,15,6.5,45,120,4.0,-2.5,1.973351127486583,0.09568308001648694,-0.17164708204223833,1.1761576963361504,0.4570957095709571,606,0.15837081463360048,-3.2679891209312473,-0.3081964816334539,-0.20569397442457504,0.601106762093716,0.34965034965034963,143,-0.15480723232637716,-1.6560606348316826,71.5,2,False,False,
volume_surge,71,5,4.0,30,60,3.5,-2.25,1.3629138567483565,0.06837823029598172,-0.1519365269132014,1.0966569595200626,0.4729064039408867,812,0.09949111297560731,-3.05604955911643,-0.37401745716556467,-0.23535875504391732,0.6090791398997383,0.36363636363636365,231,-0.1743311128368793,-2.2422910618926135,115.5,3,False,False,
volume_surge,72,30,3.5,55,90,3.5,-1.0,-1.403612679323588,-0.25423310380383024,-0.40562795234040333,0.7151484123699743,0.24677898909811694,1009,-0.34594673926966957,-2.544522410901616,-0.9826505350453414,-0.37494485257512267,0.2634869458756837,0.12802768166089964,289,-0.3715464328577752,,144.5,2,False,False,
volume_surge,73,20,6.5,60,120,2.5,-2.5,0.1836620517040638,0.012040701717581044,-0.12974374205171987,1.024533725478312,0.5537037037037037,540,0.011938918304120527,-2.9320408175351775,-0.27242698925348846,-0.19404465247334607,0.623986285463097,0.47107438016528924,121,-0.11917512702920074,-15.964325729408705,60.5,3,False,False,
volume_surge,74,10,5.0,5,120,3.5,-1.5,-1.1547097792515713,-0.12901625044208173,-0.29393513853435443,0.8719879540153391,0.35026943802925325,1299,-0.18856915006487873,-3.0515747505152766,-0.5607289817885467,-0.2889698105058347,0.492776331996512,0.24624624624624625,333,-0.27531476477983163,,166.5,2,False,False,
volume_surge,75,30,7.5,20,180,2.0,-2.75,0.016751333727197983,0.0050462019749293215,-0.21646413976291767,1.0126365626767446,0.6194029850746269,804,0.0018257801885259717,-3.214806743685514,-0.3885568509320403,-0.2180414488203622,0.5422118403273101,0.5314285714285715,175,-0.16642811255384538,-191.91347960943875,87.5,3,False,False,
volume_surge,76,20,2.0,40,150,2.5,-1.25,-1.3755051270099419,-0.7213505446949319,-0.609834718433486,0.6685200137864519,0.33078252283386816,4051,-0.6014385009718196,-1.8644404166660253,-1.283765759887049,-0.5328286543874161,0.3986506798699503,0.25664335664335663,1430,-0.5312623510553959,,715.0,2,False,False,
volume_surge,77,15,4.0,20,150,1.0,-2.25,-1.3983266921412985,-0.6062604538803344,-0.5868829357704325,0.5732668977242803,0.648080808080808,2475,-0.5793855234772435,-2.5874408672502516,-0.8859465240073462,-0.36704068179140575,0.39736307251230246,0.5723370429252782,629,-0.36289674241440506,,314.5,3,False,False,
volume_surge,78,20,4.5,25,90,3.0,-1.75,-0.806822666295625,-0.06622947582767419,-0.23303444377003063,0.9307875521546167,0.4079229122055675,934,-0.09964371481092249,-3.52624431334763,-0.39439438955128053,-0.21514173880108903,0.5973881971440885,0.312,250,-0.19293369970086005,,125.0,2,False,False,
volume_surge,79,30,6.0,35,360,5.0,-1.75,-0.6891137235717006,-0.052713348672473515,-0.23101593382949612,0.9582933640768633,0.3173582700175336,1711,-0.08367720788543853,-2.236193823385811,-0.11888884818874565,-0.24703435265358062,0.8530946664450634,0.27566539923954375,526,-0.11416262939257626,,263.0,2,False,False,
volume_surge,80,5,2.5,25,120,3.0,-3.0,0.16279128216200642,0.016426582029690173,-0.2008058502773454,1.0197009912557198,0.5430611334225792,2241,0.016343008295161665,-2.964759794290644,-0.39944855456307915,-0.27197470526329187,0.6822704813045688,0.4639175257731959,776,-0.2192890710378843,-18.21203049030708,388.0,3,False,False,
volume_surge,81,5,6.5,35,210,3.5,-1.5,-1.4041752706547488,-0.23074943850786636,-0.35721855053650675,0.813203428781977,0.32577565632458233,1676,-0.2959718128302691,-2.954948750072188,-0.5254752583744557,-0.29357674129763234,0.5273910660698045,0.2517985611510791,417,-0.262717985791609,,208.5,2,False,False,
volume_surge,82,25,6.0,10,240,2.5,-2.0,-1.4607051779265088,-0.3018029131043289,-0.3971267786330595,0.7640425438958726,0.4552745219000617,1621,-0.35421905075241655,-3.107787962135699,-0.34533074785080464,-0.24265257880574578,0.6784762005162054,0.4222222222222222,405,-0.1906677337858781,,202.5,3,False,False,
volume_surge,83,5,7.5,35,60,5.0,-1.0,-1.3163983957865968,-0.09871016571192219,-0.1681429815612897,0.7889545070047796,0.2017167381974249,233,-0.11846027516664759,-4.161704456570764,-0.2905681905517305,-0.11122902267003149,0.4598756150776461,0.14545454545454545,55,-0.08947107201704085,,27.5,3,False,False,
volume_surge,84,30,7.5,60,360,2.5,-1.75,-1.4041503142522667,-0.20686266206505335,-0.3619256524108122,0.8248024904887035,0.4367469879518072,1660,-0.30068622564614367,-2.9401973601761817,-0.32055927068741985,-0.24924384514766545,0.7017033154060203,0.39631336405529954,434,-0.18047127547123254,,217.0,3,False,False,
volume_surge,85,20,2.5,55,210,3.5,-2.75,-0.05431930332823762,-0.000913517118945248,-0.1743894268826351,1.0051901794051885,0.4933978873239437,2272,-0.004785215340594395,-2.423119090292487,-0.6202120187086821,-0.3835697335361279,0.5571052492089354,0.3988165680473373,845,-0.32953756430407133,,422.5,3,False,False,
volume_surge,86,30,4.0,45,180,4.0,-1.75,-1.0443197668075244,-0.11013222650076185,-0.2802072338870278,0.9001593272889226,0.3538998835855646,1718,-0.1600993247687197,-2.7336133460352787,-0.5293183224428841,-0.328283611911104,0.556556419987989,0.278118609406953,489,-0.2906068263459568,,244.5,2,False,False,
volume_surge,87,20,7.5,25,300,2.0,-2.25,-1.2194029223082263,-0.14568388700334153,-0.3132177471364422,0.8658530344564874,0.550098231827112,1527,-0.21533088615825835,-3.1751878201329786,-0.3956231808610302,-0.2382300626937387,0.6279733183523354,0.4877384196185286,367,-0.19182008101619186,,183.5,3,False,False,
volume_surge,88,20,7.0,35,360,2.0,-2.0,-1.4144102246533992,-0.23397737293590123,-0.37514572098113297,0.8194225218462909,0.5097938144329897,1940,-0.3169326834177093,-2.9570645983662383,-0.31565475369839174,-0.247198910366778,0.7348772915780286,0.4666666666666667,510,-0.17962131635802636,,255.0,3,False,False,
volume_surge,89,20,6.0,5,180,3.0,-2.25,0.6413766279987316,0.0413223008715865,-0.1874042202079315,1.0536553802961517,0.4867549668874172,1208,0.058870268551697524,-2.956456935424721,-0.3862880332073568,-0.25819327787150775,0.6100909900215156,0.3870967741935484,279,-0.19532085105828867,-4.60954890833747,139.5,3,False,False,
volume_surge,90,20,8.0,50,330,3.5,-1.25,-1.375450483421585,-0.33778706344146087,-0.5046347562710897,0.7110250426103456,0.27714646464646464,1584,-0.4495114353853319,-3.1083630588308777,-0.5009098493792072,-0.269754856193421,0.5463901306443629,0.25268817204301075,372,-0.24037534107526604,,186.0,2,False,False,
volume_surge,91,20,5.5,55,150,5.0,-1.25,-1.1935261181162962,-0.1483877951707652,-0.32270286065154336,0.8302261641231128,0.23191094619666047,1078,-0.21739099079847235,-2.8138955581510112,-0.7611471554091682,-0.32606914943866117,0.32774716205906884,0.1449814126394052,269,-0.3135820068664563,,134.5,2,False,False,
volume_surge,92,30,3.0,55,90,3.0,-1.0,-1.445177390998171,-0.38983052437877963,-0.48519043046609334,0.6498231510796387,0.2624712202609363,1303,-0.45597538264752857,-2.6083102871795907,-0.9229609882404438,-0.3629795656496094,0.3562629453304937,0.18701298701298702,385,-0.3574296497490721,,192.5,2,False,False,
volume_surge,93,30,7.0,50,210,1.5,-2.25,-1.3818875934567347,-0.22378950114615562,-0.35069841006730884,0.7740273553488878,0.5864465682015638,1151,-0.2839901873885202,-3.1010190685935606,-0.3694056977862072,-0.22671630698069864,0.6028476370349596,0.5555555555555556,261,-0.16730943607703785,,130.5,3,False,False,
volume_surge,94,30,4.0,20,150,2.0,-3.0,-1.1877624587672735,-0.14334145302199,-0.27256507011119385,0.8719807248162,0.6203703703703703,1620,-0.17892681256312248,-2.861581647868638,-0.5692420004893674,-0.31059675284368976,0.5351288745364232,0.5272331154684096,459,-0.2819414542496115,,229.5,3,False,False,
volume_surge,95,5,3.5,40,330,1.5,-1.25,-1.2202247150040941,-1.0959400637742933,-0.777907605610979,0.5628492902897115,0.4065993508835197,5546,-0.7773097435361209,-1.882507348487572,-0.8361003468036755,-0.5272225072182105,0.5071943918457738,0.3830028328611898,1765,-0.5218429114202532,,882.5,3,False,False,
volume_surge,96,20,7.0,50,150,4.0,-1.25,-1.2273433886557759,-0.13843078225559854,-0.2964848161095976,0.8253264235130249,0.2616707616707617,814,-0.20386460577130627,-3.0687213633942894,-0.6591790745643741,-0.28693780865510365,0.3462404112059933,0.18478260869565216,184,-0.2741359317730482,,92.0,2,False,False,
volume_surge,97,20,3.5,15,360,1.0,-2.75,-1.3943471453389942,-0.649839680098665,-0.5886395354408733,0.6334418083578214,0.6863181312569522,4495,-0.5795200278385971,-2.456033220245213,-0.5376857389171258,-0.38748842935424893,0.6220981330314598,0.6625766871165644,1467,-0.36675953813644147,,733.5,3,False,False,
volume_surge,98,20,3.5,15,300,4.5,-3.0,0.7077428890536928,0.048984742910407664,-0.17967577653321473,1.0461700852421338,0.47108307045215564,1902,0.06218435899670505,-3.03761016697688,-0.2512991971345368,-0.23609721917372714,0.7783532150226244,0.4085714285714286,700,-0.17340415163130507,-4.291968473238072,350.0,3,False,False,
volume_surge,99,25,3.5,10,270,2.0,-1.25,-1.2695941985218515,-0.9423177368360376,-0.7283000746737861,0.5955676835145912,0.3547703180212014,4245,-0.7282944333067352,-2.0005576882927487,-1.189038079420801,-0.4942248272662793,0.43712092641840056,0.3360655737704918,1220,-0.49152462065324964,,610.0,2,False,False,
volume_surge,100,30,6.0,45,330,3.5,-1.25,-1.4355401389401703,-0.3998578053320986,-0.5079432050765708,0.7082504673663801,0.2844669117647059,2176,-0.48228008533931044,-2.7770423960516553,-0.647132491671307,-0.3315173448516424,0.5389589705533121,0.2629757785467128,578,-0.3175532074935029,,289.0,2,False,False,
volume_surge,101,25,7.5,45,240,5.0,-1.25,-1.1687814010621207,-0.14894127841759164,-0.3399747202854369,0.8401670092198482,0.2334763948497854,1165,-0.22525711432757511,-3.04843636607713,-0.6751935009227327,-0.29320525339906633,0.39832535416148024,0.18478260869565216,276,-0.286925456082574,,138.0,2,False,False,
volume_surge,102,10,7.5,40,270,3.0,-2.25,-0.4488589501689719,-0.031053564683377378,-0.21932182663775002,0.9734127752281739,0.47792408985282725,1291,-0.05088766753579277,-3.128656298260052,-0.4117485837525169,-0.24473681681014128,0.5951117545416987,0.40498442367601245,321,-0.19653605290587117,,160.5,3,False,False,
volume_surge,103,30,4.0,45,270,2.5,-2.0,-1.5062795435844298,-0.3798735287693097,-0.43948129042100786,0.7509060269494552,0.44530344027831464,2587,-0.42110361671182583,-2.5255732143236598,-0.5500282580377946,-0.35715138693166776,0.6078560139521565,0.4201570680628272,764,-0.2955092528150086,,382.0,3,False,False,
volume_surge,104,20,2.5,60,180,2.5,-2.0,-1.42758576401057,-0.3105993362151662,-0.3883094466565609,0.8023907669570862,0.45205003474635164,2878,-0.3345636650559167,-2.1866578021994862,-0.8562669275722932,-0.44565365564033127,0.4709642456723321,0.3768267223382046,958,-0.42490868647174984,,479.0,3,False,False,
volume_surge,105,15,4.5,45,90,2.0,-2.5,-1.414883551544633,-0.20741418070003484,-0.3195797762669621,0.7557738764986063,0.5582278481012658,790,-0.2616087912052446,-3.1794199496013613,-0.411013140301051,-0.23748430975919263,0.5582192030565984,0.4681818181818182,220,-0.19113982155878695,,110.0,3,False,False,
volume_surge,106,10,5.0,60,120,2.5,-2.75,-1.046611349324622,-0.10202086168783218,-0.24092581280670253,0.8810820706722003,0.5627044711014176,917,-0.13621661198520574,-3.312438686913213,-0.30903641614182287,-0.1904309377772865,0.6554120991447823,0.4788135593220339,236,-0.13950680203974064,,118.0,3,False,False,
volume_surge,107,20,5.0,30,300,4.5,-1.5,-1.527088888974328,-0.2159004351611871,-0.31317809092909427,0.8316112635939293,0.2852504638218924,2156,-0.2795402555415103,-2.67442528335993,-0.2224326483218374,-0.2782248665780952,0.7474591063967064,0.25158227848101267,632,-0.18577786904492377,,316.0,2,False,False,
volume_surge,108,5,3.5,35,240,1.0,-1.5,-1.2246654825419558,-1.169592574735772,-0.7729569267345294,0.4954463000878079,0.5197845452662109,4827,-0.7716162696965794,-1.906894821173379,-1.433050703514955,-0.5202911714996585,0.3497556327124323,0.47910662824207495,1388,-0.5184531133833455,,694.0,3,False,False,
volume_surge,109,20,2.0,30,180,4.0,-1.5,-1.4106200783212033,-0.3355623684960555,-0.4093733968126191,0.8087078387937034,0.3033024333719583,3452,-0.3521955753123728,-2.085511870562308,-1.031811858668944,-0.4710842366170145,0.4698554701578895,0.22854973424449507,1317,-0.4564474451327558,,658.5,2,False,False,
volume_surge,110,25,7.5,60,300,2.5,-1.25,-1.4391126353733579,-0.38679719111529215,-0.5054970169210926,0.6841436882138573,0.33150517976843386,1641,-0.4806393613012514,-3.2318343157463527,-0.5705448953716136,-0.26441121895776165,0.5229395579711305,0.31151832460732987,382,-0.2522609071430546,,191.0,2,False,False,
volume_surge,111,10,4.0,35,270,1.0,-1.5,-1.2431062120368457,-1.0496818832755757,-0.7551014764178682,0.5122284392683912,0.5347222222222222,4320,-0.7550818937694522,-2.2537884871491123,-1.1018103900777507,-0.43344853018310175,0.4251717173774806,0.5095486111111112,1152,-0.4334485301831017,,576.0,3,False,False,
volume_surge,112,15,7.0,55,240,2.0,-1.25,-1.3631936691953022,-0.48071031855680585,-0.5817882516392078,0.6093509199232908,0.3527227722772277,1616,-0.5479613986539007,-3.1052350014078507,-0.6948155887806708,-0.2828793922899021,0.4586915147624135,0.3426183844011142,359,-0.27220339002207306,,179.5,2,False,False,
volume_surge,113,10,6.5,45,60,4.0,-3.0,1.6010571169106813,0.07042986154907613,-0.11967970749436954,1.2024081597971845,0.4645161290322581,155,0.09237042279615282,-4.871307372943364,-0.19768928309779113,-0.08542836252765179,0.5471187276146081,0.375,32,-0.07793834256792065,-3.042556896622646,16.0,4,False,False,
volume_surge,114,5,7.0,35,120,4.5,-2.5,0.8025345519388155,0.0494408321075417,-0.1936202696203878,1.0796601883028099,0.4503012048192771,664,0.0755055321492153,-2.957840101647251,-0.28262968973351515,-0.22043202793139577,0.6370386023713427,0.3473053892215569,167,-0.14715019594174017,-3.6856233722292795,83.5,2,False,False,
volume_surge,115,5,4.0,35,210,2.5,-1.25,-1.4052571237633786,-0.6412420967713993,-0.5868368235208246,0.6616682129405105,0.32804394263045467,3277,-0.5841427861398371,-2.1853533641029537,-1.1242026550958164,-0.44806340593228466,0.40008863194136296,0.28047464940668826,927,-0.44223994326886085,,463.5,2,False,False,
volume_surge,116,15,4.5,35,180,4.0,-2.0,-0.5982303625380896,-0.05671925164583167,-0.263943066638445,0.9513483094418688,0.3929016189290162,1606,-0.08296485327298264,-2.8455263454664252,-0.43658279481231893,-0.2961726571154283,0.6125851988896616,0.3045356371490281,463,-0.2434391737721785,,231.5,2,False,False,
volume_surge,117,5,5.5,5,300,1.0,-1.75,-1.3090002671584,-0.8416813445903546,-0.6877917295513296,0.545644499570108,0.577976523197317,3578,-0.6871535666571589,-2.8586742674464682,-0.3866330170027624,-0.3055458565037045,0.6545181795231828,0.5585392051557465,931,-0.26781017908800153,,465.5,3,False,False,
volume_surge,118,10,7.0,10,360,1.0,-3.0,-1.460674673747897,-0.2309299252512267,-0.36610712942453816,0.7897259410125509,0.7220026350461133,2277,-0.3199854948918248,-3.571586874124761,-0.35906983309546875,-0.2052528930083409,0.6718123623586061,0.6906474820143885,556,-0.18058808837933327,,278.0,3,False,False,
volume_surge,119,10,3.5,5,330,2.0,-2.25,-1.4475517291220847,-0.43162792159904045,-0.48101005007307696,0.7573805242921623,0.5278521692554901,3734,-0.4514982408846855,-2.811830283138009,-0.41467707635483814,-0.30508776488110323,0.7318216224204337,0.5032414910858996,1234,-0.2548609986549333,,617.0,3,False,False,
volume_surge,120,10,5.5,55,90,2.5,-1.25,-1.4531475958543458,-0.20125286376990903,-0.2901768802567461,0.7362300245313343,0.3519163763066202,574,-0.241170553187397,-4.110384325321998,-0.4103742893761736,-0.15573010295592182,0.5166681180176886,0.2727272727272727,132,-0.14281785488407972,,66.0,2,False,False,
volume_surge,121,30,4.0,30,120,1.5,-2.5,-1.482750261534487,-0.24533895793619293,-0.3289952205716854,0.7712253957847824,0.6301555104800541,1479,-0.28622853010691063,-3.078493135039785,-0.6105944422534333,-0.2864235849136789,0.5032100297802602,0.5398009950248757,402,-0.27525935734763507,,201.0,3,False,False,
volume_surge,122,15,2.5,50,60,3.0,-1.5,-1.2812170249889834,-0.171203447707989,-0.3154174236538929,0.7997262439651035,0.3623789764868603,723,-0.22965042268950642,-3.1523000986855725,-0.38776136766310254,-0.22474724091119574,0.607111378499831,0.2807017543859649,228,-0.16961888256118407,,114.0,2,False,False,
volume_surge,123,20,7.5,20,90,2.5,-2.75,0.6656639817894856,0.034794340204885525,-0.1313939532021879,1.0711397526695579,0.5922619047619048,336,0.04316256271099905,-3.256257583145536,-0.12045634809504953,-0.08416649657330755,0.7769757244072047,0.5151515151515151,66,-0.04715115952645543,-4.891743690851097,33.0,4,False,False,
volume_surge,124,30,8.0,25,360,1.5,-3.0,-1.086205653811535,-0.12034920273686595,-0.2979904028768713,0.887323877985173,0.6651406147809026,1529,-0.1788878376655637,-3.0797352427366547,-0.4285556268474492,-0.26622844908742604,0.6019265115900567,0.5863746958637469,411,-0.22779711903198274,,205.5,3,False,False,
volume_surge,125,15,6.0,35,360,3.5,-2.75,0.20755878304644115,0.018457330342815034,-0.20427659052409605,1.0218087289374,0.49608669476219147,1661,0.021147881237951305,-1.871209639999015,-0.09217571994306732,-0.17375457827528049,0.9178583648743076,0.4571984435797665,514,-0.05757378462512697,-9.015323815905845,257.0,3,False,False,
volume_surge,126,25,7.0,30,60,4.0,-1.25,-1.3572635135845876,-0.06427607469526803,-0.10290285863121643,0.8495736521781025,0.26993865030674846,163,-0.07301179030001148,-5.43882797978202,-0.2645323101834799,-0.07121803079941959,0.4060425216137458,0.17857142857142858,28,-0.07121803079941957,,14.0,2,False,False,
volume_surge,127,5,5.0,30,360,4.5,-2.5,1.1089933474740192,0.07266888450732646,-0.18404452696819756,1.0668382806907872,0.4264170566822673,1923,0.09812587061056544,-1.167011522870812,-0.0394253788050501,-0.22272537267949247,0.9483047141510298,0.39655172413793105,638,-0.044374388015062216,-1.0523160716238218,319.0,3,False,False,
volume_surge,128,20,3.0,60,300,3.0,-1.0,-1.2757954842298567,-0.8968249691832368,-0.7215022177583673,0.5790091833058141,0.23611997447351626,4701,-0.7208423864682647,-2.017990863266581,-1.0853566898737967,-0.4894528431551643,0.4695574004227255,0.22049898853674982,1483,-0.48487897388920176,,741.5,2,False,False,
volume_surge,129,20,5.5,35,330,3.0,-1.75,-1.4716270035626586,-0.27318431608468763,-0.3809533377740145,0.8130131214611508,0.4029583146571044,2231,-0.33930315249311616,-2.886360736123763,-0.45300090240502694,-0.2942700923040012,0.6469611122272372,0.3563579277864992,637,-0.24831752231481363,,318.5,3,False,False,
volume_surge,130,10,2.5,25,270,2.5,-1.25,-1.3170067154167024,-0.8626906310740644,-0.6749189185281491,0.6474039393667217,0.3253126184160667,5278,-0.669536223878432,-2.0871139553494076,-1.0101406200314793,-0.4713768398988429,0.5561256043293562,0.304930332261522,1866,-0.46304642056236345,,933.0,2,False,False,
volume_surge,131,25,6.5,55,240,3.5,-3.0,0.540865222770438,0.03686779947151592,-0.17449122725453703,1.046234005590721,0.5246053853296193,1077,0.046498837625158496,-2.1598501677581194,-0.1287141653002603,-0.19414286390004087,0.8448860801250757,0.4666666666666667,285,-0.07869540917394147,-3.9933241717684536,142.5,3,False,False,
volume_surge,132,20,4.5,15,270,2.5,-1.75,-1.4653934460225744,-0.4642585991765121,-0.4926493422103647,0.7244100283582512,0.41336353340883353,2649,-0.4753433594354016,-2.9700257056467474,-0.45344237124445363,-0.2895221714070939,0.6659682139590726,0.3895582329317269,747,-0.2564781031285296,,373.5,3,False,False,
volume_surge,133,15,4.5,25,330,3.0,-1.0,-1.283330388930739,-0.7947608316106501,-0.7093857841727845,0.6005699652561577,0.24647324993345754,3757,-0.7034797901943783,-2.2285974759121565,-0.9145083310935876,-0.4378976441837392,0.4872478705327361,0.22693032015065914,1062,-0.4298028971665956,,531.0,2,False,False,
volume_surge,134,5,6.0,20,90,2.5,-1.5,-1.2292781503466017,-0.12951734576296464,-0.24654395944160792,0.8585729542346396,0.4225028702640643,871,-0.16637262389955398,-3.849603207986037,-0.39989575868794747,-0.17250129265837089,0.5945659831838136,0.3459715639810427,211,-0.15167361125954804,,105.5,2,False,False,
volume_surge,135,20,6.0,20,270,4.5,-1.25,-1.4695771830281794,-0.2750884889128833,-0.39700367849154833,0.7768480382441489,0.24148936170212765,1880,-0.35681470145497773,-2.701719986501553,-0.3282832014653174,-0.31250438812419895,0.6317054864245942,0.22153209109730848,483,-0.244555569070821,,241.5,2,False,False,
volume_surge,136,5,2.5,25,150,4.0,-2.25,-0.859318708862301,-0.0907231929846973,-0.23955846663753827,0.9391939103353825,0.39856801909307876,2514,-0.10966774186943695,-2.6288660343769856,-0.5570065090744488,-0.3360378798304527,0.6151799679098235,0.33554817275747506,903,-0.2767892531375227,,451.5,2,False,False,
volume_surge,137,15,7.0,50,210,4.5,-1.0,-1.373357810083549,-0.3143081982402487,-0.4848880628914088,0.6878276748567753,0.19499241274658574,1318,-0.42451685787295446,-3.282389098192905,-0.5350450093004228,-0.2529109263700773,0.4881587561591568,0.18275862068965518,290,-0.23458322437914836,,145.0,2,False,False,
volume_surge,138,25,4.5,35,300,3.5,-1.75,-1.5340490736949084,-0.2759572893875571,-0.36010136541697196,0.8075152428527026,0.3687973086627418,2378,-0.33311147608608793,-3.1306812539280306,-0.32072637993588987,-0.248109906908134,0.7361022477259445,0.3388888888888889,720,-0.20237088566178663,,360.0,2,False,False,
volume_surge,139,30,5.5,25,180,3.0,-2.25,-0.7058306876586026,-0.05160654550734754,-0.20112102530925532,0.9525590626180692,0.483265306122449,1225,-0.07425670871920864,-2.9808122415562863,-0.29747174493799944,-0.23679414465894538,0.6863769092833262,0.3858520900321543,311,-0.168492766338177,,155.5,3,False,False,
volume_surge,140,5,7.5,20,210,1.5,-1.0,-1.355415087075802,-0.6374011978169238,-0.6275054793287741,0.555767912778308,0.36673553719008267,1936,-0.6162919935924618,-2.717668376536547,-0.9295793360077106,-0.3439704216332403,0.3626887539167637,0.32926829268292684,410,-0.33748069202813635,,205.0,2,False,False,
volume_surge,141,30,3.0,20,150,4.5,-2.0,-0.08606964123253259,-0.0033565292496671143,-0.21154366758555102,1.0029025180039126,0.3740010655301012,1877,-0.009217812745918486,-2.50841273499753,-0.660425720162199,-0.37210150459179314,0.5081744525909722,0.2779552715654952,626,-0.33533476364385817,,313.0,2,False,False,
volume_surge,142,30,6.5,45,330,3.0,-2.75,-0.29280950313864806,-0.02028526275930737,-0.23427521131665532,0.9861068012726459,0.5273333333333333,1500,-0.03518041744939315,-1.7557061779924323,-0.08010367470850661,-0.2145090922072967,0.894238079647293,0.4669811320754717,424,-0.06878370509753118,,212.0,3,False,False,
volume_surge,143,10,4.0,20,210,2.0,-2.0,-1.4555851462373648,-0.37676895038726366,-0.441951443812526,0.7689908008839427,0.5073135925793792,2803,-0.40519277755419025,-2.5138640276376707,-0.7007694587861955,-0.37261432527228433,0.5407384578867624,0.4435590969455511,753,-0.3404351837496714,,376.5,3,False,False,
volume_surge,144,5,7.5,45,120,3.0,-3.0,0.4354708187787919,0.03267653884936837,-0.1997385498869047,1.0539590102361995,0.5716666666666667,600,0.04292859565244145,-2.981135957769443,-0.2511152575283765,-0.18458663563346525,0.6504590861037972,0.5,140,-0.11352559729412715,-6.845776638098417,70.0,3,False,False,
volume_surge,145,5,6.0,25,120,4.5,-2.75,1.7610829415028602,0.10793321274619343,-0.20601884039228868,1.1525317724536341,0.47511848341232227,844,0.1688321142103133,-2.8952248342812714,-0.2949529241841374,-0.23376777042603894,0.66809605762583,0.35064935064935066,231,-0.15660831202627223,-1.6440025430094538,115.5,3,False,False,
volume_surge,146,5,6.5,25,270,4.5,-1.25,-1.3097505640042213,-0.24659753688670194,-0.4044113675926426,0.8148564922718068,0.2439879759519038,1996,-0.3162495573450611,-2.675408247695799,-0.3705468363385266,-0.3237240475871615,0.5735131629796507,0.2037735849056604,530,-0.2615399656806747,,265.0,2,False,False,
volume_surge,147,15,3.0,5,180,4.5,-2.75,1.1200304543323143,0.08162225533010614,-0.19481275043878618,1.0735449227900327,0.4445012787723785,1955,0.10458405663672488,-2.787054178030545,-0.45945808483865364,-0.30372006793158296,0.6423701297412333,0.3562874251497006,668,-0.2461637532640476,-2.4883735681026606,334.0,3,False,False,
volume_surge,148,5,5.0,40,90,1.0,-2.5,-1.4776315309873413,-0.3302366503733139,-0.38061061205713925,0.6425289889578595,0.6923076923076923,1053,-0.3406542074062735,-3.512450986920807,-0.5474488112380588,-0.22728808244874787,0.44635202345767394,0.5992366412213741,262,-0.21450822142093817,,131.0,3,False,False,
volume_surge,149,10,8.0,50,180,1.5,-2.25,-1.430002428248591,-0.20626081987196723,-0.3025905582336319,0.7676683809005865,0.5834254143646409,905,-0.24850267433964746,-3.1002122007431367,-0.32905020270772056,-0.2014150655002221,0.6032697154950126,0.5482233502538071,197,-0.13728731406837513,,98.5,3,False,False,
volume_surge,150,5,6.0,35,330,2.5,-1.0,-1.2963582051330715,-0.7610069079377701,-0.6973251570769945,0.5932226457427974,0.27419354838709675,3286,-0.6930021497568497,-2.654441356858555,-0.7457959822218934,-0.3556321275867641,0.5706519646676002,0.2670391061452514,895,-0.35251562745420506,,447.5,2,False,False,
volume_surge,151,20,5.5,40,180,4.0,-2.0,0.28312056430518073,0.021383201702755934,-0.19493012666519186,1.0290294847849122,0.39901477832512317,1218,0.027442796088555266,-2.894528095067985,-0.4768013282433478,-0.29713824234832453,0.5420214333864787,0.28888888888888886,315,-0.25662758571698707,-10.223658963705374,157.5,2,False,False,
volume_surge,152,25,6.5,5,330,1.5,-2.25,-1.4740892629300353,-0.2771530975114114,-0.3931041667424208,0.7914035422899248,0.5925401322001889,2118,-0.35374294997791844,-3.115478169588421,-0.42313374778549895,-0.261429159670011,0.6574312768595032,0.5565862708719852,539,-0.2243262694581537,,269.5,3,False,False,
volume_surge,153,30,3.5,25,360,1.5,-2.5,-1.4275052994254527,-0.46231984767879697,-0.5140136720715692,0.7375024362900483,0.6012953367875647,3860,-0.4867153708617864,-2.6616318065650324,-0.426341037323374,-0.33605121064745935,0.7177448889300045,0.5770132916340891,1279,-0.2875620283523983,,639.5,3,False,False,
volume_surge,154,10,3.0,45,90,2.0,-3.0,-1.2537798886339773,-0.19268649393997586,-0.3328726279691162,0.8260676225690029,0.6189241736876215,1543,-0.23831864103166878,-2.9656743771002634,-0.4870187717938807,-0.27856724967860247,0.5772024573952589,0.525974025974026,462,-0.2318836180920285,,231.0,3,False,False,
volume_surge,155,20,5.5,60,330,4.5,-2.0,-1.3136684184206264,-0.16443021353400555,-0.300073546010729,0.8643671450384445,0.3507549361207898,1722,-0.22321309649116827,-2.761466959881446,-0.18688994169419712,-0.24787202731268057,0.7736487612904873,0.3179190751445087,519,-0.15966147358262617,,259.5,2,False,False,
volume_surge,156,5,3.5,25,180,4.5,-2.75,4.3436532139009465,0.21245435307893076,-0.1558867023408685,1.2101015102578352,0.46350974930362115,1795,0.29769582155479823,-2.849686254655489,-0.3765239254283454,-0.2734234026593812,0.6891723969746408,0.3670886075949367,632,-0.20367958176037326,-0.6560574968406016,316.0,3,False,False,
volume_surge,157,30,3.5,25,360,2.5,-1.5,-1.3649682934931093,-0.6824355859523173,-0.6293749036132933,0.6854161147987888,0.3685491723466407,4108,-0.6275103473987464,-2.1865203604342898,-0.692982048613203,-0.4446220800411126,0.611627515497286,0.36356821589205396,1334,-0.417319938094847,,667.0,3,False,False,
volume_surge,158,5,6.0,20,360,2.0,-2.0,-1.4680583034120451,-0.3712491277307943,-0.4460401657236219,0.7681601092637799,0.5011078286558346,2708,-0.41494847178842986,-2.851057683355616,-0.25203558131719567,-0.26670102122101563,0.7688045215471033,0.47736093143596375,773,-0.19381257678740893,,386.5,3,False,False,
volume_surge,159,10,2.5,5,120,3.0,-2.0,-1.3210180443689032,-0.26652008344425693,-0.3720865682508711,0.8334853757802835,0.4258527827648115,2785,-0.2888426029885951,-2.7691797411437817,-0.6438161574945365,-0.3308027965057853,0.601767437083318,0.37390350877192985,912,-0.3117483216494863,,456.0,3,False,False,
volume_surge,160,20,2.5,40,180,4.0,-2.0,-0.8027033999443671,-0.10539545786675523,-0.30497957358564326,0.932623338706385,0.3718051118210863,2504,-0.13194998224250232,-2.2563221677321454,-0.7559799132412384,-0.4248172344568314,0.5170554376278851,0.3025583982202447,899,-0.38116953573211054,,449.5,2,False,False,
volume_surge,161,25,6.0,40,270,1.5,-3.0,-1.408602312147644,-0.2163830556934435,-0.3424462718278363,0.8059839015025249,0.6609227348526959,1799,-0.28241290842420774,-2.6988995600964416,-0.26633758936226487,-0.23783789925612153,0.7267844622267207,0.6293103448275862,464,-0.143462121794394,,232.0,3,False,False,
volume_surge,162,20,7.5,30,330,3.0,-3.0,0.605152853434425,0.04452052884051807,-0.21499529791294458,1.0509248951693773,0.5656877897990726,1294,0.06358006975289832,-2.3773671105403125,-0.11095188558394561,-0.14752045824603477,0.8824879898000727,0.4697406340057637,347,-0.06304891132584334,-3.928539867321185,173.5,4,False,False,
volume_surge,163,5,3.5,55,330,1.0,-2.0,-1.3384592807286209,-0.7607909955770522,-0.6574694583997517,0.6039061963331116,0.6095833333333334,4800,-0.656486589330371,-2.309728792971469,-0.789429172041778,-0.42146068238046847,0.5145394371670102,0.5747877204441542,1531,-0.4214584185854334,,765.5,3,False,False,
volume_surge,164,25,2.0,15,270,5.0,-1.25,-1.4072740208590335,-0.47050853780976065,-0.4973818133683491,0.7616453647375377,0.22405153901216893,4191,-0.45484454734244395,-1.9669178010692971,-0.9750568547661737,-0.501613049584948,0.5085655155827516,0.18980667838312829,1707,-0.47829560241663616,,853.5,2,False,False,
volume_surge,165,15,3.0,50,240,4.5,-2.75,0.3878494537578281,0.03480741758613674,-0.2209146183773283,1.0339468049738652,0.4435564435564436,2002,0.0423004327823544,-2.561323610479036,-0.5018940939133066,-0.34768426764742816,0.6077801346037833,0.36134453781512604,714,-0.2836411135810357,-6.603911867511145,357.0,3,False,False,
volume_surge,166,20,4.5,35,210,3.5,-2.75,0.8342723570542442,0.06175984320171357,-0.2047311627264639,1.0641116569361238,0.5050761421319797,1576,0.08271312976753209,-2.6666257130453417,-0.19348847950422188,-0.20569613449086221,0.815042176160439,0.42543859649122806,456,-0.11300236038159939,-3.196349118483328,228.0,3,False,False,
volume_surge,167,10,4.5,35,270,3.0,-1.5,-1.4649723016304244,-0.4849611805292639,-0.5070358407940289,0.7107727534592856,0.34285714285714286,2730,-0.4955700661444413,-2.5895335355501774,-0.7798372296512597,-0.3667210522763499,0.5153089464526616,0.2958801498127341,801,-0.36278298059227565,,400.5,2,False,False,
volume_surge,168,25,2.0,40,90,3.5,-2.0,-1.105083727964929,-0.1585302964671065,-0.3011584761514304,0.8865302010214674,0.40497512437810945,2010,-0.1844907843232131,-2.4951231853332376,-0.7534137442733492,-0.3774196336199154,0.5152235787276854,0.29517241379310344,725,-0.34857993659057873,,362.5,2,False,False,
volume_surge,169,15,2.5,35,300,1.0,-1.0,-1.0706484622208823,-1.988526230760258,-0.9291206751164953,0.40995045895296184,0.40605478135511774,8324,-0.9291160991574148,-1.3408008975699635,-2.4651330266076523,-0.7457380279081479,0.29796211242688975,0.39128843338213765,2732,-0.7457380279081478,,1366.0,3,False,False,
volume_surge,170,20,5.0,5,150,5.0,-1.75,0.605121947538137,0.039711429413560775,-0.18723172397595675,1.0501622481057638,0.32891466445733225,1207,0.055578863347889085,-3.1852008290357983,-0.2593926964038387,-0.2115460946453361,0.7132185259010074,0.24012158054711247,329,-0.15543496521921474,-5.263733768035335,164.5,2,False,False,
volume_surge,171,25,8.0,40,360,4.5,-3.0,3.1269156852683024,0.13321865272942549,-0.1498464470935238,1.1572263574033965,0.48857142857142855,1050,0.21368979315902492,-2.2593815184745956,-0.10232925253714907,-0.16816685567654646,0.8717896617089281,0.40063091482649843,317,-0.06953735965009467,-0.7225591432219034,158.5,3,False,False,
volume_surge,172,10,4.0,45,120,3.0,-1.25,-1.4119625987989817,-0.4196589826147209,-0.5103168111902465,0.6610406338766904,0.2970760233918129,1710,-0.474035756073124,-3.0828179535389792,-0.7320333689941604,-0.29131813355163855,0.46356795072163376,0.2311111111111111,450,-0.2913181335516386,,225.0,2,False,False,
volume_surge,173,30,5.5,10,60,2.5,-2.5,0.7584332845545387,0.044779521822881,-0.1436874199945435,1.0999731068613572,0.5697211155378487,251,0.053512267579145734,-4.155960183345901,-0.1573552293476385,-0.08117016489364712,0.7142539141638082,0.49206349206349204,63,-0.0601646343708403,-5.47966481427154,31.5,4,False,False,
volume_surge,174,15,6.0,5,300,4.0,-2.75,1.3382058545223858,0.08056458842674696,-0.17728865440313468,1.0848269686364203,0.4768486523842433,1447,0.11325690789704335,-1.8122695040484682,-0.08426692701876812,-0.19830686693374516,0.8995888571127698,0.4258823529411765,425,-0.0649474448309989,-1.354253157631924,212.5,3,False,False,
volume_surge,175,10,2.5,40,90,2.0,-1.25,-1.3718645688607598,-0.6213260931581338,-0.5987359352364102,0.6399099755765542,0.37697952877558905,2589,-0.5802498545721821,-2.368548052665298,-1.0632781886170422,-0.4089847968498467,0.41090294827377144,0.3176470588235294,765,-0.40688714546507165,,382.5,2,False,False,
volume_surge,176,30,4.0,45,180,4.0,-1.25,-1.4237969958629335,-0.4085177277375715,-0.49372495124869825,0.698852109040099,0.2584325396825397,2016,-0.45760904184427,-2.4121985840739653,-0.8970635541172792,-0.4002854961486997,0.3991941058799245,0.2036036036036036,555,-0.3982958694902361,,277.5,2,False,False,
volume_surge,177,20,3.5,40,300,2.0,-1.5,-1.3483873210236326,-0.7560547159158132,-0.6479209415978028,0.6482032781451958,0.4058867177838239,4043,-0.6474463241577577,-2.340641359356875,-0.6979907950589392,-0.4140364059941296,0.5844183699479801,0.3919354838709677,1240,-0.40806697825284954,,620.0,3,False,False,
volume_surge,178,10,6.5,45,120,1.5,-2.0,-1.4036793549475974,-0.24686751774640614,-0.35162583351767884,0.7206304846217398,0.557919621749409,846,-0.29027973908818183,-4.01891737576086,-0.4236372268028557,-0.17177324385776924,0.5155342307396737,0.5029940119760479,167,-0.16203055404732525,,83.5,3,False,False,
volume_surge,179,20,4.5,45,180,1.0,-2.0,-1.4245096584068822,-0.5880387423517259,-0.5688726932972968,0.5716533298975877,0.6134529147982063,2230,-0.5673922914546621,-2.9677355582016225,-0.7660186125733517,-0.30565631674775506,0.45520288350421295,0.5531135531135531,546,-0.3011591186919136,,273.0,3,False,False,
volume_surge,180,30,4.0,50,330,4.5,-2.5,-0.5246927266485536,-0.04395938052287953,-0.23093503032657242,0.9658704197536057,0.4141465914915428,1951,-0.06302100646555397,-2.3333214079922757,-0.180001830006523,-0.29871798926014914,0.7967899299113452,0.37237237237237236,666,-0.16477450419362183,,333.0,3,False,False,
volume_surge,181,20,6.0,40,210,3.5,-1.0,-1.4314189775207944,-0.3667960702749183,-0.501214382430729,0.6829184445470804,0.23027469316189364,1711,-0.47110290310975167,-2.785210049104587,-0.8018554773966998,-0.3335744259342632,0.4000717797563113,0.18701298701298702,385,-0.32902246097097965,,192.5,2,False,False,
volume_surge,182,25,5.0,40,210,2.5,-2.25,-1.3196669594368344,-0.17299323424018395,-0.29023013745159854,0.8588046308518044,0.5014943215780036,1673,-0.21601481930845945,-2.834814162763125,-0.30538432623994205,-0.25264380438178424,0.7040909801167761,0.4449648711943794,427,-0.17297593142021428,,213.5,3,False,False,
volume_surge,183,25,5.0,20,240,1.0,-1.75,-1.3363189202014032,-0.7368436746968952,-0.655272703755298,0.5414121512141992,0.5816969247869581,2699,-0.650276843203266,-3.047431043098147,-0.6812185224933458,-0.29577618278520595,0.5204751620415198,0.553680981595092,652,-0.2948017358120195,,326.0,3,False,False,
volume_surge,184,30,5.5,60,240,4.0,-2.5,0.35722388646406666,0.02786929652703568,-0.1952190365844815,1.0345598971250771,0.4482758620689655,1276,0.03455758106566087,-2.6651860791704394,-0.15248428845650427,-0.18504088585863376,0.8294942306704746,0.384180790960452,354,-0.09740002241272894,-7.460828293290885,177.0,3,False,False,
volume_surge,185,20,2.0,15,300,3.5,-2.75,-0.7270945567124567,-0.0703382355983808,-0.21454479056239908,0.9619299264458433,0.47988413260379786,3107,-0.08192027436945681,-2.344500617445279,-0.5928823829391774,-0.4023368987499135,0.6170408317989283,0.40567484662576686,1304,-0.3512574769466187,,652.0,3,False,False,
volume_surge,186,20,2.5,45,270,1.0,-2.5,-1.36631357406239,-0.737674701880454,-0.6212716867338788,0.6132239365655486,0.6680277664352797,4898,-0.6141265024780957,-1.9636151450721042,-1.0692266763944671,-0.5028384360071473,0.4230250161607216,0.6207951070336392,1635,-0.4828152105360821,,817.5,3,False,False,
volume_surge,187,20,7.0,15,90,4.5,-2.0,0.13131205217790037,0.010877987381380006,-0.16509487111475935,1.0212835502687183,0.38133333333333336,375,0.010867383940975639,-3.474099856076962,-0.26576430111817806,-0.16045500356894954,0.5576740996143373,0.2875,80,-0.11566800726005744,-26.45682401924755,40.0,2,False,False,
volume_surge,188,15,6.5,60,240,1.5,-1.75,-1.441103318663233,-0.4122948839189032,-0.4985145290586146,0.6643237288880803,0.5081967213114754,1708,-0.47201227861411743,-3.1984369191615807,-0.5381756212140031,-0.2609748797825038,0.5404066206539606,0.47869674185463656,399,-0.23771762580685796,,199.5,3,False,False,
volume_surge,189,30,6.0,35,210,4.5,-1.0,-1.4494937037319662,-0.2767698097283883,-0.42739898420037026,0.7399059400871205,0.20601700457815567,1529,-0.38552376661234367,-3.0606231017439534,-0.5648667868859212,-0.28685535337632717,0.49924389235840794,0.17746478873239438,355,-0.2717970853384414,,177.5,2,False,False,
volume_surge,190,5,6.5,10,150,3.0,-2.25,-0.45761165682320964,-0.02964399494728121,-0.2104575480596813,0.9722362299948331,0.4842105263157895,1140,-0.04975468166182162,-3.0080266360543835,-0.4690429041841287,-0.270836792975882,0.5636447970115915,0.37373737373737376,297,-0.22445712086404856,,148.5,3,False,False,
volume_surge,191,30,2.5,35,90,1.5,-1.25,-1.3341755762066447,-0.7341694315187484,-0.6606972304179263,0.5767899586241056,0.4297205757832345,2362,-0.6586427655864988,-2.1649507662812524,-1.2386428809569705,-0.45350300489288464,0.3288908688748143,0.33578792341678937,679,-0.45350300489288464,,339.5,2,False,False,
volume_surge,192,10,7.5,25,60,1.0,-1.75,-1.7900777820187705,-0.24146850617750984,-0.18887423072866671,0.5987199878889953,0.6201550387596899,258,-0.18775846604125823,-5.722503199268897,-0.2335438727785895,-0.05278466652164489,0.4300568979920611,0.6176470588235294,34,-0.05278466652164493,,17.0,4,False,False,
volume_surge,193,5,4.0,30,210,4.0,-2.5,0.21342937395420827,0.019221083506673623,-0.19362043395133313,1.0213989334342541,0.4410860655737705,1952,0.02061696901160026,-2.779312556618391,-0.34272660291661416,-0.27241468966947086,0.7119372476729948,0.3717105263157895,608,-0.19217092957923843,-13.022165155273793,304.0,3,False,False,
volume_surge,194,10,6.0,35,330,2.0,-2.5,-1.4856101934339372,-0.22849522396928562,-0.3333151024349368,0.8275912872776958,0.5621797857475547,2147,-0.29141517891284885,-3.1472862552577734,-0.2649017673480977,-0.20011585582325667,0.7911075634445571,0.5387263339070568,581,-0.13916665724489408,,290.5,3,False,False,
volume_surge,195,10,2.5,50,240,2.5,-1.25,-1.3217011389773812,-0.804189717324994,-0.6635664732935475,0.6321635219086644,0.3202296819787986,4528,-0.6522429077144587,-1.8876751224407304,-1.2780488899191,-0.5257819002979067,0.4451179032853796,0.29030186255619783,1557,-0.5218926200073933,,778.5,2,False,False,
volume_surge,196,25,3.0,20,270,3.0,-1.25,-1.37590136989295,-0.6975455930502196,-0.6172765498641869,0.6674267866002161,0.29048780487804876,4100,-0.6147184172445919,-2.0577516001329674,-1.0133715973130133,-0.4791337677269309,0.48147366981943845,0.26402393418100223,1337,-0.47430243053182186,,668.5,2,False,False,
volume_surge,197,15,7.0,5,270,3.0,-1.0,-1.3617224726283506,-0.503489814837975,-0.6088658134165956,0.6096506803759353,0.24325699745547075,1965,-0.5894951065665464,-2.8123761266792395,-0.7646297744775247,-0.3299079206170891,0.4327314548649491,0.23690205011389523,439,-0.32725290434952914,,219.5,2,False,False,
volume_surge,198,10,2.5,40,210,3.0,-1.5,-1.4222229337682113,-0.5804611293286777,-0.5401551173333065,0.7128078296391476,0.3347802495930548,3686,-0.5213506216492498,-2.191772222061425,-0.9192480992356812,-0.44532225540273324,0.5209189663582148,0.29185867895545314,1302,-0.4303299707814777,,651.0,2,False,False,
volume_surge,199,30,4.0,40,180,2.5,-1.5,-1.4510089642432975,-0.47847086387015614,-0.5140024669446218,0.6773441188946864,0.3652416356877323,2152,-0.49857237789562914,-2.568862372135778,-0.7288288347565924,-0.367778339323891,0.4882889390035337,0.31958762886597936,582,-0.35386140102097385,,291.0,2,False,False,
