strategy,trial_id,p_vwap_deviation_pct,p_rebound_min_bars,p_entry_window_end_bar,p_take_profit_pct,p_stop_loss_pct,train_calmar,train_sharpe,train_mdd,train_profit_factor,train_win_rate,train_total_trades,train_total_return,test_calmar,test_sharpe,test_mdd,test_profit_factor,test_win_rate,test_total_trades,test_total_return,overfit_ratio,monthly_trades,gates_passed,gate_calmar_ok,pass_stage1,error
vwap_bounce,0,-2.7,1,180,2.5,-2.1,-1.3529471605004757,-0.34680504509824134,-0.539837901750775,0.6253868749620728,0.42436974789915966,476,-0.4834367578826284,-2.4622920043086385,-0.617373723684628,-0.38852761456437734,0.5228752198871268,0.3230769230769231,520,-0.37707071374574896,,260.0,2,False,False,
vwap_bounce,1,-2.4,2,360,5.0,-2.7,-0.7431546007234965,-0.04030216935617615,-0.23939583253921287,0.9552625839778605,0.4,830,-0.09401175428842012,-2.8419440121142587,-0.2943423022823938,-0.299917228857582,0.7511290119228161,0.3356353591160221,724,-0.2505777579276882,,362.0,2,False,False,
vwap_bounce,2,-0.30000000000000027,7,60,1.0,-2.7,-1.2823230640814163,-0.9126567679502413,-0.7145334173615472,0.5182215437466982,0.6853869796032411,3579,-0.7134599087076305,-2.234487776925967,-1.0638134328663686,-0.4375852565062847,0.4097568941152701,0.6254948535233571,1263,-0.4367480271877987,,631.5,3,False,False,
vwap_bounce,3,-2.1,4,300,1.0,-2.1,-1.2509689556691397,-0.5919428233749567,-0.7368274248899119,0.5592554042578078,0.6151358344113842,1546,-0.7230788178407427,-1.8202056297696196,-0.9760721795613784,-0.5463820449803384,0.48121852568305523,0.5686556434219986,1391,-0.5440358589257933,,695.5,3,False,False,
vwap_bounce,4,-0.6000000000000001,7,150,4.5,-1.8,-1.2337677466040813,-0.23642800249389373,-0.37977265639867486,0.8635196701977866,0.3200402144772118,2984,-0.2728211245062788,-2.2229739080715736,-0.9024975832010738,-0.4366147896282531,0.5365304146706503,0.24219810040705564,1474,-0.41241090929920476,,737.0,2,False,False,
vwap_bounce,5,-3.0,3,240,3.5,-1.8,-1.3342954508046627,-0.23527285040436532,-0.4742284983368052,0.7088130148272042,0.336322869955157,446,-0.39640164526063826,-2.423638980480469,-0.4854129718438661,-0.3825502378212731,0.6025863971252411,0.2684563758389262,596,-0.3263267368818463,,298.0,2,False,False,
vwap_bounce,6,-2.4,4,210,1.5,-2.7,-1.3773445720385629,-0.42556900620750254,-0.5851325201952388,0.5796346330352301,0.5835820895522388,670,-0.5623220623506178,-2.49697545420427,-0.6025108144268468,-0.3795149699150181,0.5576556007779018,0.5476190476190477,714,-0.3590357259412017,,357.0,3,False,False,
vwap_bounce,7,-1.2000000000000002,2,210,3.5,-1.8,-1.3045077733965436,-0.45679508750949027,-0.5850159858949239,0.7380884880097153,0.33584755855498216,2519,-0.5161094457555103,-2.018507020407567,-0.9429570853022468,-0.48898466872459634,0.5595747462357943,0.2843072882468812,1523,-0.4806036239367584,,761.5,2,False,False,
vwap_bounce,8,-3.0,8,300,1.5,-1.2000000000000002,-1.302489595056937,-0.570510918276678,-0.6865907418458729,0.5147389272615478,0.40898058252427183,824,-0.6777360097163301,-1.7692972758588321,-1.1224758628563782,-0.5628123718281555,0.4201888042793462,0.33185840707964603,1130,-0.5615955062972555,,565.0,2,False,False,
vwap_bounce,9,-2.7,9,180,3.5,-2.1,-1.3225083504997828,-0.22255533451990142,-0.46224375708552423,0.7254673187744541,0.3553530751708428,439,-0.3788924581706835,-2.4152583470328466,-0.5087689018296515,-0.3868167281461322,0.5509453329439451,0.2765072765072765,481,-0.33666348922672296,,240.5,2,False,False,
vwap_bounce,10,-2.7,1,360,2.5,-1.8,-1.301870476459102,-0.3464402420056124,-0.6200631795743514,0.6798308664669303,0.42692750287687,869,-0.5638167203812703,-2.37226619922266,-0.3944711030004744,-0.3978450901369023,0.6840876258819675,0.34953464322647365,967,-0.3521497509169097,,483.5,2,False,False,
vwap_bounce,11,-2.7,4,90,4.0,-1.8,-1.3462323430453431,-0.14312350866464207,-0.32611806297879586,0.7697582485774311,0.32087227414330216,321,-0.2527373426208648,-3.222996039932198,-0.3437709469069547,-0.24840659839816853,0.6509789144588275,0.29310344827586204,232,-0.21585103951482043,,116.0,2,False,False,
vwap_bounce,12,-0.8999999999999999,6,120,3.5,-1.5,-1.3018301071310094,-0.5451604666303531,-0.6128384221267225,0.7109469467555215,0.304289990023279,3007,-0.5531895920276181,-2.167577400508003,-0.9729699647440273,-0.45188988272892555,0.5482509163732188,0.2671601615074024,1486,-0.44357955288179507,,743.0,2,False,False,
vwap_bounce,13,-2.1,5,360,1.5,-2.4,-1.331417389295892,-0.3128730328669908,-0.569180909771788,0.7481046818537253,0.5909722222222222,1440,-0.5106409473384301,-2.3252153544344427,-0.44340999624748884,-0.4129602272639116,0.6888244356373238,0.5227454110135674,1253,-0.3850554823141672,,626.5,3,False,False,
vwap_bounce,14,-0.6000000000000001,4,120,4.5,-1.2000000000000002,-1.3614990928316262,-0.572805841206651,-0.5846457976450281,0.7192249032071691,0.2326086956521739,4140,-0.5511707185786356,-1.890104900532378,-1.2215375938667992,-0.5250913021478871,0.4794767489804515,0.18219895287958116,1910,-0.5216259045033641,,955.0,2,False,False,
vwap_bounce,15,-1.8,9,150,3.5,-3.0,-1.0166741958793164,-0.10416668062170698,-0.3132337006391702,0.9008344776754679,0.4737991266375546,916,-0.17569864911561728,-2.7506146793247064,-0.4600619065742023,-0.32571011388987287,0.6312725306943481,0.39829059829059826,585,-0.2890551571381408,,292.5,3,False,False,
vwap_bounce,16,-2.1,1,210,4.0,-1.8,-1.3650732717179994,-0.23606407020308195,-0.47465905611129633,0.7927620768705519,0.3081510934393638,1006,-0.40911022811935605,-2.113241015291585,-0.758615446105026,-0.46541865935001075,0.5270554423982993,0.24774774774774774,888,-0.4616784325059058,,444.0,2,False,False,
vwap_bounce,17,-2.7,4,330,3.5,-2.1,-1.2374590117880555,-0.14180761035000114,-0.41809426964995844,0.843281620778725,0.4019471488178025,719,-0.3072929501333538,-2.4571745873749826,-0.4191073590225276,-0.3739951639368281,0.6742965316331591,0.312751677852349,745,-0.3154115305290338,,372.5,2,False,False,
vwap_bounce,18,-0.8999999999999999,7,360,4.5,-2.4,-0.4276451842089419,-0.03826972264869655,-0.24066251225700105,0.9810882336493791,0.3983548766157462,2553,-0.053264075164309865,-2.3483367344674946,-0.4802305300063626,-0.39400991140039937,0.6878014669788485,0.3239917976760082,1463,-0.32371151422374056,,731.5,2,False,False,
vwap_bounce,19,-1.8,3,150,5.0,-1.8,-1.2586101728047898,-0.21530345692776054,-0.47031962848547554,0.8185020757906943,0.27485380116959063,1197,-0.36347948957792775,-2.417850872782928,-0.59194831610312,-0.3938538910002121,0.5981089621495393,0.22954822954822954,819,-0.3679427018544318,,409.5,2,False,False,
vwap_bounce,20,-0.30000000000000027,7,330,4.0,-1.5,-1.4210638616435398,-0.4686220121153485,-0.479420044420749,0.7939783912762145,0.296421765826805,4723,-0.4380086941982331,-1.8166370516455308,-1.1478686434008338,-0.546572925661822,0.5116682038209758,0.2312980186008896,2473,-0.5260245561905001,,1236.5,2,False,False,
vwap_bounce,21,-2.1,3,300,4.5,-2.7,-0.007359362553506421,0.004642920961435377,-0.2069336167980779,1.0070611117592347,0.4158512720156556,1022,-0.0007677831122511192,-2.553005070815628,-0.42917221422478946,-0.35720486178908706,0.68339016910546,0.34600262123197906,763,-0.3067737588857715,,381.5,2,False,False,
vwap_bounce,22,-3.0,2,120,2.0,-1.2000000000000002,-1.4291038722084897,-0.4283202322559929,-0.5063798635215065,0.5313609247087293,0.3592964824120603,398,-0.47700453923003294,-2.640869538319194,-0.7526864483313447,-0.35793761076770275,0.436781182230407,0.2978142076502732,366,-0.3547373054347178,,183.0,2,False,False,
vwap_bounce,23,-0.30000000000000027,2,240,4.0,-0.8999999999999999,-1.2034994180230874,-1.1930562642530014,-0.7918865438648746,0.5975443876947966,0.1817569388305039,7422,-0.7859001064706892,-1.4091531505954908,-2.0045328314058675,-0.7094415837292183,0.39927240744015796,0.1473656057769457,3739,-0.707494129746302,,1869.5,2,False,False,
vwap_bounce,24,-0.6000000000000001,5,300,1.0,-2.7,-1.283715985371341,-0.9412492614860251,-0.706126715194523,0.5877716738410785,0.6861733782979568,5041,-0.6970290813837181,-1.8095485828327478,-1.1754158256256886,-0.5498401229361971,0.48819619364383443,0.6337254901960784,2550,-0.5496919384788976,,1275.0,3,False,False,
vwap_bounce,25,-0.6000000000000001,5,360,3.5,-2.7,-1.1226935180487096,-0.1710933713286131,-0.30618546110949824,0.9056854346144846,0.47072758037225043,2955,-0.19126184763781384,-2.5593496916084755,-0.4977645106090764,-0.3576050680971148,0.7091114111446841,0.3989737010904426,1559,-0.3107436664555341,,779.5,3,False,False,
vwap_bounce,26,-1.8,7,120,4.5,-3.0,-0.1251446436778679,-0.003223314522372681,-0.2319430523722492,0.9980534180871902,0.44069912609238454,801,-0.014735262173010577,-3.0532162726044207,-0.2441637972113922,-0.22636501383806648,0.7783721851236682,0.38702928870292885,478,-0.1623569025294873,,239.0,3,False,False,
vwap_bounce,27,-1.8,9,120,5.0,-2.7,-0.07908639953170302,-0.00027100074372551566,-0.23072627490593767,1.0014402770551278,0.38613861386138615,808,-0.009238066132805978,-3.129799741010951,-0.3406512921544345,-0.25547662560238166,0.7043978866310181,0.3243801652892562,484,-0.21524578889935198,,242.0,2,False,False,
vwap_bounce,28,-1.8,9,330,2.5,-2.4,-1.3043858243470186,-0.2534172927825906,-0.4822306053584445,0.8212411908423635,0.49287925696594426,1615,-0.3933064051002719,-2.323275381838626,-0.5750654299715775,-0.4138268124233557,0.6291638954424075,0.416958041958042,1144,-0.3879185307908545,,572.0,3,False,False,
vwap_bounce,29,-1.5,3,300,5.0,-3.0,-0.6372272585951212,-0.054760172876172436,-0.2527906739538085,0.9574845456989604,0.42198100407055633,1474,-0.08471521055467457,-2.6076065010653178,-0.45706935263457477,-0.3494703010867412,0.6827557760031102,0.3519913885898816,929,-0.30598706191782177,,464.5,3,False,False,
vwap_bounce,30,-0.30000000000000027,6,270,1.0,-2.7,-1.2762467191431155,-1.0494854211242777,-0.7202930096769413,0.5567814527557476,0.6777859237536656,5456,-0.7186959392472506,-1.8143510887589476,-1.3295522421482178,-0.5483187084622161,0.4642121264974619,0.6276556093924711,2683,-0.5480935799975568,,1341.5,3,False,False,
vwap_bounce,31,-1.5,5,150,1.0,-2.1,-1.1776202280955554,-0.9462085740266722,-0.8203147132576085,0.44028206292817773,0.5969760166840459,1918,-0.8181185687127376,-1.8858166153761895,-1.102251057955619,-0.5265229404643633,0.4371817355343003,0.5504439063761097,1239,-0.5260354799566787,,619.5,3,False,False,
vwap_bounce,32,-0.30000000000000027,2,90,4.5,-2.7,-0.02004025596935522,0.0014768050887737744,-0.21792344407696024,1.0063419025902882,0.4287537218205019,2351,-0.0022033402801194812,-2.54527508566219,-0.6981303712986126,-0.36869886624235154,0.59582468140179,0.33493282149712095,1042,-0.34319889200325493,,521.0,2,False,False,
vwap_bounce,33,-0.6000000000000001,3,120,4.5,-2.4,-0.3319022880350645,-0.028901524475589097,-0.24075190796847298,0.9856253294944048,0.3989317995069844,2434,-0.04110169632072369,-3.009160120071198,-0.47083287113049604,-0.28047677948120253,0.7181484448961881,0.3292035398230089,1130,-0.2443363950176226,,565.0,2,False,False,
vwap_bounce,34,-1.8,9,330,4.0,-2.1,-1.2030217970035932,-0.18575439655668471,-0.42022560707961376,0.862306429327173,0.3734015345268542,1564,-0.2987844038042071,-2.2801438677649366,-0.579806719223981,-0.4220428441735093,0.6254799129147256,0.30604982206405695,1124,-0.3900568773392491,,562.0,2,False,False,
vwap_bounce,35,-0.6000000000000001,4,180,4.0,-1.5,-1.3915676256491434,-0.5022869038527291,-0.5249186856879746,0.7621590039496312,0.2874236252545825,3928,-0.4835214339932121,-1.9157561865644768,-1.1660143841096824,-0.5176772353503293,0.5041656951605877,0.22161354581673307,2008,-0.5148599573947181,,1004.0,2,False,False,
vwap_bounce,36,-0.8999999999999999,9,270,1.5,-2.1,-1.2803843562699004,-0.8115171565396382,-0.7018067736057312,0.6428225950291914,0.5489130434782609,3864,-0.6844176982569826,-1.7042251686238956,-1.3172289854453507,-0.5850585292298737,0.45787603274331334,0.482886216466235,2162,-0.5850585292298737,,1081.0,3,False,False,
vwap_bounce,37,-2.1,2,210,1.0,-2.1,-1.2332576421216066,-0.7255865680143588,-0.760944696263016,0.45347240425075147,0.5932932072227,1163,-0.7546184697004834,-1.9959931222674003,-0.9566618650488221,-0.49559516349954635,0.475818562037218,0.5691056910569106,1107,-0.49484428966064054,,553.5,3,False,False,
vwap_bounce,38,-0.30000000000000027,4,60,1.5,-3.0,-1.397949627206426,-0.4706667350957077,-0.5074193297982427,0.7303589947112541,0.65422965583789,3109,-0.4635142464020995,-2.6549747165910675,-0.6174911643042792,-0.35035867929438547,0.5895354596433514,0.5939914163090129,1165,-0.33062899326948925,,582.5,3,False,False,
vwap_bounce,39,-2.1,2,60,3.5,-2.7,-1.0204413736499403,-0.06207546374182744,-0.23206518500333737,0.9119828305916741,0.44396551724137934,464,-0.12732827855370732,-3.893727715309563,-0.21262989407816568,-0.16533980102914353,0.7633417925903333,0.3891625615763547,203,-0.14414446332754804,,101.5,3,False,False,
vwap_bounce,40,-0.6000000000000001,4,180,4.5,-2.1,-1.0457100069209169,-0.15104265394021743,-0.32486507644348994,0.9088096232164721,0.3578984485190409,2836,-0.18875790774765533,-2.4498983045114695,-0.6828847593791543,-0.3837920572451685,0.6405318474937243,0.27448275862068966,1450,-0.346150387578548,,725.0,2,False,False,
vwap_bounce,41,-0.6000000000000001,3,330,4.5,-2.1,-1.067952157706331,-0.16071356210736482,-0.3129743798106158,0.9129618686407888,0.3644654088050314,3180,-0.1853760356786358,-2.3936892719496705,-0.6026856824793745,-0.39511542451050696,0.6680228617434019,0.2927669345579793,1742,-0.3556601371792638,,871.0,2,False,False,
vwap_bounce,42,-0.8999999999999999,7,150,1.5,-2.7,-1.317995068257905,-0.6038771822890656,-0.6137445399670199,0.6715357089191547,0.6167557932263814,2805,-0.5657256869006697,-2.0330455573766946,-1.0747648098589109,-0.4856670764923487,0.4611502729852581,0.5300506879073136,1381,-0.4828283369442541,,690.5,3,False,False,
vwap_bounce,43,-1.2000000000000002,6,240,4.0,-0.8999999999999999,-1.1761368174244478,-0.9512987510372461,-0.815919521710197,0.5916855930195476,0.17292161520190025,4210,-0.8016274148136724,-1.5065900785507755,-1.56557382211989,-0.6632546450383304,0.42461227671539836,0.14729887291099883,2573,-0.6623022318593366,,1286.5,2,False,False,
vwap_bounce,44,-3.0,2,60,4.0,-1.5,-1.4993558530217894,-0.13997509621334014,-0.2537476969327801,0.7275204377514142,0.29207920792079206,202,-0.21438416743588562,-3.237392016116737,-0.2226296657649608,-0.1754700084526314,0.6788845494035732,0.25961538461538464,104,-0.11890369894947084,,52.0,2,False,False,
vwap_bounce,45,-2.7,4,150,2.5,-0.8999999999999999,-1.2631056099671183,-0.6978034789497325,-0.7206734057065282,0.45044890060502024,0.23055555555555557,720,-0.7033302422484358,-2.021369205701341,-0.9808695632367828,-0.48894613777837614,0.40498227402834736,0.1867043847241867,707,-0.48894613777837614,,353.5,2,False,False,
vwap_bounce,46,-2.4,7,120,3.0,-0.8999999999999999,-1.2859617415363946,-0.5618967792966745,-0.6886016440593051,0.517076163391696,0.21248499399759904,833,-0.6645417605878564,-2.1762669541690145,-0.8872101638909635,-0.45020470746350033,0.43006406941827663,0.19418960244648317,654,-0.4446470437903972,,327.0,2,False,False,
vwap_bounce,47,-2.1,2,270,5.0,-2.7,-0.5968165832179487,-0.032209165146579115,-0.22546920444448498,0.9692156985247193,0.3819148936170213,940,-0.0702451095065042,-2.6345081213459935,-0.39329052407014375,-0.3376009848312723,0.6993747095682971,0.3179271708683473,714,-0.2825412755411295,,357.0,2,False,False,
vwap_bounce,48,-3.0,9,60,1.5,-2.1,-1.4573796952935876,-0.14990653017820613,-0.19831438595220677,0.7005719003663619,0.5941176470588235,170,-0.15794390884109188,-4.226202067910457,-0.24964532797549296,-0.11891194885097653,0.6079006321520182,0.4880952380952381,84,-0.09993831017051191,,42.0,4,False,False,
vwap_bounce,49,-2.4,7,270,4.5,-2.1,-1.102302702866572,-0.0975346093511491,-0.34896379818116063,0.8961156181722089,0.343980343980344,814,-0.21707637295183313,-2.344644154454002,-0.4745634576348968,-0.3975851159956874,0.6382171097243832,0.2796271637816245,751,-0.3335599458862566,,375.5,2,False,False,
vwap_bounce,50,-1.2000000000000002,1,120,4.0,-3.0,-0.9673428488254385,-0.12305948812519849,-0.32356889882115136,0.9032879523403343,0.44940079893475365,1502,-0.17238049947803524,-3.0570746695833653,-0.37236436505259735,-0.2628549868997221,0.746716368510033,0.42287917737789205,778,-0.21761391266391905,,389.0,3,False,False,
vwap_bounce,51,-1.2000000000000002,5,270,3.0,-1.2000000000000002,-1.2156783304857655,-0.9083166462869933,-0.7769260093943307,0.6207232689654545,0.26644225789746245,3862,-0.7670865200000023,-1.546953870567302,-1.3964018400710796,-0.6457567598918621,0.4572822406835136,0.23211991434689508,2335,-0.6448236540545308,,1167.5,2,False,False,
vwap_bounce,52,-0.6000000000000001,8,120,2.5,-1.8,-1.33445382892607,-0.6122666736020584,-0.5963949094203476,0.7108224008431152,0.41447937698298243,3467,-0.5510229954083508,-2.2554273985121793,-0.9708218397648755,-0.43309057705204607,0.5439457878452937,0.3537675606641124,1566,-0.433090577052046,,783.0,3,False,False,
vwap_bounce,53,-2.1,1,330,5.0,-3.0,-0.3477858199872418,-0.013764923961885908,-0.19689442060384338,0.987707973355314,0.42176165803108806,965,-0.035117292825055824,-2.6525440603269463,-0.33016778566359284,-0.3266156005078001,0.7345093903658494,0.3542234332425068,734,-0.2617632585719164,,367.0,3,False,False,
vwap_bounce,54,-1.5,1,60,4.5,-2.4,-1.2983218189740457,-0.15999994207307566,-0.35722196329699557,0.8446999893998947,0.36469344608879495,946,-0.2695444946395237,-3.3640531823828055,-0.36492598785878466,-0.24762481738383904,0.6877301748046563,0.3310344827586207,435,-0.23654835116710593,,217.5,2,False,False,
vwap_bounce,55,-3.0,9,90,2.0,-2.7,-1.4539786703334328,-0.14128130560064986,-0.23921253394128358,0.7400459194637508,0.5555555555555556,207,-0.19378572546299588,-3.1192928986548663,-0.5249783815641644,-0.27819099440392375,0.4164709003124543,0.43356643356643354,143,-0.26293210539917156,,71.5,3,False,False,
vwap_bounce,56,-0.30000000000000027,2,360,2.5,-1.2000000000000002,-1.2053114405719123,-1.2704543007949698,-0.7926552104877987,0.6250900026170759,0.3132437619961612,7815,-0.7913946971158816,-1.4346101638981372,-1.453605016348495,-0.696795562423494,0.4800730112511445,0.25850673194614443,4085,-0.6962562747203639,,2042.5,2,False,False,
vwap_bounce,57,-2.7,10,150,1.0,-2.7,-1.400248575903646,-0.42695305225820346,-0.5388767191642018,0.47928619594856875,0.6497695852534562,434,-0.5073362505098271,-2.7024656390131745,-0.6521940297221812,-0.34713613081285377,0.4288214545334739,0.5639269406392694,438,-0.34269067893434224,,219.0,3,False,False,
vwap_bounce,58,-1.2000000000000002,10,330,5.0,-1.5,-1.3110035524361283,-0.32461048011503996,-0.4743705214127214,0.8099346492974651,0.2581419266369558,2917,-0.3874714417482177,-1.811743110259891,-0.9499431111322642,-0.5475158650903178,0.5198532999384908,0.20145495243424735,1787,-0.5167838772070887,,893.5,2,False,False,
vwap_bounce,59,-1.8,4,360,3.5,-2.1,-1.3249029486386148,-0.2675766007330675,-0.48284504063847594,0.8056486417386962,0.3949232585596222,1694,-0.4021957468216514,-2.4238094522862927,-0.49074614671417127,-0.3893403421537538,0.7050037852782436,0.3354890864995958,1237,-0.35196278023991046,,618.5,2,False,False,
vwap_bounce,60,-1.8,7,120,3.0,-0.8999999999999999,-1.1737331099586885,-0.7850857833844866,-0.8186193024838848,0.5363291897943439,0.2072387624051372,1713,-0.8046406761506022,-1.678812976567463,-1.3384737512121396,-0.594033616046374,0.3573950986920705,0.1733457595526561,1073,-0.589458204240236,,536.5,2,False,False,
vwap_bounce,61,-1.5,2,60,4.5,-2.7,-1.154015445553862,-0.1224006226911121,-0.3276150740764952,0.8759901405147335,0.3923766816143498,892,-0.2128613055738695,-3.4475699282571806,-0.3666085216277651,-0.2399976186994277,0.6854531902641956,0.3597122302158273,417,-0.23273154615716163,,208.5,3,False,False,
vwap_bounce,62,-2.7,9,150,5.0,-1.8,-1.273121453430474,-0.17062426410044645,-0.4260658738003952,0.7688874897355766,0.26139088729016785,417,-0.32565885888441737,-2.4002032514454306,-0.4635071761014326,-0.38266474294660985,0.561579429357347,0.22401847575057737,433,-0.3147784008701786,,216.5,2,False,False,
vwap_bounce,63,-2.4,6,90,2.5,-1.5,-1.4216507657933948,-0.4126828882791274,-0.5498358403682365,0.5546595364434066,0.3483992467043315,531,-0.5355600316917714,-2.669787492880409,-0.6937507256350524,-0.3519847923423031,0.46942070616555076,0.303951367781155,329,-0.34528411749655064,,164.5,2,False,False,
vwap_bounce,64,-1.8,3,270,5.0,-1.8,-1.283804901031717,-0.1812509529978366,-0.40164270418575865,0.8585205256131018,0.28462029355456286,1567,-0.3060328265159644,-2.1286419172295727,-0.68207079565246,-0.45671781865164546,0.5857311056159007,0.23605150214592274,1165,-0.41736245816592643,,582.5,2,False,False,
vwap_bounce,65,-0.30000000000000027,9,60,5.0,-1.8,-1.1073099710875929,-0.15402598706889561,-0.3152862329492298,0.8961348539572761,0.31518282988871227,2516,-0.19460203895520423,-2.5717590312350063,-0.6698593999025222,-0.3689398470065635,0.5390756961723595,0.2165543792107796,1039,-0.36124412245452564,,519.5,2,False,False,
vwap_bounce,66,-2.7,3,180,1.5,-2.7,-1.3713510688829076,-0.3492340115626158,-0.5280360355106195,0.5899638142243362,0.589010989010989,455,-0.4774371429078589,-2.732448728312446,-0.5265474459166579,-0.3376021389855827,0.5478213273160464,0.5,490,-0.31996667673966395,,245.0,3,False,False,
vwap_bounce,67,-0.6000000000000001,3,180,3.0,-2.1,-1.3811272470919371,-0.4751334760909713,-0.5100255834200694,0.7680406692348585,0.41785402733352717,3439,-0.4589414542177068,-2.174989444759443,-0.9684934139447354,-0.45117027825945005,0.5504006822222455,0.34,1650,-0.45117027825945,,825.0,2,False,False,
vwap_bounce,68,-1.5,4,360,3.0,-0.8999999999999999,-1.1394235273980042,-1.0222082284068919,-0.8583568251578567,0.5949893535923425,0.2221202386415787,4358,-0.8540125753455462,-1.3732805022464136,-1.369699106709608,-0.728051762505153,0.4538044880670492,0.1854259322613753,2923,-0.7273681115374604,,1461.5,2,False,False,
vwap_bounce,69,-1.8,1,90,4.0,-1.8,-1.381082149264586,-0.23549990786311278,-0.4559043799810169,0.7815796330651401,0.319672131147541,976,-0.39382307463226196,-2.30886350174228,-0.6995714994670152,-0.4207020772142251,0.5373454787265733,0.2513562386980108,553,-0.41472677754666465,,276.5,2,False,False,
vwap_bounce,70,-3.0,1,210,2.0,-1.8,-1.3663875301818782,-0.43745761474888595,-0.5701107217645194,0.5335234790870933,0.4186046511627907,430,-0.5326930260381022,-2.3687759874445704,-0.7084929099293926,-0.4075515196586372,0.49805608076140306,0.3548922056384743,603,-0.3978492145902235,,301.5,3,False,False,
vwap_bounce,71,-2.4,8,300,4.0,-3.0,-0.083843166849835,0.0019534149587910185,-0.17778501333878058,1.003326107399046,0.46963562753036436,741,-0.007540160746455915,-2.4050803032105974,-0.3957274355364256,-0.3760600977933101,0.6533456405780849,0.38621794871794873,624,-0.29818601477600915,,312.0,3,False,False,
vwap_bounce,72,-2.7,2,120,5.0,-3.0,-0.29355207495674274,-0.006244340561685903,-0.17216029484593773,0.9856528137637403,0.411371237458194,299,-0.02579710338657426,-0.3190030810778665,-0.0020169804973310516,-0.14293953883618837,0.9950844483336923,0.3861003861003861,259,-0.007012905054116891,,129.5,4,False,False,
vwap_bounce,73,-1.5,10,300,2.0,-1.2000000000000002,-1.1714875018191002,-0.8765474316687706,-0.8228599107125422,0.6136955996108988,0.3403190491085393,3197,-0.8126714403659014,-1.432614948938695,-1.6034971091603643,-0.6977690838706475,0.38130963664134654,0.29137010676156583,2248,-0.6968067767171127,,1124.0,2,False,False,
vwap_bounce,74,-2.4,1,180,3.5,-3.0,-1.3635227599880095,-0.1260474035012193,-0.31515238706841714,0.8458971471858158,0.45119705340699817,543,-0.24651060548647497,-2.720554142393392,-0.3566075715937899,-0.31280234188991873,0.6851739166992847,0.4025157232704403,477,-0.24954677939233427,,238.5,3,False,False,
vwap_bounce,75,-1.5,4,360,2.5,-2.7,-1.3681269659046593,-0.30621438044252514,-0.471196260571769,0.8005388515919611,0.5183194919394235,2047,-0.4063353857581492,-2.435308383992803,-0.4699417666433912,-0.3853091762165204,0.7066551481056386,0.46636432350718066,1323,-0.343048767530608,,661.5,3,False,False,
vwap_bounce,76,-1.5,9,240,2.0,-2.1,-1.3044723561718758,-0.5505223242106433,-0.6559638454692238,0.6751190391898179,0.47064935064935065,1925,-0.6230210605019928,-1.9444426106474098,-0.9564298799597024,-0.5095165328355256,0.5096960627571029,0.42419825072886297,1372,-0.5062817240530388,,686.0,3,False,False,
vwap_bounce,77,-2.4,3,240,1.0,-2.4,-1.2944268125516216,-0.6048559264568101,-0.6906404057747926,0.4836978239492929,0.6232876712328768,876,-0.6772849272180512,-2.28525444920434,-0.7573388316809437,-0.4264390496739975,0.5039978821906883,0.6018518518518519,972,-0.4250096824797458,,486.0,3,False,False,
vwap_bounce,78,-1.5,7,360,2.5,-1.8,-1.3498929454684172,-0.42048606499708874,-0.5767307347436393,0.7703743182712008,0.4182098765432099,2592,-0.5321951886863077,-2.000959087062106,-0.7186373535996716,-0.4937463273275719,0.6010137863802706,0.35686053077357427,1771,-0.48650416360586246,,885.5,3,False,False,
vwap_bounce,79,-2.4,2,240,1.0,-0.8999999999999999,-1.0737242408487722,-1.4081604398576322,-0.9259850829643667,0.29206435799934544,0.36153846153846153,1560,-0.9257248438174042,-1.3214138418903723,-1.7803075658866916,-0.7566998363250377,0.3152540810603407,0.36962750716332377,1745,-0.7560935097051459,,872.5,3,False,False,
vwap_bounce,80,-2.1,4,270,3.5,-1.8,-1.3929380020964457,-0.22641436109060573,-0.4557247141586309,0.8123022562753172,0.3436754176610978,1257,-0.3980899022945392,-2.104085942793386,-0.7547355190684141,-0.46647739299220686,0.5672520949548784,0.28334956183057447,1027,-0.4521390919279963,,513.5,2,False,False,
vwap_bounce,81,-2.1,4,60,2.5,-1.2000000000000002,-1.3584542651073082,-0.5047075189166859,-0.6210070691652292,0.5437398923949583,0.2996987951807229,664,-0.6074388440736116,-3.531728612875654,-0.42474910682307304,-0.2272431429743138,0.6297363048331954,0.3129496402877698,278,-0.2170108848637663,,139.0,2,False,False,
vwap_bounce,82,-1.5,5,90,3.0,-1.5,-1.3174633981208135,-0.523930182891332,-0.66199362613948,0.6365834390461816,0.316688567674113,1522,-0.645348773038734,-2.0012882662603,-1.009842336866001,-0.49373883643578914,0.45949440684494436,0.27629911280101394,789,-0.48745849213876646,,394.5,2,False,False,
vwap_bounce,83,-0.6000000000000001,7,360,5.0,-1.5,-1.2993198860441557,-0.2861830907217824,-0.3976346137713488,0.8552588949154103,0.26844106463878326,3945,-0.3067723662191485,-1.980321480946149,-0.7431785527063035,-0.496702913972899,0.5764459298891071,0.20556552962298025,2228,-0.4621216320778063,,1114.0,2,False,False,
vwap_bounce,84,-3.0,2,180,2.0,-1.8,-1.3877719480193738,-0.4024923416923379,-0.5326996341287007,0.5518924688317169,0.4264705882352941,408,-0.49209500257752903,-2.4327767266788185,-0.693009700930514,-0.3945263897695969,0.4809353705485557,0.30677290836653387,502,-0.38406495324864487,,251.0,2,False,False,
vwap_bounce,85,-3.0,2,330,4.0,-1.5,-1.3425444688237511,-0.155342341456257,-0.4184984027562331,0.8143191100893991,0.3054331864904552,681,-0.34023705568595963,-2.1194955132013167,-0.5535962692587248,-0.45607013220162673,0.5861901864899102,0.21921182266009853,812,-0.4011547434055819,,406.0,2,False,False,
vwap_bounce,86,-1.5,7,330,5.0,-2.7,-0.930066620694789,-0.09750549080635504,-0.2874433619789689,0.9267576065552833,0.3904881101376721,1598,-0.1451012176194677,-2.777570335295756,-0.35362940150657585,-0.3079341618429396,0.744081534497913,0.3389830508474576,1003,-0.25286341141407964,,501.5,2,False,False,
vwap_bounce,87,-1.2000000000000002,10,150,3.0,-3.0,-1.1269088640395262,-0.22224890472403797,-0.4233477912789376,0.8464039777718262,0.4984709480122324,1635,-0.2787220450117034,-2.56973987950914,-0.6175188680463145,-0.3648320390159148,0.6005359852632631,0.4257309941520468,855,-0.3417334508502704,,427.5,3,False,False,
vwap_bounce,88,-1.2000000000000002,1,300,5.0,-2.1,-1.0684347290495717,-0.1465407031913228,-0.3296970226697401,0.9038158716929704,0.33260584897424705,2291,-0.19656262010142078,-2.241708868807497,-0.6614825414458517,-0.4282773678039471,0.6286630591664141,0.27564102564102566,1404,-0.3847103478831482,,702.0,2,False,False,
vwap_bounce,89,-1.5,7,90,3.5,-1.5,-1.36786616145856,-0.4468464388387141,-0.5996747840244954,0.6786543417602718,0.2934256055363322,1445,-0.5789375315472991,-2.004071354021618,-0.968603495454081,-0.4924620137603589,0.438618495815945,0.24142480211081793,758,-0.4800623637621664,,379.0,2,False,False,
vwap_bounce,90,-2.7,5,300,3.0,-1.2000000000000002,-1.2883041709399505,-0.40365003890171347,-0.6623184943313659,0.6712104621414932,0.2842430484037075,971,-0.6198495957460652,-1.8505626977388736,-0.8220258490449368,-0.5351319193333041,0.5025658833458828,0.223963133640553,1085,-0.5028922055385833,,542.5,2,False,False,
vwap_bounce,91,-1.5,7,180,5.0,-2.4,-1.166109824984434,-0.16731633771520152,-0.3791062967892371,0.8644029381608531,0.3398643556895252,1327,-0.2547869288932134,-2.3760297645182473,-0.6374570915320267,-0.40256557797200715,0.5788879302688905,0.2865296803652968,876,-0.37672301939058406,,438.0,2,False,False,
vwap_bounce,92,-2.1,7,360,4.0,-2.4,-0.4227911144388505,-0.021835242068744022,-0.25756052052458667,0.9829971852700696,0.41716227697536107,1177,-0.05644783082598315,-2.4924935201525975,-0.37306788520135026,-0.36785291469608083,0.704048846205367,0.33872707659115425,927,-0.3127645730400498,,463.5,2,False,False,
vwap_bounce,93,-0.30000000000000027,10,180,4.0,-3.0,-0.5706642086796664,-0.05114378907130218,-0.22061555048359943,0.9673000232097498,0.4734133790737564,2332,-0.06556453895364012,-2.536982439332315,-0.5193240590805006,-0.3505827277339381,0.6674154049035362,0.3689236111111111,1152,-0.2825507532013406,,576.0,3,False,False,
vwap_bounce,94,-1.8,5,150,4.0,-1.5,-1.330897267872553,-0.42382922500178744,-0.6172507543919575,0.6933773092577197,0.2658875091307524,1369,-0.5803833821451423,-1.9876935908621458,-0.8595428197454359,-0.49613847032666014,0.4880220756177446,0.2148936170212766,940,-0.47562517470187127,,470.0,2,False,False,
vwap_bounce,95,-0.8999999999999999,8,270,2.5,-0.8999999999999999,-1.1049420627537085,-1.4463463617887335,-0.8941399238111288,0.5474801918042445,0.23519218651543794,6348,-0.8922384928254171,-1.3003049153551909,-2.0583961154630757,-0.7690030471643081,0.3605580462141505,0.19721115537848605,3514,-0.7682334921898206,,1757.0,2,False,False,
vwap_bounce,96,-2.4,2,180,5.0,-1.5,-1.4192246019132224,-0.26147148198288517,-0.4935210594643063,0.7198204695269022,0.23302263648468707,751,-0.45527024010312045,-2.4172049234781294,-0.5407495422231402,-0.39519797883475766,0.5928551168081305,0.18706047819971872,711,-0.37408942030078274,,355.5,2,False,False,
vwap_bounce,97,-2.7,4,360,3.0,-2.1,-1.1951842534577382,-0.14549483262157462,-0.43558106077990283,0.8511283785417401,0.4416775884665793,763,-0.3096296758733833,-2.49940202302163,-0.34351792529625647,-0.36123588540296114,0.7214994790951815,0.35102533172496986,829,-0.2964469924085559,,414.5,3,False,False,
vwap_bounce,98,-2.1,3,60,1.0,-2.1,-1.4150330080824096,-0.4832378742136006,-0.5756142805333849,0.46424007167652565,0.6038732394366197,568,-0.5721879859347614,-3.9409680448507207,-0.36611827262245705,-0.17993989357628432,0.6467617606587386,0.6294820717131474,251,-0.16990548464640098,,125.5,3,False,False,
vwap_bounce,99,-0.8999999999999999,10,90,4.5,-1.2000000000000002,-1.3124638214507622,-0.4270143137296006,-0.5669176440895974,0.7402955061910552,0.2381635581061693,2788,-0.49682232108430346,-1.6871856530621245,-1.3146908276727751,-0.590991526175423,0.3496221821730657,0.16143840856924255,1307,-0.5859387748038306,,653.5,2,False,False,
vwap_bounce,100,-0.30000000000000027,4,240,4.5,-1.2000000000000002,-1.3568171276488155,-0.6900366989887613,-0.6047369559849496,0.7101075828530151,0.22519745713735312,5191,-0.5792240834872981,-1.6879542460306016,-1.3992791729810115,-0.5907085586239298,0.48047789230784976,0.1793002915451895,2744,-0.5854344375931042,,1372.0,2,False,False,
vwap_bounce,101,-2.1,3,360,1.0,-2.7,-1.3107246263463335,-0.46753567551949593,-0.6641080610244092,0.6216705277001755,0.6804733727810651,1521,-0.6429944026345623,-2.1329811279016613,-0.6048537384911318,-0.4583449532508168,0.6203357455455272,0.6189047261815454,1333,-0.436222808895399,,666.5,3,False,False,
vwap_bounce,102,-1.2000000000000002,4,120,5.0,-0.8999999999999999,-1.2301555682455765,-0.7064604799587316,-0.7455173362007996,0.6126814352251445,0.15813060179257363,3124,-0.7149114754737003,-1.7142706025864958,-1.265763484365644,-0.5812869067097546,0.43980001599499224,0.1271981242672919,1706,-0.5734427447598176,,853.0,2,False,False,
vwap_bounce,103,-3.0,9,150,1.5,-0.8999999999999999,-1.3365135990957269,-0.7482459731769285,-0.6550969983739461,0.3728495100361817,0.3145869947275923,569,-0.6501248381739226,-1.8921059812127363,-1.190470248765507,-0.5247024894774541,0.2946098615027689,0.24476650563607086,621,-0.5247024894774541,,310.5,2,False,False,
vwap_bounce,104,-2.4,8,360,5.0,-1.5,-1.4109513169743126,-0.21833436291263042,-0.4586811062029409,0.7988339896712606,0.26252158894645944,1158,-0.4084612294280948,-2.0741118152271385,-0.5334242346910996,-0.4693528668325805,0.6060660604284984,0.21931407942238268,1108,-0.42155857118844475,,554.0,2,False,False,
vwap_bounce,105,-0.8999999999999999,10,300,4.0,-0.8999999999999999,-1.2272968212962136,-0.9291749552596155,-0.7538634028059945,0.6470872954598119,0.18915599227934726,5699,-0.7293296258470019,-1.4124403213054129,-1.7179387723650528,-0.7077841906004873,0.38568146857065533,0.1453287197231834,3179,-0.7061473631589184,,1589.5,2,False,False,
vwap_bounce,106,-2.4,8,270,3.0,-2.1,-1.2818744331907062,-0.15787846081948245,-0.4218103133396783,0.8395818621667536,0.41204250295159384,847,-0.3243782973014214,-2.2285448212225867,-0.5708976394108929,-0.43067060792221185,0.5868081401163705,0.33503184713375794,785,-0.38400521574781965,,392.5,2,False,False,
vwap_bounce,107,-1.8,9,270,2.5,-1.8,-1.3217396948420312,-0.4506654429396569,-0.6246602376725297,0.699718655749883,0.40401653868871823,1693,-0.5853176814363377,-1.8995132673378574,-0.9286365404580333,-0.52189620209825,0.5057849479176245,0.33410672853828305,1293,-0.5114325671595916,,646.5,2,False,False,
vwap_bounce,108,-0.8999999999999999,2,180,2.5,-1.8,-1.308215387456198,-0.7366774292683523,-0.6641457587233714,0.6634431281085099,0.3996519721577726,3448,-0.6407552730821913,-1.7987597241409552,-1.1761751090967159,-0.5532723790179187,0.4887468022558745,0.3309431880860452,1813,-0.5530177031118213,,906.5,2,False,False,
vwap_bounce,109,-1.5,6,300,1.5,-2.4,-1.3302658059845218,-0.5155381076309169,-0.6260119842298681,0.6964532297603119,0.5805884936319718,2277,-0.5939448362230311,-2.044618083184189,-0.8162819082081998,-0.4805049434512426,0.5776825793736808,0.5249679897567221,1562,-0.45643496995462995,,781.0,3,False,False,
vwap_bounce,110,-2.4,4,240,2.0,-2.1,-1.3237179145070106,-0.42971274522279457,-0.6266801847961284,0.6237100772178494,0.4591194968553459,795,-0.5900299547662422,-2.207042247841719,-0.7026060427345553,-0.4408830264681584,0.5476712369251663,0.4126794258373206,836,-0.42011164834248527,,418.0,3,False,False,
vwap_bounce,111,-2.7,7,240,3.5,-0.8999999999999999,-1.2196579735486286,-0.662276725245255,-0.7655962273120789,0.4985979744275042,0.1730981256890849,907,-0.7453968623715034,-1.7364089308009891,-1.024031442477405,-0.5735182410468814,0.3989636491642979,0.16071428571428573,1064,-0.5628564859703962,,532.0,2,False,False,
vwap_bounce,112,-1.2000000000000002,1,150,4.0,-1.2000000000000002,-1.252340314024238,-0.7027575491046846,-0.7233773411353656,0.646137496758364,0.22613065326633167,2985,-0.696130033408568,-1.7029083890905299,-1.209386364733091,-0.585455821350852,0.4670034345911284,0.18573996405032953,1669,-0.5830802884776082,,834.5,2,False,False,
vwap_bounce,113,-0.30000000000000027,1,330,4.0,-0.8999999999999999,-1.2228045111241124,-1.1768490505822002,-0.7741028552172157,0.6163417854942119,0.19294760367519245,8054,-0.7715360731749882,-1.377792432600668,-2.014779308393038,-0.7256558994729977,0.4085160002637572,0.1486649025739716,4157,-0.7238403674941701,,2078.5,2,False,False,
vwap_bounce,114,-3.0,6,180,4.0,-1.2000000000000002,-1.3582607152157766,-0.2890349936999951,-0.5114964026004679,0.6495433640050768,0.225531914893617,470,-0.45009702722378775,-2.2781630743964105,-0.6806065136405491,-0.42561169220152406,0.46721603528264105,0.1579861111111111,576,-0.4095280111933911,,288.0,2,False,False,
vwap_bounce,115,-0.6000000000000001,9,330,2.5,-0.8999999999999999,-1.129764309447741,-1.4954689128241547,-0.8693317857657212,0.571154684214,0.24778438751972806,8237,-0.8684764728426769,-1.276277625521323,-2.1548884148775582,-0.7834975246551371,0.3606472474203871,0.19503047351148617,4266,-0.7831168096787282,,2133.0,2,False,False,
vwap_bounce,116,-2.1,5,240,4.5,-3.0,-0.7295000505246703,-0.03981602862586584,-0.21964500672580886,0.9589768820361911,0.42661691542288555,804,-0.08424572454296175,-2.609497398013823,-0.3903589789260714,-0.3371893718104606,0.6869509242441946,0.35758513931888547,646,-0.2735532729083586,,323.0,3,False,False,
vwap_bounce,117,-1.2000000000000002,6,360,4.0,-2.4,-1.0565475703214422,-0.1644365411531983,-0.36805478112563433,0.8981064238364778,0.4082509669101848,2327,-0.2197764366519378,-2.487800311802084,-0.39643806927152697,-0.3645706035732339,0.7330364564122548,0.3485714285714286,1400,-0.3010137031531521,,700.0,2,False,False,
vwap_bounce,118,-0.8999999999999999,3,330,5.0,-3.0,1.252335445721478,0.0724026176405776,-0.15138752047822374,1.0602226790232256,0.4368213228035538,2026,0.09143398403358138,-2.6877073440292394,-0.3591049737524823,-0.3048924973581875,0.7586249574366367,0.3609154929577465,1136,-0.22750559938262205,-2.146156090376277,568.0,3,False,False,
vwap_bounce,119,-1.2000000000000002,10,330,1.0,-2.7,-1.2787323989905341,-0.7126072246364973,-0.708698759693746,0.598303429303519,0.6794748639129042,3123,-0.6966537089318647,-1.814492709083925,-1.076389084463752,-0.5482348864200743,0.4661633557079304,0.6200941915227629,1911,-0.5471159536192165,,955.5,3,False,False,
vwap_bounce,120,-1.2000000000000002,3,270,2.0,-3.0,-1.3189723088776237,-0.38722400800042034,-0.5139519312515747,0.7721310713117608,0.5879610004239084,2359,-0.43499687440433554,-2.279188186377725,-0.6218895009742494,-0.4184778748339622,0.643467826550839,0.5312954876273653,1374,-0.3709996242933017,,687.0,3,False,False,
vwap_bounce,121,-1.8,7,210,2.5,-0.8999999999999999,-1.1159641514344416,-1.0831758340039508,-0.8826675933794161,0.4789964197219649,0.222663139329806,2268,-0.8796524979158176,-1.4175380879256885,-1.6669041181215447,-0.7052319309313754,0.3406791013037735,0.18949771689497716,1752,-0.7047046928132878,,876.0,2,False,False,
vwap_bounce,122,-1.5,6,240,3.0,-1.2000000000000002,-1.2066682856306814,-0.8070763665694894,-0.784148022602899,0.6112119667182482,0.2568428946381702,2667,-0.7707401992728524,-1.616937348726249,-1.332745697536662,-0.6173695154469696,0.446772821837544,0.22580645161290322,1891,-0.6159843781813821,,945.5,2,False,False,
vwap_bounce,123,-1.8,2,270,1.0,-3.0,-1.314948059905867,-0.5537857575877702,-0.6630524871114464,0.5710772636072231,0.6951672862453532,1614,-0.6449676090473684,-2.204912938102111,-0.736315806398804,-0.4431989734495786,0.5500608951421937,0.6539984164687253,1263,-0.43461605919112956,,631.5,3,False,False,
vwap_bounce,124,-1.5,4,360,1.5,-3.0,-1.3725922810525666,-0.34677334493479484,-0.515513777082058,0.7686493276817508,0.6457399103139013,2230,-0.4618828184653666,-2.4524007317591554,-0.43142862701035845,-0.38092532488294456,0.7071487571621955,0.5834996673320026,1503,-0.33654062882488867,,751.5,3,False,False,
vwap_bounce,125,-3.0,4,150,1.0,-2.4,-1.4199557757412786,-0.4278375163382955,-0.5132860746128561,0.4522368154114894,0.6190476190476191,378,-0.4819629021875339,-3.059378600167326,-0.5680216944225359,-0.29406423152270483,0.48826260755826945,0.5292620865139949,393,-0.29297842122079853,,196.5,3,False,False,
vwap_bounce,126,-2.1,3,270,1.5,-2.1,-1.3052162973167603,-0.4511815088609841,-0.6546509090862366,0.6453935449960169,0.5379892555640828,1303,-0.621410879608733,-1.9703042388380592,-0.884513829796655,-0.5021866420197032,0.5212507958316174,0.4857389801210026,1157,-0.49666862769020514,,578.5,3,False,False,
vwap_bounce,127,-0.8999999999999999,5,210,2.0,-2.7,-1.3391573704484674,-0.5317831352892182,-0.5640305186077761,0.7210848156908168,0.5557522123893806,2825,-0.5081099851965012,-2.212063937803754,-0.8497747447987923,-0.4389670820408044,0.5910339820076921,0.4990240728692258,1537,-0.4137446069004288,,768.5,3,False,False,
vwap_bounce,128,-2.4,5,90,1.0,-1.8,-1.4001061387627116,-0.5432159453479878,-0.5839842722919328,0.43957455111789395,0.5670289855072463,552,-0.5758377489989014,-2.7818163896870076,-0.7339458985506718,-0.33506674438322037,0.43984511579109664,0.5306122448979592,343,-0.33340966891215595,,171.5,3,False,False,
vwap_bounce,129,-0.30000000000000027,7,240,2.5,-2.7,-1.4125508897003973,-0.35986821139060204,-0.40632752201172645,0.8149697448609053,0.5206003531489112,3398,-0.34948753187702286,-2.209918980390914,-0.7731757512461708,-0.4367006159604779,0.599798860022312,0.4454225352112676,1704,-0.3969990324344005,,852.0,3,False,False,
vwap_bounce,130,-0.30000000000000027,4,90,3.0,-2.7,-1.150289551416204,-0.19646441958380625,-0.34128996463054034,0.8849748133068365,0.5003581661891118,2792,-0.22217024642658723,-2.3311596845538136,-0.4424936078706691,-0.38408173815986607,0.6944503473841737,0.4110429447852761,1141,-0.28849291226365914,,570.5,3,False,False,
vwap_bounce,131,-0.30000000000000027,1,210,5.0,-1.2000000000000002,-1.3882691522162407,-0.6036610166574122,-0.5615912201772825,0.7333194007421923,0.21593417619907687,4983,-0.5333836017052618,-1.684520109833214,-1.4299366471461519,-0.5919887597420436,0.4601932364571416,0.16193399846508058,2606,-0.5882349238979813,,1303.0,2,False,False,
vwap_bounce,132,-1.5,2,300,3.5,-3.0,-1.1748728089887517,-0.17255531942095553,-0.3530366807780654,0.8750897285245679,0.47815533980582525,1648,-0.2366234978668833,-2.4639829510288873,-0.5458107691867778,-0.38403441451162323,0.6421833232164855,0.41932367149758454,1035,-0.3565068090873593,,517.5,3,False,False,
vwap_bounce,133,-1.2000000000000002,8,90,4.0,-1.5,-1.3166746782435386,-0.4216305059285535,-0.5825199962081279,0.7224187284702213,0.28102189781021897,1918,-0.5200704485987515,-1.9944135336117612,-0.9595428542437232,-0.49498589918382974,0.4591760837070242,0.22069693769799367,947,-0.4817424636856661,,473.5,2,False,False,
vwap_bounce,134,-0.8999999999999999,3,240,2.0,-1.8,-1.2690329615168736,-0.8244658929625003,-0.7148959033014793,0.6430428176464363,0.4440488301119023,3932,-0.6982727543106555,-1.6758783674179645,-1.3250902508688132,-0.5952047608293919,0.4743929477436402,0.38942088463292296,2193,-0.5946157435890456,,1096.5,3,False,False,
vwap_bounce,135,-0.30000000000000027,9,270,4.5,-1.2000000000000002,-1.3594290419906903,-0.6234522135543477,-0.5730699996521699,0.7244540351978541,0.22982456140350876,5130,-0.532752511599626,-1.6245647242764545,-1.4029108956685112,-0.6143163191146241,0.4360637950900339,0.1759158505622053,2757,-0.6081471672112143,,1378.5,2,False,False,
vwap_bounce,136,-0.30000000000000027,5,210,2.5,-2.7,-1.3705117903227164,-0.37235803746536106,-0.4221848837355941,0.8120928254793909,0.5223969148620587,3371,-0.3530762486659069,-2.33403837842134,-0.7737241550337594,-0.41151214251759916,0.6197928468795785,0.45524599881446354,1687,-0.3856718797144679,,843.5,3,False,False,
vwap_bounce,137,-1.8,8,150,4.5,-1.2000000000000002,-1.2779125439270145,-0.4398151174348216,-0.6537861630443084,0.6999577593016896,0.21152586771447282,1527,-0.597285691896859,-1.8501584543561316,-0.9887588080845924,-0.5365920203150363,0.43024489265986077,0.16104146576663453,1037,-0.5245787155156898,,518.5,2,False,False,
vwap_bounce,138,-1.5,1,270,3.5,-2.4,-1.322553058629283,-0.22847814483241102,-0.3998716675755277,0.844016200214817,0.41482300884955753,1808,-0.31564425882472114,-2.2766658457664435,-0.6485808399488873,-0.42516100956453784,0.6220140778424,0.3644859813084112,1177,-0.4047638829237644,,588.5,3,False,False,
vwap_bounce,139,-0.8999999999999999,4,210,3.0,-1.5,-1.2655519837890474,-0.80478843156339,-0.7078206412281434,0.6550118901344988,0.31768761601697165,3771,-0.6800585568955482,-1.8179586832250871,-1.2319147235573429,-0.547121744739181,0.5064365467036857,0.2748091603053435,2096,-0.5455200876431034,,1048.0,2,False,False,
vwap_bounce,140,-1.8,10,180,5.0,-3.0,-0.5052807020258677,-0.035358967896771454,-0.26708985488852993,0.96365380900703,0.40635641316685583,881,-0.07045714862303154,-2.6898472652216894,-0.43094470996591805,-0.3273772246424015,0.6537357867138129,0.3158756137479542,611,-0.274193251546877,,305.5,2,False,False,
vwap_bounce,141,-0.6000000000000001,4,90,2.5,-1.2000000000000002,-1.2052088037882316,-1.098421719632909,-0.7903247221435894,0.5678372293214554,0.3098220171390903,4551,-0.7846888611495023,-1.6144612475295985,-1.4917489923191387,-0.6183416887376572,0.4164383288593851,0.2610759493670886,1896,-0.6173485426952634,,948.0,2,False,False,
vwap_bounce,142,-0.8999999999999999,9,150,4.5,-0.8999999999999999,-1.228295177864966,-0.8477754989040972,-0.7510370522970905,0.6172167924386985,0.17355181167782138,4333,-0.7244141576990021,-1.5186356742125524,-1.4992416732956244,-0.6579194931536543,0.3690618413397813,0.12602858380251192,2309,-0.6550621634064231,,1154.5,2,False,False,
vwap_bounce,143,-0.8999999999999999,1,90,3.0,-2.1,-1.3569816394379448,-0.4030186849350936,-0.5204792692629032,0.7633364978839655,0.4152677857713829,2502,-0.4606697500258635,-2.3729357381320604,-0.8287684686443489,-0.4077399922887156,0.57057247702749,0.3695652173913043,1104,-0.40362532248701044,,552.0,3,False,False,
vwap_bounce,144,-1.2000000000000002,4,180,3.5,-0.8999999999999999,-1.155435758190701,-1.0502360486913933,-0.8398597409642865,0.5557807680119659,0.18902439024390244,3936,-0.8303514520028217,-1.475787284345547,-1.5497777946786637,-0.6772156717486278,0.40762690767569537,0.15262252794496992,2326,-0.675486426999153,,1163.0,2,False,False,
vwap_bounce,145,-0.6000000000000001,9,210,4.0,-1.5,-1.3329415317093605,-0.493951273206567,-0.5404710014138718,0.7660423766762504,0.28582656536547024,3817,-0.47391055821048345,-1.862507077070601,-1.110843595502596,-0.5332109180421307,0.48592003376562404,0.2220029600394672,2027,-0.527909068499207,,1013.5,2,False,False,
vwap_bounce,146,-1.5,8,180,3.0,-1.8,-1.3288957530570389,-0.42227067949091185,-0.5807503117640589,0.738498440215229,0.3596340766152087,1749,-0.5250443554821731,-2.0327688931236207,-0.9181112870457645,-0.4858166566986972,0.4985171872498479,0.29304347826086957,1150,-0.48388329523053597,,575.0,2,False,False,
vwap_bounce,147,-2.1,2,150,3.5,-2.7,-1.2102256020346172,-0.10441504319282008,-0.2940223375812056,0.8860312756767079,0.43593130779392336,757,-0.19879957454715402,-2.9141602391779418,-0.3999716295593247,-0.3019164675159498,0.6797570443495394,0.37218045112781956,532,-0.27349689856716397,,266.0,3,False,False,
vwap_bounce,148,-0.6000000000000001,3,150,2.5,-0.8999999999999999,-1.1041345293451068,-1.5977529843018232,-0.8951265946208349,0.5140017880337489,0.24036912260143548,6827,-0.8939100996037037,-1.3396945463415795,-2.0187223391123617,-0.7463550613807407,0.3611583979340067,0.19469026548672566,3164,-0.7462763969734596,,1582.0,2,False,False,
vwap_bounce,149,-1.8,10,300,3.0,-2.7,-1.1148619679672223,-0.13336800954979164,-0.34611114134134024,0.8972589790603522,0.48156342182890854,1356,-0.2178477618163538,-2.40089328612959,-0.5629655518465062,-0.3970743163712384,0.611424807498122,0.410201912858661,941,-0.3700659898998424,,470.5,3,False,False,
vwap_bounce,150,-2.1,5,150,3.5,-2.4,-1.2457936357128303,-0.1272130476399993,-0.3354430746788802,0.8709845462967563,0.41168996188055906,787,-0.23867701846724232,-2.8002495651641803,-0.42192077682125895,-0.31758211930288377,0.6585430702327789,0.34759358288770054,561,-0.28244021291575105,,280.5,2,False,False,
vwap_bounce,151,-1.8,1,300,2.0,-1.8,-1.2721644108502328,-0.54747957022513,-0.6986331647418059,0.660700789133777,0.4405737704918033,1952,-0.6693916337470309,-1.821971198808502,-0.9768202333490192,-0.5456650216650034,0.520536976471147,0.3832214765100671,1490,-0.539851988283297,,745.0,3,False,False,
vwap_bounce,152,-3.0,1,300,3.0,-2.4,-1.1138483676672795,-0.08831847990269942,-0.3163801371607,0.8842290782781087,0.4641434262948207,502,-0.19664998363181085,-2.347524833205145,-0.4520378747366063,-0.39565766516087425,0.6274403068208505,0.3516295025728988,583,-0.3286540523773016,,291.5,3,False,False,
vwap_bounce,153,-0.8999999999999999,2,60,3.0,-0.8999999999999999,-1.1202620959762892,-1.1325720156939885,-0.8778571948491956,0.5075883799923477,0.21548821548821548,3564,-0.8733534947005217,-1.7655171560454845,-1.3005241662002316,-0.5638848133654738,0.43440425440634906,0.1956521739130435,1426,-0.558009986168605,,713.0,2,False,False,
vwap_bounce,154,-0.8999999999999999,8,210,2.0,-3.0,-1.3427112736068818,-0.4658515959448111,-0.519951568938216,0.7330411405998511,0.5825849277625927,2561,-0.453191803773743,-2.0913625227071044,-0.915753812605951,-0.4694631861859981,0.5102970238145101,0.5110477548111191,1403,-0.45353035426453825,,701.5,3,False,False,
vwap_bounce,155,-1.8,8,90,1.5,-1.2000000000000002,-1.1764818157723052,-0.9149720488808818,-0.8207455460983752,0.43935717779495975,0.3826086956521739,1265,-0.8169703414025105,-1.8767911005591889,-1.1661830035821075,-0.529057598003713,0.38310873690302005,0.3333333333333333,681,-0.5260848179006512,,340.5,2,False,False,
vwap_bounce,156,-0.8999999999999999,2,330,1.0,-2.4,-1.210369893419494,-0.9878546078494558,-0.7828680232244127,0.5808387490807635,0.6563094483195941,4731,-0.7736653143690952,-1.68336208685778,-1.3149140260338104,-0.5925064673106203,0.48324795295321543,0.5969407265774379,2615,-0.5925064673106204,,1307.5,3,False,False,
vwap_bounce,157,-2.4,10,180,1.5,-2.1,-1.3533971071677033,-0.4998270742899949,-0.6093323400576812,0.5378251912549253,0.5264705882352941,680,-0.5841571288805814,-2.175545306665388,-0.8414528037083833,-0.45101089760029367,0.43517947377837013,0.4335766423357664,685,-0.4507467635011224,,342.5,3,False,False,
vwap_bounce,158,-2.7,9,240,2.5,-1.2000000000000002,-1.2497436790336787,-0.6457994316234744,-0.7314201324363893,0.4995804527572476,0.27947019867549666,755,-0.7097329318275234,-1.8451619139716513,-1.0306179311785475,-0.5386252311835906,0.41006498078529774,0.2462526766595289,934,-0.5359462500839657,,467.0,2,False,False,
vwap_bounce,159,-0.8999999999999999,8,180,4.0,-1.8,-1.207406611297559,-0.26580632082764744,-0.44446111281691264,0.845160328088402,0.3328514636790748,2767,-0.32137312734807055,-1.9992858933645918,-0.9522443582410859,-0.493083302796237,0.505628165390014,0.25232403718459495,1506,-0.47360719276603924,,753.0,2,False,False,
vwap_bounce,160,-0.30000000000000027,10,60,1.5,-2.1,-1.3550769708570294,-0.6995300104076142,-0.6279257527691781,0.6443470869574988,0.567287784679089,3381,-0.6167545685418112,-2.2756670953117926,-0.9313368636196518,-0.42845488666847303,0.4651680404553932,0.4806265457543281,1213,-0.42672195356286335,,606.5,3,False,False,
vwap_bounce,161,-2.1,5,360,1.5,-2.4,-1.331417389295892,-0.3128730328669908,-0.569180909771788,0.7481046818537253,0.5909722222222222,1440,-0.5106409473384301,-2.3252153544344427,-0.44340999624748884,-0.4129602272639116,0.6888244356373238,0.5227454110135674,1253,-0.3850554823141672,,626.5,3,False,False,
vwap_bounce,162,-2.1,3,300,1.5,-2.4,-1.3662032912341806,-0.34229732579623284,-0.5600257236265016,0.7220994553776522,0.5863117870722433,1315,-0.5181225108939544,-2.154834294786044,-0.7131372220685043,-0.45424104844073177,0.5677306252950112,0.5304114490161002,1118,-0.44078575272397347,,559.0,3,False,False,
vwap_bounce,163,-3.0,7,270,4.5,-1.8,-1.324987913850935,-0.15276635773910707,-0.3915998691362853,0.8069664486118083,0.3033932135728543,501,-0.30837196773008824,-2.2494592647930767,-0.5301836900741593,-0.42228003039078654,0.5687625127389996,0.2288961038961039,616,-0.36329021095312564,,308.0,2,False,False,
vwap_bounce,164,-3.0,4,180,3.0,-0.8999999999999999,-1.3099913676329922,-0.5115206758420725,-0.6434726413398908,0.5233052420871865,0.21680672268907564,595,-0.6065971007393094,-2.051213311964731,-0.8760715455736656,-0.4805995760373879,0.4168802092646502,0.14630681818181818,704,-0.4735946401654495,,352.0,2,False,False,
vwap_bounce,165,-2.7,4,180,2.5,-1.2000000000000002,-1.3094405803129419,-0.5472350918252742,-0.6573043260782206,0.526970924441948,0.29675425038639874,647,-0.6296801146530351,-1.9881036470071778,-0.941378239288859,-0.49758536843651197,0.41630001794561067,0.21448467966573817,718,-0.495174757517312,,359.0,2,False,False,
vwap_bounce,166,-2.7,9,150,2.0,-1.8,-1.362143179957951,-0.4430750504082971,-0.5702802074293851,0.5341105375819852,0.41885964912280704,456,-0.5303662313736133,-2.5295807606160734,-0.6424322409387642,-0.37280036740739236,0.4871253615205753,0.34782608695652173,460,-0.3508262992679826,,230.0,2,False,False,
vwap_bounce,167,-2.4,2,60,2.0,-1.8,-1.4672947445923965,-0.3496643385753621,-0.47127952737412354,0.5669092838652122,0.43544303797468353,395,-0.44716366298614885,-3.3583326167691827,-0.31723419246950185,-0.2067193263707681,0.6556129142915922,0.45454545454545453,176,-0.16362637101153832,,88.0,3,False,False,
vwap_bounce,168,-0.30000000000000027,10,180,4.5,-2.7,-0.5663250002823318,-0.05165771930412621,-0.22225470963364524,0.9667037243040472,0.42760372565622357,2362,-0.06554891520839567,-2.489734756216439,-0.5612762816853697,-0.3669044214708199,0.6483678891158589,0.3225538971807628,1206,-0.3086263906776836,,603.0,2,False,False,
vwap_bounce,169,-0.8999999999999999,5,240,3.0,-0.8999999999999999,-1.1185486438410641,-1.397647566558861,-0.8803496368702526,0.5323069962095912,0.20562510718573143,5831,-0.8783972812705033,-1.3397004697561798,-2.04976599335469,-0.7463493015569839,0.38342690669229595,0.1746177370030581,3270,-0.7451663643679964,,1635.0,2,False,False,
vwap_bounce,170,-0.8999999999999999,2,330,1.0,-1.2000000000000002,-1.0376661231856297,-1.901440905745913,-0.9622554683109515,0.4363967647573202,0.462590616878676,7311,-0.9622554683109517,-1.1707404216796322,-2.661773111191804,-0.8541578722257233,0.32288381182651693,0.418609967992684,4374,-0.8541578722257233,,2187.0,3,False,False,
vwap_bounce,171,-1.5,10,180,1.0,-2.7,-1.2808470073201628,-0.717111510703019,-0.7116506871344558,0.512768115739204,0.6654950205038078,1707,-0.705385495665438,-2.1223129456856693,-0.9257987050618124,-0.4634727822112223,0.4395626761043543,0.6085814360770578,1142,-0.46213568329826205,,571.0,3,False,False,
vwap_bounce,172,-2.1,10,330,1.0,-1.8,-1.2013064665359983,-0.6932979662754218,-0.791121175311118,0.5298545242342625,0.5794663573085846,1724,-0.7798813211821765,-1.596927121829132,-1.197267057722842,-0.6252634948188892,0.4281174842314054,0.5202492211838006,1605,-0.6248868312370449,,802.5,3,False,False,
vwap_bounce,173,-0.30000000000000027,1,120,4.5,-0.8999999999999999,-1.264010775486811,-0.9185342297338067,-0.7250722750416982,0.6270724866793898,0.1777526638682596,6194,-0.7138680234361423,-1.5417874674452305,-1.7383124978959927,-0.647921084936781,0.4048054850350575,0.1339443073669369,2837,-0.6448590327913315,,1418.5,2,False,False,
vwap_bounce,174,-1.8,3,330,4.0,-0.8999999999999999,-1.1914195437159503,-0.7433433266077767,-0.8015462844776807,0.6225902518160266,0.18766233766233767,3080,-0.7904106146195545,-1.4804503503319624,-1.3580551508186336,-0.6750385874442798,0.42807147564897596,0.1528162511542013,2166,-0.6701790772975187,,1083.0,2,False,False,
vwap_bounce,175,-2.7,8,210,4.0,-1.5,-1.382072273910635,-0.2993089387537703,-0.5264084731205314,0.6596727934240408,0.25806451612903225,558,-0.48070410722250734,-2.1547276929036028,-0.6582087410117374,-0.4502790277989744,0.49427698538271847,0.21897810218978103,685,-0.4113482782079443,,342.5,2,False,False,
vwap_bounce,176,-1.5,2,120,3.5,-1.2000000000000002,-1.275948784648945,-0.613223272761705,-0.7128845727800235,0.6380292481932802,0.24594195769798327,2033,-0.7021950945296866,-1.871542577192407,-1.0563440659589274,-0.5306633058606747,0.4839000140546574,0.2205761316872428,1215,-0.5284257785265797,,607.5,2,False,False,
vwap_bounce,177,-0.8999999999999999,5,360,4.0,-3.0,0.2002051488794025,0.016770499225128927,-0.17448143120408383,1.0170002049154174,0.4759825327510917,2290,0.017454738513145385,-2.5825470220455364,-0.3207938482121563,-0.312833706279451,0.7834882356163791,0.40717628705148207,1282,-0.22024560495520795,-12.899503516771112,641.0,3,False,False,
vwap_bounce,178,-0.8999999999999999,2,210,3.0,-1.5,-1.2657683156978512,-0.8148639500694287,-0.7112256118440402,0.6556821756223754,0.31776913099870296,3855,-0.687038577304607,-1.760017677182359,-1.2823830154081262,-0.5658781870828851,0.4913787032461324,0.27405660377358493,2120,-0.5643591543930789,,1060.0,2,False,False,
vwap_bounce,179,-2.7,7,300,1.0,-0.8999999999999999,-1.0920553980053866,-1.28089150920155,-0.9072066521813152,0.31868757162531364,0.38865836791147995,1446,-0.9054393277835279,-1.3132537681947378,-1.8336225864983104,-0.7614106322334185,0.31137120269369084,0.34775280898876404,1780,-0.7614106322334186,,890.0,2,False,False,
vwap_bounce,180,-1.2000000000000002,1,150,5.0,-1.5,-1.2903856278094958,-0.3905058014352774,-0.5614024955389929,0.7552554559973234,0.2423608204269569,2389,-0.47772640160174673,-2.1221345130291316,-0.8858104379464437,-0.4625047550223841,0.550123079745304,0.1985239852398524,1355,-0.4520889678830421,,677.5,2,False,False,
vwap_bounce,181,-0.30000000000000027,8,360,4.5,-3.0,1.1127875132949474,0.07016168120167963,-0.15809458694052714,1.055581797747408,0.46153846153846156,2418,0.08509864949053814,-2.594224254106044,-0.39106573813803946,-0.3345658906066273,0.7330912232227457,0.36838180462341535,1341,-0.263083272087114,-2.3312844753483835,670.5,3,False,False,
vwap_bounce,182,-2.1,5,300,2.0,-1.8,-1.299635268116732,-0.36428290193383234,-0.6187329618186792,0.7271776620339515,0.453027139874739,1437,-0.5602787406447449,-1.945037800241971,-0.8482017228199936,-0.5095037044680218,0.5368685559106288,0.3841714756801319,1213,-0.5085448337735293,,606.5,3,False,False,
vwap_bounce,183,-0.8999999999999999,8,90,1.0,-2.1,-1.200100137707397,-0.9252541832524293,-0.7951252997300712,0.5061062489627444,0.631452167928424,2906,-0.7886630727808247,-1.8574391831003894,-1.2357602047855196,-0.5350210159488107,0.3713778753993595,0.5581203627370157,1213,-0.5350210159488107,,606.5,3,False,False,
vwap_bounce,184,-2.4,5,300,1.0,-1.2000000000000002,-1.125211255829931,-0.9955230985309208,-0.873357043653894,0.4047854132885883,0.46642020948860136,1623,-0.8706132709320702,-1.4271075755892189,-1.5696270533230423,-0.7004778035926087,0.3738115909654752,0.42955326460481097,1746,-0.6997313664419422,,873.0,3,False,False,
vwap_bounce,185,-2.7,4,90,4.5,-2.7,-0.47011644495286203,-0.015992584205811167,-0.18029647461276335,0.966585985285546,0.3969465648854962,262,-0.04365459276840222,-2.528002319670896,-0.11044002506994931,-0.17527591519253374,0.8622336541837652,0.3602150537634409,186,-0.08448584559466121,,93.0,3,False,False,
vwap_bounce,186,-2.4,8,180,5.0,-1.8,-1.3254194927136695,-0.2069798166603298,-0.4648944317097738,0.7640779161796613,0.25902668759811615,637,-0.3828177429032237,-2.394121534846666,-0.5385015700666543,-0.39835458737422585,0.5653306827762563,0.21359223300970873,618,-0.3708344486061753,,309.0,2,False,False,
vwap_bounce,187,-1.2000000000000002,8,270,2.5,-0.8999999999999999,-1.1014804932395137,-1.267473234668504,-0.8975638520877169,0.5458250497634871,0.2307535225648356,4897,-0.8953359570650338,-1.3227619977226446,-1.8931597562148819,-0.7559279112968753,0.36679419109784744,0.19986653319986653,2997,-0.7557018629468004,,1498.5,2,False,False,
vwap_bounce,188,-0.6000000000000001,3,240,2.5,-2.4,-1.4006562316961475,-0.4551435786111249,-0.4800633729786788,0.7780285896036496,0.4928856004553216,3514,-0.4301688330689767,-2.1669879805548686,-0.905591250115234,-0.45126404935875164,0.5762964320169219,0.42833607907743,1821,-0.4371496502330492,,910.5,3,False,False,
vwap_bounce,189,-2.7,5,240,3.5,-1.8,-1.3461142672743516,-0.25377969126213645,-0.502281182019928,0.7208561627668029,0.3362369337979094,574,-0.43344271278683577,-2.2521514435160195,-0.5882866293339951,-0.4265863663159419,0.5473109555046588,0.27958579881656803,676,-0.3862641845075756,,338.0,2,False,False,
vwap_bounce,190,-3.0,5,180,4.5,-2.4,-1.1670968515558864,-0.10186053795332041,-0.3287301644505438,0.8455040698643571,0.345565749235474,327,-0.21643297334423584,-2.8198554959544255,-0.36008707460203676,-0.30682405191536405,0.6461331208888256,0.27671232876712326,365,-0.2607982102298839,,182.5,2,False,False,
vwap_bounce,191,-0.8999999999999999,9,270,3.5,-1.5,-1.3250877571466655,-0.5582521867243992,-0.5871031600446781,0.7299716518057519,0.3058029689608637,3705,-0.531597808148277,-1.8196142734324052,-1.0732552012864378,-0.5462457449293445,0.5158121171500732,0.2537735849056604,2120,-0.5371590154901149,,1060.0,2,False,False,
vwap_bounce,192,-0.6000000000000001,9,240,4.5,-1.5,-1.371656992188743,-0.4011498087385949,-0.46974052347531864,0.7938007485023794,0.27045881405956534,3727,-0.4060547078659922,-1.873124812986642,-1.0663822175556659,-0.5294298997888879,0.49767458036337403,0.20909540286702916,2023,-0.5143732728735309,,1011.5,2,False,False,
vwap_bounce,193,-2.1,4,330,4.0,-2.1,-1.201504651797504,-0.11706073083117438,-0.342524098744746,0.9011812135482142,0.37410071942446044,1251,-0.2345037747438502,-2.447960600045986,-0.481504200295723,-0.3870500166257663,0.6723035779578665,0.310838445807771,978,-0.35874743795170083,,489.0,2,False,False,
vwap_bounce,194,-1.2000000000000002,1,210,4.5,-1.2000000000000002,-1.2887553788198454,-0.6482309190159647,-0.6799444152070039,0.6678049453233488,0.2117610259618392,3197,-0.6511690996262232,-1.6502934887971943,-1.2553346854401732,-0.60459882778209,0.466352501945663,0.17262512768130744,1958,-0.6016425257096774,,979.0,2,False,False,
vwap_bounce,195,-1.2000000000000002,3,270,1.0,-2.4,-1.2256971451963652,-0.8305610188059609,-0.7677647360632884,0.5687255009939394,0.6465912564964843,3271,-0.759910126568795,-1.7484326166045052,-1.1667405671860809,-0.569802987586005,0.4672546321649882,0.5982905982905983,1989,-0.5695059375304008,,994.5,3,False,False,
vwap_bounce,196,-0.6000000000000001,10,210,1.5,-0.8999999999999999,-1.0533272579081576,-2.1033086920242847,-0.9465072846754223,0.43446701809786614,0.31351639562783257,7502,-0.9463136219506008,-1.183378792998284,-2.73927959067713,-0.8450343544223679,0.2762632916979346,0.2631184407796102,4002,-0.8450343544223679,,2001.0,2,False,False,
vwap_bounce,197,-2.7,9,270,1.0,-2.4,-1.3326578238407847,-0.4373112567716027,-0.6188522895488114,0.5397487751952412,0.6468085106382979,705,-0.5842165617753962,-2.2902169213230423,-0.7666458425708851,-0.4254327009716187,0.4830671256825639,0.5835266821345708,862,-0.4243699859809875,,431.0,3,False,False,
vwap_bounce,198,-1.2000000000000002,3,90,4.5,-1.8,-1.251964019412148,-0.24079829680380546,-0.44607922530942856,0.8250988904163287,0.3128460686600221,1806,-0.3376787751925324,-2.429557501583563,-0.6682947160726321,-0.390944549045711,0.6046200136279876,0.2571103526734926,879,-0.36313802146636687,,439.5,2,False,False,
vwap_bounce,199,-1.5,10,240,1.5,-1.5,-1.1632201415490002,-0.9694224119977323,-0.8352967528805191,0.5178125833205707,0.4292663153627888,2467,-0.8339421906972359,-1.570095326236101,-1.4334075755796973,-0.6361232617324176,0.4035879342493682,0.40182403433476394,1864,-0.6361232617324176,,932.0,3,False,False,
